code,name,commodity,metal,qty_lbs,jan_price,price_source,factor,adjusted,eoy_price,jan_value,eoy_value
CUBB001,BARE BRIGHT COPPER,COPPER TIER 1,COPPER,66905.0,5.3946,Jan sale,0.9573,True,5.1644,360926.5,345524.18
SHIRST,SHEET IRON,STEEL,STEEL,2131476.0,0.1234,Jan sale,0.9901,True,0.1222,263111.87,260466.37
CU00001,#1 COPPER,COPPER TIER 1,COPPER,28461.0,5.2249,Jan sale,0.9573,True,5.0019,148705.72,142359.08
CUIN188,#1 ICW 88%,COPPER TIER 2,COPPER,33006.0,4.4676,Jan sale,0.9573,True,4.2769,147458.43,141163.36
ICW80,#1 ICW 80%,COPPER TIER 2,COPPER,25640.0,4.1513,Jan sale,0.9573,True,3.9741,106439.6,101895.92
INDHVYM,HEAVY MELT,STEEL,STEEL,570309.0,0.1449,Jan sale,0.9901,True,0.1435,82642.52,81839.34
FEAUCST,AUTO CAST,STEEL,STEEL,384375.0,0.192,Jan sale,0.9901,True,0.1901,73786.27,73069.69
CU00002,#2 COPPER,COPPER TIER 1,COPPER,14794.0,5.0912,Jan sale,0.9573,True,4.8739,75319.26,72104.48
NISS316,316 STAINLESS STEEL SOLIDS,STAINLESS STEEL TIER 1,STAINLESS STEEL,55999.0,1.1219,YTD sale,1.0,False,1.1219,62825.54,62825.28
CLSHST,CLEAN SHEET,STEEL,STEEL,448582.0,0.1349,Jan sale,0.9901,True,0.1335,60505.71,59885.7
AL06063,6063 BARE ALUMINUM EXTRUSION,ALUMINUM,ALUMINUM,35999.0,1.6729,Jan sale,0.9496,True,1.5887,60223.1,57191.61
ALCURAD,AL/CU RADIATORS - CLEAN,ALUMINUM,ALUMINUM,19865.0,2.979,YTD sale,0.9496,True,2.8289,59177.03,56196.1
BRYELLO,YELLOW BRASS SOLIDS,BRASS TIER 1,BRASS,16871.0,3.1104,Jan sale,0.9573,True,2.9776,52474.97,50235.09
COMWIRECU,COMMUNICATION WIRE,COPPER TIER 2,COPPER,21676.0,2.2385,Jan sale,0.9573,True,2.1429,48521.21,46449.5
Indbush,BUSHELING,STEEL,STEEL,293359.0,0.1582,Jan sale,0.9901,True,0.1566,46409.55,45940.02
INDP&S,PLATE & STRUCTUAL,STEEL,STEEL,286831.0,0.1509,Jan sale,0.9901,True,0.1494,43289.26,42852.55
UNPHMS,HEAVY MELT - UNPREPARED,STEEL,STEEL,275311.0,0.134,YTD sale,0.9901,True,0.1327,36892.56,36533.77
ALPAINT,ALUMINUM PAINTED SIDING,ALUMINUM,ALUMINUM,33562.0,1.0871,YTD sale,0.9496,True,1.0324,36485.71,34649.41
TNPDCWR,TIN PLTD COPPER WIRE,COPPER TIER 1,COPPER,6309.0,5.14,Jan sale,0.9573,True,4.9206,32428.26,31044.07
ALWHEEL,ALUMINUM RIMS,ALUMINUM,ALUMINUM,21385.0,1.3733,YTD sale,0.9496,True,1.3041,29367.63,27888.18
NISS300,304 STAINLESS SOLIDS,STAINLESS STEEL TIER 1,STAINLESS STEEL,40913.0,0.6284,YTD sale,1.0,False,0.6284,25710.87,25709.73
CUIN160,#1 ICW 60%,COPPER TIER 2,COPPER,7540.0,3.2721,YTD sale,0.9573,True,3.1325,24671.98,23619.05
AL6061TURNS,6061 TURNINGS,ALUMINUM,ALUMINUM,23943.0,1.0225,YTD sale,0.9496,True,0.971,24481.83,23248.65
ALUTURN,ALUMINIUM TURNS,ALUMINUM,ALUMINUM,24449.0,0.9968,YTD sale,0.9496,True,0.9466,24369.54,23143.42
UNPREP,UNPREPARED P&S ,STEEL,STEEL,153656.0,0.1432,Jan sale,0.9901,True,0.1418,21999.29,21788.42
CUMOTOR,ELECTRIC MOTORS,COPPER TIER 3,COPPER,35166.0,0.62,Jan sale,0.9573,True,0.5935,21802.92,20871.02
LEAUTOB,AUTO BATTERIES,LEAD,LEAD,67131.0,0.3,Jan sale,1.0,False,0.3,20139.3,20139.3
AL06310,6063 PAINTED EXTRUSION,ALUMINUM,ALUMINUM,13007.0,1.5969,YTD sale,0.9496,True,1.5165,20771.4,19725.12
FETURN,ZZ DO NOT USE STEEL TURNINGS,STEEL,STEEL,162471.0,0.1183,Jan sale,0.9901,True,0.1171,19220.9,19025.35
BRREDSD,RED BRASS SOLIDS,BRASS TIER 1,BRASS,4810.0,4.0637,YTD sale,0.9573,True,3.8903,19546.56,18712.34
ALSHEET,ALUMINUM OLD SHEET,ALUMINUM,ALUMINUM,26791.0,0.72,Jan sale,0.9496,True,0.6837,19289.52,18317.01
ALUMDROSS,ALUM DROSS,ALUMINUM,ALUMINUM,31502.0,0.6,YTD sale,0.9496,True,0.5698,18901.2,17949.84
SEMREBR,SEMI RED BRASS,BRASS TIER 1,BRASS,4149.0,4.3192,YTD sale,0.9573,True,4.1349,17920.38,17155.7
RMXWIR,ROMEX WIRE,COPPER TIER 2,COPPER,4326.0,3.9833,YTD sale,0.9573,True,3.8133,17231.94,16496.34
ALMTRNG,ZZ DO NOT USE - ALUMINUM TURNINGS,ALUMINUM,ALUMINUM,21645.0,0.7887,Jan sale,0.9496,True,0.7489,17070.52,16209.94
CUIN245,#2 ICW 45%,COPPER TIER 2,COPPER,7041.0,2.29,Jan sale,0.9573,True,2.1923,16123.89,15435.98
NICARBD,CARBIDE,STAINLESS STEEL TIER 2,STAINLESS STEEL,648.0,22.5,Jan sale,1.0,False,22.5,14580.0,14580.0
UNHMS,ZZ DO NOT USE - UNPREPARED HMS (uhms),STEEL,STEEL,107606.0,0.1349,Jan sale,0.9901,True,0.1336,14518.27,14376.16
CUSEALD,SEALED UNITS,COPPER TIER 3,COPPER,32902.0,0.417,Jan sale,0.9573,True,0.3992,13719.89,13134.48
PRCATAL,CATALYTIC CONVERTOR,OTHER,OTHER,650.0,20.0,YTD sale,1.0,False,20.0,13000.0,13000.0
AL06061,6061 ALUMINUM - SPC,ALUMINUM,ALUMINUM,10858.0,1.114,Jan sale,0.9496,True,1.0579,12096.31,11486.68
TURNSTEEL,STEEL TURNING,STEEL,STEEL,89638.0,0.1237,YTD sale,0.9901,True,0.1225,11091.17,10980.66
UPFECHMO,UNPREPARED FE/CHROME/MOLY,STAINLESS STEEL TIER 2,STAINLESS STEEL,61000.0,0.18,YTD sale,1.0,False,0.18,10980.0,10980.0
NIMIXD,STAINLESS STEEL - FE,STAINLESS STEEL TIER 1,STAINLESS STEEL,23632.0,0.4413,YTD sale,1.0,False,0.4413,10428.71,10428.8
ALLITHO,ALUMINUM LITHO,ALUMINUM,ALUMINUM,5994.0,1.68,Jan sale,0.9496,True,1.5954,10069.92,9562.83
ALTRSTK,ALUMINUM TRAILER STOCK,ALUMINUM,ALUMINUM,8159.0,1.0336,YTD sale,0.9496,True,0.9815,8432.8,8008.06
AL063FE,IRONY EXTRUSIONS,ALUMINUM,ALUMINUM,7853.0,1.0623,YTD sale,0.9496,True,1.0088,8341.91,7922.11
ALEXTRU,6061 ALUMINUM EXTRUSIONS,ALUMINUM,ALUMINUM,5546.0,1.4119,YTD sale,0.9496,True,1.3408,7830.33,7436.08
AL05052,5052 ALUMINUM,ALUMINUM,ALUMINUM,6302.0,1.2088,Jan sale,0.9496,True,1.148,7618.01,7234.7
ROMWIRE,ZZ DO NOT USE - ROMEX,COPPER TIER 2,COPPER,2305.0,3.2,Jan sale,0.9573,True,3.0634,7376.0,7061.14
FE0DEAT,AUTO BODY - COMPLETE,STEEL,STEEL,73960.0,0.0911,YTD purchase,0.9901,True,0.0902,6737.66,6671.19
EDMW,EDM WIRE ,BRASS TIER 1,BRASS,2191.0,3.14,Jan sale,0.9573,True,3.006,6879.74,6586.15
ALMDROSS,ZZ DO NOT USE - ALUMINUM DROSS,ALUMINUM,ALUMINUM,15121.0,0.45,Jan sale,0.9496,True,0.4273,6804.45,6461.2
CUBSBR,CU BUSS BAR,COPPER TIER 1,COPPER,1175.0,5.6318,YTD sale,0.9573,True,5.3914,6617.31,6334.9
ALBRZ,ALUMINUM/BRONZE,ALUMINUM,ALUMINUM,1743.0,3.68,YTD sale,0.9496,True,3.4947,6414.24,6091.26
ALUBREAK,ALUMINUM BREAK,ALUMINUM,ALUMINUM,45678.0,0.1382,YTD sale,0.9496,True,0.1313,6313.48,5997.52
380PTDNC,380 PTD NEW CAST,ALUMINUM,ALUMINUM,6156.0,0.997,YTD sale,0.9496,True,0.9468,6137.37,5828.5
AL0RADS,ALUMINUM RADIATORS - CLEAN,ALUMINUM,ALUMINUM,6363.0,0.9617,YTD sale,0.9496,True,0.9133,6119.22,5811.33
SVPBB,SILVER PLTD BUSS BAR,COPPER TIER 1,COPPER,2221.0,2.7035,YTD sale,0.9573,True,2.5881,6004.46,5748.17
CU00003,#3 COPPER,COPPER TIER 1,COPPER,1101.0,5.17,YTD sale,0.9573,True,4.9493,5692.17,5449.18
CCAL,CLEAN CAST ALUMINUM,ALUMINUM,ALUMINUM,7773.0,0.7227,YTD sale,0.9496,True,0.6863,5617.17,5334.61
CUIN265,#2 ICW 65%,COPPER TIER 2,COPPER,1924.0,2.88,Jan sale,0.9573,True,2.7571,5541.12,5304.66
BREDMC,EDM CHOPS,BRASS TIER 2,BRASS,1640.0,3.3,YTD sale,0.9573,True,3.1592,5412.0,5181.09
AL0BECW,ZZ DO NOT USE - AL BARE EC WIRE,ALUMINUM,ALUMINUM,2780.0,1.936,YTD sale,0.9496,True,1.8385,5382.0,5111.03
316SSO,316 STAINLESS STEEL OVERSIZED,STAINLESS STEEL TIER 1,STAINLESS STEEL,6900.0,0.68,avg cost,1.0,False,0.68,4692.0,4692.0
AL00UBC,ALUMINUM CANS,ALUMINUM,ALUMINUM,6144.0,0.7967,YTD sale,0.9496,True,0.7566,4895.02,4648.55
CUIN235,#2 ICW 35%,COPPER TIER 2,COPPER,3392.0,1.28,Jan sale,0.9573,True,1.2254,4341.76,4156.56
CU TRANS,COPPER TRANSFORMERS,COPPER TIER 3,COPPER,4493.0,0.9318,YTD sale,0.9573,True,0.8921,4186.71,4008.21
TCUBSBR,TIN PLATED BUSBAR,COPPER TIER 1,COPPER,737.0,5.3619,YTD sale,0.9573,True,5.1331,3951.75,3783.09
ALCURAEND,ACR AL/CU RADIATOR ENDS,ALUMINUM,ALUMINUM,2809.0,1.3752,YTD sale,0.9496,True,1.3059,3862.86,3668.27
CUIN190,#1 ICW 90%,COPPER TIER 2,COPPER,1085.0,3.43,avg cost,0.9573,True,3.2836,3721.55,3562.71
NI174BO,17-4 STAINLESS STEEL TURNINGS,STAINLESS STEEL TIER 1,STAINLESS STEEL,31048.0,0.11,Jan sale,1.0,False,0.11,3415.28,3415.28
ALBRKG,ZZ DO NOT USE ALUMINUM BREAKAGE,ALUMINUM,ALUMINUM,11012.0,0.3243,Jan sale,0.9496,True,0.308,3571.06,3391.7
409SS,409 STAINLESS,STAINLESS STEEL TIER 1,STAINLESS STEEL,6707.0,0.5,YTD sale,1.0,False,0.5,3353.5,3353.5
7030BR,70/30 Brass Shells,BRASS TIER 2,BRASS,1074.0,3.0739,YTD sale,0.9573,True,2.9427,3301.4,3160.46
ICWHARWIR,ICW HARNESS WIRE,COPPER TIER 2,COPPER,1440.0,2.29,YTD sale,0.9573,True,2.1923,3297.6,3156.91
CASTAL356,AL CAST - 356,ALUMINUM,ALUMINUM,2761.0,1.1795,YTD sale,0.9496,True,1.1201,3256.69,3092.6
 ALBZTS1,ALUMINUM BRONZE TURNINGS,ALUMINUM,ALUMINUM,974.0,3.18,YTD sale,0.9496,True,3.0199,3097.32,2941.38
OXEDMWR,OXIDIZED EDM WIRE,BRASS TIER 1,BRASS,976.0,3.1116,YTD sale,0.9573,True,2.9788,3036.94,2907.31
OCAL5,OLD CAST AL 5% FE,ALUMINUM,ALUMINUM,4072.0,0.75,YTD sale,0.9496,True,0.7122,3054.0,2900.08
LEFECAS,STEEL CASED BATTERIES,LEAD,LEAD,10660.0,0.27,Jan sale,1.0,False,0.27,2878.2,2878.2
ALTHERMEX,ALUMINUM THERMAL EXT,ALUMINUM,ALUMINUM,3584.0,0.82,Jan sale,0.9496,True,0.7787,2938.88,2790.86
CUALTER,ALTERNATORS,COPPER TIER 3,COPPER,2438.0,1.15,YTD sale,0.9573,True,1.1009,2803.7,2683.99
CUMOD,ELECTRIC MOTORS - FE,COPPER TIER 3,COPPER,5934.0,0.47,Jan sale,0.9573,True,0.4499,2788.98,2669.71
CUELMOL,ELECTRIC MOTORS - LARGE,COPPER TIER 3,COPPER,5373.0,0.51,Jan sale,0.9573,True,0.4882,2740.23,2623.1
CUIN280,#2 ICW 80%,COPPER TIER 2,COPPER,720.0,3.79,YTD sale,0.9573,True,3.6282,2728.8,2612.3
380NCAL,380 BARE NEW CAST ALUMINUM,ALUMINUM,ALUMINUM,2620.0,0.9754,YTD sale,0.9496,True,0.9262,2555.44,2426.64
ALUMBRECWR,ALUM BARE EC WIRE,ALUMINUM,ALUMINUM,1038.0,2.2,YTD sale,0.9496,True,2.0892,2283.6,2168.59
CU0003MICA,#3 Cu MICA 98%,COPPER TIER 1,COPPER,418.0,5.17,YTD sale,0.9573,True,4.9493,2161.06,2068.81
ALWHLCR,CHROME RIMS,ALUMINUM,ALUMINUM,2403.0,0.89,YTD sale,0.9496,True,0.8452,2138.67,2031.02
NITOOLS,TOOL STEEL,STAINLESS STEEL TIER 2,STAINLESS STEEL,100.0,20.0,YTD sale,1.0,False,20.0,2000.0,2000.0
ALCURFE,AL/CU RADIATORS - FE,ALUMINUM,ALUMINUM,1828.0,1.1496,YTD purchase,0.9496,True,1.0917,2101.44,1995.63
OPNEYHLXCU,ZZ DO NOT USE HELIAX,COPPER TIER 2,COPPER,780.0,2.57,YTD sale,0.9573,True,2.4603,2004.6,1919.03
ACUT,FULL A/C UNIT,STEEL,STEEL,12877.0,0.15,YTD purchase,0.9901,True,0.1485,1931.55,1912.23
MO2RE2,MO2-RE2,STAINLESS STEEL TIER 2,STAINLESS STEEL,884.0,2.12,avg cost,1.0,False,2.12,1874.08,1874.08
319ALFLASHING,319 AL FLASHINGS ,ALUMINUM,ALUMINUM,2670.0,0.7235,YTD sale,0.9496,True,0.687,1931.67,1834.29
ALTRANSF,ALUM TRANSFORMERS,ALUMINUM,ALUMINUM,9081.0,0.21,Jan sale,0.9496,True,0.1994,1907.01,1810.75
CUSTART,STARTERS,COPPER TIER 3,COPPER,2123.0,0.8687,YTD sale,0.9573,True,0.8317,1844.32,1765.7
6061PTDSPCAL,6061 PAINTED SPC,ALUMINUM,ALUMINUM,1398.0,1.2687,YTD sale,0.9496,True,1.2048,1773.63,1684.31
SOFLEA,SOFT LEAD,LEAD,LEAD,2103.0,0.7808,YTD sale,1.0,False,0.7808,1642.13,1642.02
ALMFLASH,ZZZ DO NOT USE - ALUMINUM FLASHINGS - 319,ALUMINUM,ALUMINUM,2880.0,0.56,Jan sale,0.9496,True,0.5318,1612.8,1531.58
CUBALST,BALLAST,COPPER TIER 3,COPPER,4061.0,0.39,Jan sale,0.9573,True,0.3734,1583.79,1516.38
IrYwBr,Irony Yellow Brass,BRASS TIER 1,BRASS,1080.0,1.35,avg cost,0.9573,True,1.2924,1458.0,1395.79
CRNIBR7030,CHROME/NICKEL PLATED BRASS SHELLS,BRASS TIER 2,BRASS,420.0,3.45,YTD sale,0.9573,True,3.3028,1449.0,1387.18
NI316BO,316 STAINLESS STEEL TURNINGS,STAINLESS STEEL TIER 1,STAINLESS STEEL,1418.0,0.951,YTD sale,1.0,False,0.951,1348.52,1348.52
ACPUM,AC PUMPS,OTHER,OTHER,2013.0,0.6424,YTD sale,1.0,False,0.6424,1293.17,1293.15
AL3003,3003 AL SOLIDS,ALUMINUM,ALUMINUM,783.0,1.73,YTD sale,0.9496,True,1.6429,1354.59,1286.39
AUCORESTEEL,AUTO BODY - CORE ,STEEL,STEEL,11370.0,0.11,avg cost,0.9901,True,0.1089,1250.7,1238.19
InsECW,INSULATED EC WIRE,ALUMINUM,ALUMINUM,1077.0,1.2,YTD sale,0.9496,True,1.1396,1292.4,1227.35
5086,AL 5086,ALUMINUM,ALUMINUM,1092.0,1.15,YTD sale,0.9496,True,1.0921,1255.8,1192.57
Al01100,1100 SERIES,ALUMINUM,ALUMINUM,687.0,1.8199,YTD sale,0.9496,True,1.7282,1250.25,1187.27
STCSCOTRA,STEEL CASED COPPER TRANSFORMERS,COPPER TIER 3,COPPER,3330.0,0.35,Jan sale,0.9573,True,0.3351,1165.5,1115.88
LDFNE,ZZ DO NOT USE - LEAD FINES (pb),LEAD,LEAD,22121.0,0.05,YTD sale,1.0,False,0.05,1106.05,1106.05
STMTRBLK,STEEL MOTOR BLOCKS,STEEL,STEEL,8869.0,0.1214,YTD purchase,0.9901,True,0.1202,1076.59,1066.05
6061ALR,6061 AL RIMS,ALUMINUM,ALUMINUM,2147.0,0.475,avg cost,0.9496,True,0.4511,1019.82,968.51
6022ALUM,6022 ALUMINUM,ALUMINUM,ALUMINUM,625.0,1.4,YTD sale,0.9496,True,1.3295,875.0,830.94
AL07075,7075 ALUMINUM,ALUMINUM,ALUMINUM,1346.0,0.58,avg cost,0.9496,True,0.5508,780.68,741.38
ALMOTOR,ALUMINUM MOTOR BLOCKS WHOLE,ALUMINUM,ALUMINUM,5977.0,0.13,YTD purchase,0.9496,True,0.1235,777.01,738.16
201,201 STAINLESS CLIP,STAINLESS STEEL TIER 2,STAINLESS STEEL,2327.0,0.3089,YTD sale,1.0,False,0.3089,718.8,718.81
COPARM,COPPER ARMATURES,COPPER TIER 3,COPPER,1029.0,0.7,YTD sale,0.9573,True,0.6701,720.3,689.53
MIXSS,MIXED STAINLESS STEEL,STAINLESS STEEL TIER 2,STAINLESS STEEL,1935.0,0.3544,YTD sale,1.0,False,0.3544,685.71,685.76
TRWLS,6061 TRUCK WHEELS,ALUMINUM,ALUMINUM,599.0,1.2,YTD sale,0.9496,True,1.1396,718.8,682.62
STLCOL,STEEL COIL,STEEL,STEEL,11489.0,0.06,avg cost,0.9901,True,0.0594,689.34,682.45
BRAUTOR,BRASS AUTO RADIATORS - CLEAN,BRASS TIER 2,BRASS,436.0,1.59,YTD purchase,0.9573,True,1.5221,693.24,663.64
AL5052SHPOLY,5052 ALUMINUM SHEET W/POLY,ALUMINUM,ALUMINUM,595.0,1.0818,YTD sale,0.9496,True,1.0273,643.66,611.24
CUIN220,#2 ICW 20% - CHRISTMAS LIGHTS,COPPER TIER 2,COPPER,894.0,0.7,YTD sale,0.9573,True,0.6701,625.8,599.07
ALBXCBL,AL BX CABLE,COPPER TIER 2,COPPER,463.0,1.25,YTD purchase,0.9573,True,1.1967,578.75,554.07
DRKBS,Door Knobs,BRASS TIER 2,BRASS,705.0,0.8,YTD sale,0.9573,True,0.7659,564.0,539.96
TARBSWR,TAR BASED WIRE,COPPER TIER 2,COPPER,334.0,1.57,avg cost,0.9573,True,1.503,524.38,502.0
ZNDICST,ZINC DIE CAST,ZINC,ZINC,984.0,0.51,avg cost,1.0,False,0.51,501.84,501.84
CUIN185,#1 ICW 85%,COPPER TIER 2,COPPER,156.0,3.35,avg cost,0.9573,True,3.207,522.6,500.29
BARRELS,BARRELS,OTHER,OTHER,10000.0,0.05,avg cost,1.0,False,0.05,500.0,500.0
CUMOTORDC,DC MOTORS,COPPER TIER 3,COPPER,807.0,0.6,YTD sale,0.9573,True,0.5744,484.2,463.54
ALUMLC,ALUMINUM MLC,ALUMINUM,ALUMINUM,417.0,1.1437,YTD sale,0.9496,True,1.0862,476.94,452.95
AL0RDFE,ALUMINUM RADIATORS - FE,ALUMINUM,ALUMINUM,2841.0,0.15,YTD purchase,0.9496,True,0.1424,426.15,404.56
BrCuSds,Beryllium Copper Solids,COPPER TIER 1,COPPER,81.0,5.2,YTD sale,0.9573,True,4.9781,421.2,403.23
REBAR,REBAR,STEEL,STEEL,9662.0,0.04,avg cost,0.9901,True,0.0396,386.48,382.62
174SOLIDS,17-4 SOLIDS,STAINLESS STEEL TIER 1,STAINLESS STEEL,1888.0,0.19,Jan sale,1.0,False,0.19,358.72,358.72
BR0PHOS,PHOS BRONZE SOLIDS,BRASS TIER 2,BRASS,168.0,2.115,avg cost,0.9573,True,2.0247,355.32,340.15
NI300BO,304 STAINLESS STEEL TURNINGS,STAINLESS STEEL TIER 1,STAINLESS STEEL,2099.0,0.15,Jan sale,1.0,False,0.15,314.85,314.85
CATR,Cast Aluminum - Transmissions,ALUMINUM,ALUMINUM,1080.0,0.3,YTD purchase,0.9496,True,0.2849,324.0,307.69
304SSOS,304 STAINLESS OVERSIZED,STAINLESS STEEL TIER 1,STAINLESS STEEL,1358.0,0.2,YTD purchase,1.0,False,0.2,271.6,271.6
CB2,CARDBOARD,ZWASTE,ZWASTE,10538.0,0.0246,Jan sale,1.0,False,0.0246,258.75,259.23
NIINCON,INCONEL,STAINLESS STEEL TIER 2,STAINLESS STEEL,151.0,1.7,avg cost,1.0,False,1.7,256.7,256.7
BRHVBRK,BRASS BREAKAGE,BRASS TIER 2,BRASS,146.0,1.78,Jan sale,0.9573,True,1.704,259.88,248.78
MIXBR,MIXED BRASS,BRASS TIER 2,BRASS,172.0,1.45,YTD sale,0.9573,True,1.3881,249.4,238.75
BRAUTOF,BRASS AUTO RADIATORS - FE,BRASS TIER 2,BRASS,259.0,0.955,avg cost,0.9573,True,0.9142,247.35,236.78
6063PIAL,6063 PIPE,ALUMINUM,ALUMINUM,249.0,1.0,avg cost,0.9496,True,0.9496,249.0,236.45
360 brass turnings,360 BRASS TURNINGS,BRASS TIER 2,BRASS,81.0,3.04,YTD sale,0.9573,True,2.9102,246.24,235.73
DRTYBRSTRN,DIRTY BRASS TURNINGS,BRASS TIER 2,BRASS,161.0,1.5,avg cost,0.9573,True,1.436,241.5,231.2
BOTTAL,FURNACE BOTTOMS - ALUMINUM,ALUMINUM,ALUMINUM,1520.0,0.1364,YTD purchase,0.9496,True,0.1295,207.28,196.84
DRTYBRS,DIRTY BRASS,BRASS TIER 1,BRASS,401.0,0.4822,YTD purchase,0.9573,True,0.4616,193.37,185.1
BRCU,BRASS/COPPER MIX,COPPER TIER 1,COPPER,462.0,0.4113,YTD sale,0.9573,True,0.3937,190.01,181.89
STBXW,STEEL BX WIRE (fe),STEEL,STEEL,657.0,0.27,avg cost,0.9901,True,0.2673,177.39,175.62
NI15-5,15-5 STAINLESS STEEL TURNINGS,STAINLESS STEEL TIER 2,STAINLESS STEEL,8603.0,0.02,avg cost,1.0,False,0.02,172.06,172.06
BRINDBT,YELLOW BRASS TURNINGS,BRASS TIER 1,BRASS,97.0,1.8226,YTD purchase,0.9573,True,1.7448,176.79,169.25
ALUARM,ALUM ARMATURE,ALUMINUM,ALUMINUM,2009.0,0.08,Jan sale,0.9496,True,0.076,160.72,152.68
AL0ACSR,ACSR WIRE,ALUMINUM,ALUMINUM,630.0,0.25,YTD purchase,0.9496,True,0.2374,157.5,149.56
BRNZTRN,BRONZE TURNINGS,BRASS TIER 2,BRASS,101.0,1.5,YTD purchase,0.9573,True,1.436,151.5,145.04
MGNSMTRNS,MAGNESIUM TURNINGS,OTHER,OTHER,13870.0,0.01,YTD purchase,1.0,False,0.01,138.7,138.7
TTSS,TITANIUM TURNINGS,STAINLESS STEEL TIER 2,STAINLESS STEEL,658.0,0.2,avg cost,1.0,False,0.2,131.6,131.6
BR360BO,RED BRASS TURNINGS,BRASS TIER 1,BRASS,40.0,2.8,avg cost,0.9573,True,2.6805,112.0,107.22
ZI00001,ZINC SOLIDS,ZINC,ZINC,409.0,0.25,YTD purchase,1.0,False,0.25,102.25,102.25
OVSZMAC,OVERSIZED MACHINERY,STEEL,STEEL,3240.0,0.0292,YTD purchase,0.9901,True,0.0289,94.5,93.64
FENST,FENCING,STEEL,STEEL,5140.0,0.0179,YTD purchase,0.9901,True,0.0177,91.79,90.98
1010ALEXT,1010 BARE EXTRUSION,ALUMINUM,ALUMINUM,144.0,0.65,YTD purchase,0.9496,True,0.6173,93.6,88.89
BRFAUC,LOW GRADE FAUCET BRASS,BRASS TIER 1,BRASS,164.0,0.5563,YTD purchase,0.9573,True,0.5325,91.23,87.33
CUFUS,COPPER FUSES,COPPER TIER 3,COPPER,44.0,1.925,avg cost,0.9573,True,1.8428,84.7,81.08
LEWHEEL,WHEEL WEIGHTS,LEAD,LEAD,3758.0,0.02,YTD purchase,1.0,False,0.02,75.16,75.16
410SSTRN,410 SS TURNINGS,STAINLESS STEEL TIER 2,STAINLESS STEEL,466.0,0.16,YTD sale,1.0,False,0.16,74.56,74.56
PTD5052,PTD 5052 ALUMINUM,ALUMINUM,ALUMINUM,46.0,1.65,YTD sale,0.9496,True,1.5669,75.9,72.08
AL02024,2000 SERIES ALUMINUM,ALUMINUM,ALUMINUM,329.0,0.2,avg cost,0.9496,True,0.1899,65.8,62.48
LESTRIP,CLEAN LEAD,LEAD,LEAD,231.0,0.25,YTD purchase,1.0,False,0.25,57.75,57.75
INCU T,COPPER TURNINGS,COPPER TIER 1,COPPER,19.0,3.1,YTD purchase,0.9573,True,2.9677,58.9,56.39
LDPPE,LEAD PIPE,LEAD,LEAD,594.0,0.09,avg cost,1.0,False,0.09,53.46,53.46
LERANGE,RANGE LEAD,LEAD,LEAD,113.0,0.47,avg cost,1.0,False,0.47,53.11,53.11
Pwtr,Pewter,BRASS TIER 2,BRASS,17.0,3.18,avg cost,0.9573,True,3.0443,54.06,51.75
STWR,STEEL WIRE,STEEL,STEEL,440.0,0.1009,Jan sale,0.9901,True,0.0999,44.39,43.96
NI00001,NICKEL,STAINLESS STEEL TIER 2,STAINLESS STEEL,41.0,1.0,avg cost,1.0,False,1.0,41.0,41.0
FE0AUTO,AUTO BODY - INCOMPLETE,STEEL,STEEL,440.0,0.09,avg cost,0.9901,True,0.0891,39.6,39.2
ALNCST,ALUMINUM NEW CAST,ALUMINUM,ALUMINUM,87.0,0.3,YTD purchase,0.9496,True,0.2849,26.1,24.79
CUALTRAN,COPPER/ALUMINUM TRANSFORMERS,COPPER TIER 3,COPPER,417.0,0.06,YTD purchase,0.9573,True,0.0574,25.02,23.94
BRSHEL,YELLOW BRASS SHELLS,BRASS TIER 1,BRASS,15.0,1.53,avg cost,0.9573,True,1.4647,22.95,21.97
ZNTURN,ZINC TURNINGS,ZINC,ZINC,146.0,0.15,avg cost,1.0,False,0.15,21.9,21.9
30ALP,3003 ALUMINUM WITH POLY,ALUMINUM,ALUMINUM,14.0,1.574,YTD sale,0.9496,True,1.4947,22.04,20.93
430SSP,430 STAINLESS STEEL PIPE,STAINLESS STEEL TIER 2,STAINLESS STEEL,83.0,0.25,avg cost,1.0,False,0.25,20.75,20.75
4140SOLS,4140 SOLIDS,STEEL,STEEL,251.0,0.0804,YTD purchase,0.9901,True,0.0796,20.17,19.98
SvPtCu,Silver Plated Copper,COPPER TIER 1,COPPER,10.0,2.0,avg cost,0.9573,True,1.9146,20.0,19.15
BRHEATR,HEATER CORES,BRASS TIER 2,BRASS,219.0,0.08,avg cost,0.9573,True,0.0766,17.52,16.78
DALRS,Dirty Aluminum Rims,ALUMINUM,ALUMINUM,9.0,1.2661,YTD sale,0.9496,True,1.2024,11.4,10.82
INCTR,INCONEL TURNINGS,STAINLESS STEEL TIER 2,STAINLESS STEEL,13.0,0.75,YTD purchase,1.0,False,0.75,9.75,9.75
PTD3003,3003 AL PAINTED,ALUMINUM,ALUMINUM,45.0,0.2,avg cost,0.9496,True,0.1899,9.0,8.55
PRELMTR,PREMIUM ELECTRIC MOTORS ,COPPER TIER 3,COPPER,143.0,0.06,avg cost,0.9573,True,0.0574,8.58,8.21
DPBr,Dirty Plumbers Brass,BRASS TIER 1,BRASS,17.0,0.5,avg cost,0.9573,True,0.4787,8.5,8.14
6063ALS,6063 AL SOLIDS,ALUMINUM,ALUMINUM,6.0,0.8,YTD purchase,0.9496,True,0.7597,4.8,4.56
CuSt,Cu/Steel Mix,COPPER TIER 3,COPPER,9.0,0.5,YTD purchase,0.9573,True,0.4787,4.5,4.31
CASAL,CAST AL,ALUMINUM,ALUMINUM,14.0,0.3,avg cost,0.9496,True,0.2849,4.2,3.99
ELPLUG,PLUG ENDS,OTHER,OTHER,41.0,0.04,avg cost,1.0,False,0.04,1.64,1.64
ALDCAST,ALUMINUM DIE-CAST,ALUMINUM,ALUMINUM,3.0,0.4,avg cost,0.9496,True,0.3799,1.2,1.14
STBXCAB,STEEL BX CABLE,STEEL,STEEL,9.0,0.08,avg cost,0.9901,True,0.0792,0.72,0.71
CuBkrs,Copper Breakers,COPPER TIER 3,COPPER,10.0,0.07,avg cost,0.9573,True,0.067,0.7,0.67
OLCAAL,OLD CAST AL,ALUMINUM,ALUMINUM,2.0,0.25,avg cost,0.9496,True,0.2374,0.5,0.47
2024ALCST,2024 AL CASTINGS,ALUMINUM,ALUMINUM,1.0,0.2,avg cost,0.9496,True,0.1899,0.2,0.19
ALFOIL,ALUMINUM FOIL,ALUMINUM,ALUMINUM,2.0,0.06,avg cost,0.9496,True,0.057,0.12,0.11
MA00001,MAGNESIUM,OTHER,OTHER,5.0,0.01,YTD purchase,1.0,False,0.01,0.05,0.05
WASTE,WASTE,ZWASTE,ZWASTE,15511.0,0.0,,1.0,False,0.0,0.0,0.0
2507SSS,2507 SS SOLIDS,STAINLESS STEEL TIER 1,STAINLESS STEEL,479.0,0.0,,1.0,False,0.0,0.0,0.0
