code,name,commodity,metal,ctype,benchmark,basis,ref_price_per_lb,price_now_per_lb,basis_source,n_trades,trade_lbs,flag
 ALBZTS1,ALUMINUM BRONZE TURNINGS,ALUMINUM,ALUMINUM,NON_FERROUS,ALI=F,2.2472,,3.6407,sale,1,974,basis>benchmark (review)
1010ALEXT,1010 BARE EXTRUSION,ALUMINUM,ALUMINUM,NON_FERROUS,ALI=F,0.7836,,1.2696,buy+margin,2,25,thin volume
2024ALCST,2024 AL CASTINGS,ALUMINUM,ALUMINUM,NON_FERROUS,ALI=F,0.749,,1.2134,tier-avg,0,0,no own trades (modeled)
3003PTD,ZZ DO NOT USE - 3003 ALUMINUM PAINTED  ,ALUMINUM,ALUMINUM,NON_FERROUS,ALI=F,0.749,,1.2134,tier-avg,0,0,no own trades (modeled)
30ALP,3003 ALUMINUM WITH POLY,ALUMINUM,ALUMINUM,NON_FERROUS,ALI=F,1.0356,,1.6779,sale,2,1676,
3105ALSOL,3105 AL SOLIDS,ALUMINUM,ALUMINUM,NON_FERROUS,ALI=F,0.749,,1.2134,tier-avg,0,0,no own trades (modeled)
319ALFLASHING,319 AL FLASHINGS ,ALUMINUM,ALUMINUM,NON_FERROUS,ALI=F,0.4528,,0.7335,sale,3,5015,
319CSTAL,319 CASTINGS,ALUMINUM,ALUMINUM,NON_FERROUS,ALI=F,0.749,,1.2134,tier-avg,0,0,no own trades (modeled)
356ALCAST,ZZ DO NOT USE - 356 ALUMINUM CASTINGS,ALUMINUM,ALUMINUM,NON_FERROUS,ALI=F,0.822,,1.3317,sale,1,816,
380ALTRN,380 ALUMINUM TURNINGS,ALUMINUM,ALUMINUM,NON_FERROUS,ALI=F,0.458,,0.742,sale,1,667,
380NCAL,380 BARE NEW CAST ALUMINUM,ALUMINUM,ALUMINUM,NON_FERROUS,ALI=F,0.6372,,1.0323,sale,6,23997,
380NCRUB,380 NEW CAST W/ 5% RUBBER ATTACHMENTS,ALUMINUM,ALUMINUM,NON_FERROUS,ALI=F,0.5381,,0.8717,sale,3,6355,
380PTDNC,380 PTD NEW CAST,ALUMINUM,ALUMINUM,NON_FERROUS,ALI=F,0.6442,,1.0437,sale,4,11382,
5086,AL 5086,ALUMINUM,ALUMINUM,NON_FERROUS,ALI=F,0.841,,1.3625,sale,1,1092,
6022ALUM,6022 ALUMINUM,ALUMINUM,ALUMINUM,NON_FERROUS,ALI=F,1.0275,,1.6646,sale,1,625,
6061ALR,6061 AL RIMS,ALUMINUM,ALUMINUM,NON_FERROUS,ALI=F,0.749,,1.2134,tier-avg,0,0,no own trades (modeled)
6061PTDSPCAL,6061 PAINTED SPC,ALUMINUM,ALUMINUM,NON_FERROUS,ALI=F,0.7784,,1.2611,sale,2,1914,
6063ALS,6063 AL SOLIDS,ALUMINUM,ALUMINUM,NON_FERROUS,ALI=F,1.0758,,1.743,buy+margin,1,436,
6063PIAL,6063 PIPE,ALUMINUM,ALUMINUM,NON_FERROUS,ALI=F,0.749,,1.2134,tier-avg,0,0,no own trades (modeled)
6105 turnings,6105 TURNINGS,ALUMINUM,ALUMINUM,NON_FERROUS,ALI=F,0.749,,1.2134,tier-avg,0,0,no own trades (modeled)
AL00UBC,ALUMINUM CANS,ALUMINUM,ALUMINUM,NON_FERROUS,ALI=F,0.5156,,0.8354,sale,3,3836,
AL02024,2000 SERIES ALUMINUM,ALUMINUM,ALUMINUM,NON_FERROUS,ALI=F,0.749,,1.2134,tier-avg,0,0,no own trades (modeled)
AL03003,ZZ DO NOT USE - 3003 ALUMINUM,ALUMINUM,ALUMINUM,NON_FERROUS,ALI=F,1.3504,,2.1878,sale,1,9298,basis>benchmark (review)
AL05052,5052 ALUMINUM,ALUMINUM,ALUMINUM,NON_FERROUS,ALI=F,1.2891,,2.0886,sale,9,64708,basis>benchmark (review)
AL06061,6061 ALUMINUM - SPC,ALUMINUM,ALUMINUM,NON_FERROUS,ALI=F,0.778,,1.2604,sale,8,21943,
AL06063,6063 BARE ALUMINUM EXTRUSION,ALUMINUM,ALUMINUM,NON_FERROUS,ALI=F,1.253,,2.03,sale,15,64385,basis>benchmark (review)
AL06310,6063 PAINTED EXTRUSION,ALUMINUM,ALUMINUM,NON_FERROUS,ALI=F,1.0537,,1.7071,sale,11,18153,
AL063FE,IRONY EXTRUSIONS,ALUMINUM,ALUMINUM,NON_FERROUS,ALI=F,0.7361,,1.1926,sale,5,5170,
AL07000,7000 SERIES ALUMINUM,ALUMINUM,ALUMINUM,NON_FERROUS,ALI=F,0.749,,1.2134,tier-avg,0,0,no own trades (modeled)
AL07075,7075 ALUMINUM,ALUMINUM,ALUMINUM,NON_FERROUS,ALI=F,0.749,,1.2134,tier-avg,0,0,no own trades (modeled)
AL0ACSR,ACSR WIRE,ALUMINUM,ALUMINUM,NON_FERROUS,ALI=F,0.3359,,0.5442,buy+margin,2,866,
AL0BECW,ZZ DO NOT USE - AL BARE EC WIRE,ALUMINUM,ALUMINUM,NON_FERROUS,ALI=F,1.3821,,2.2392,sale,2,2839,basis>benchmark (review)
AL0CAST,ZZ DO NOT USE CAST ALUMINUM,ALUMINUM,ALUMINUM,NON_FERROUS,ALI=F,0.749,,1.2134,tier-avg,0,0,no own trades (modeled)
AL0RADS,ALUMINUM RADIATORS - CLEAN,ALUMINUM,ALUMINUM,NON_FERROUS,ALI=F,0.6221,,1.0078,sale,4,5916,
AL0RDFE,ALUMINUM RADIATORS - FE,ALUMINUM,ALUMINUM,NON_FERROUS,ALI=F,0.2187,,0.3543,buy+margin,3,46,thin volume
AL3003,3003 AL SOLIDS,ALUMINUM,ALUMINUM,NON_FERROUS,ALI=F,1.0756,,1.7426,sale,1,9180,
AL5052SHPOLY,5052 ALUMINUM SHEET W/POLY,ALUMINUM,ALUMINUM,NON_FERROUS,ALI=F,0.7349,,1.1907,sale,3,2996,
AL6061TURNS,6061 TURNINGS,ALUMINUM,ALUMINUM,NON_FERROUS,ALI=F,0.6586,,1.067,sale,4,95980,
ALBRKG,ZZ DO NOT USE ALUMINUM BREAKAGE,ALUMINUM,ALUMINUM,NON_FERROUS,ALI=F,0.233,,0.3775,sale,2,12251,
ALBRZ,ALUMINUM/BRONZE,ALUMINUM,ALUMINUM,NON_FERROUS,ALI=F,2.6005,,4.2132,sale,1,744,basis>benchmark (review)
ALCURAD,AL/CU RADIATORS - CLEAN,ALUMINUM,ALUMINUM,NON_FERROUS,ALI=F,1.9231,,3.1156,sale,5,15066,basis>benchmark (review)
ALCURAEND,ACR AL/CU RADIATOR ENDS,ALUMINUM,ALUMINUM,NON_FERROUS,ALI=F,0.9832,,1.5929,sale,2,1421,
ALCURFE,AL/CU RADIATORS - FE,ALUMINUM,ALUMINUM,NON_FERROUS,ALI=F,1.4138,,2.2905,buy+margin,2,242,basis>benchmark (review)
ALDCAST,ALUMINUM DIE-CAST,ALUMINUM,ALUMINUM,NON_FERROUS,ALI=F,0.749,,1.2134,tier-avg,0,0,no own trades (modeled)
ALDUST,AL DUST,ALUMINUM,ALUMINUM,NON_FERROUS,ALI=F,0.749,,1.2134,tier-avg,0,0,no own trades (modeled)
ALEXTRU,6061 ALUMINUM EXTRUSIONS,ALUMINUM,ALUMINUM,NON_FERROUS,ALI=F,0.9286,,1.5044,sale,4,6152,
ALFOIL,ALUMINUM FOIL,ALUMINUM,ALUMINUM,NON_FERROUS,ALI=F,0.749,,1.2134,tier-avg,0,0,no own trades (modeled)
ALLITHO,ALUMINUM LITHO,ALUMINUM,ALUMINUM,NON_FERROUS,ALI=F,1.1725,,1.8996,sale,2,11563,basis>benchmark (review)
ALMDROSS,ZZ DO NOT USE - ALUMINUM DROSS,ALUMINUM,ALUMINUM,NON_FERROUS,ALI=F,0.3314,,0.5369,sale,1,30380,
ALMFLASH,ZZZ DO NOT USE - ALUMINUM FLASHINGS - 319,ALUMINUM,ALUMINUM,NON_FERROUS,ALI=F,0.3979,,0.6446,sale,1,3484,
ALMFURN,ZZ DO NOT USE - AL FURNACE BOTTOMS,ALUMINUM,ALUMINUM,NON_FERROUS,ALI=F,0.2264,,0.3667,buy+margin,1,1520,
ALMOLDS,ALUMINUM MOLDS,ALUMINUM,ALUMINUM,NON_FERROUS,ALI=F,0.749,,1.2134,tier-avg,0,0,no own trades (modeled)
ALMOTOR,ALUMINUM MOTOR BLOCKS WHOLE,ALUMINUM,ALUMINUM,NON_FERROUS,ALI=F,0.1788,,0.2897,buy+margin,2,376,
ALMTRNG,ZZ DO NOT USE - ALUMINUM TURNINGS,ALUMINUM,ALUMINUM,NON_FERROUS,ALI=F,0.5696,,0.9228,sale,4,35974,
ALNCST,ALUMINUM NEW CAST,ALUMINUM,ALUMINUM,NON_FERROUS,ALI=F,0.4034,,0.6536,buy+margin,1,135,thin volume
ALPAINT,ALUMINUM PAINTED SIDING,ALUMINUM,ALUMINUM,NON_FERROUS,ALI=F,0.6738,,1.0916,sale,8,26835,
ALSHEET,ALUMINUM OLD SHEET,ALUMINUM,ALUMINUM,NON_FERROUS,ALI=F,0.5491,,0.8896,sale,10,23491,
ALSKMS,ALUMINUM SPILLS,ALUMINUM,ALUMINUM,NON_FERROUS,ALI=F,0.749,,1.2134,tier-avg,0,0,no own trades (modeled)
ALTANKS,AL TANKS,ALUMINUM,ALUMINUM,NON_FERROUS,ALI=F,0.749,,1.2134,tier-avg,0,0,no own trades (modeled)
ALTHERMEX,ALUMINUM THERMAL EXT,ALUMINUM,ALUMINUM,NON_FERROUS,ALI=F,0.6062,,0.9821,sale,3,2126,
ALTRANSF,ALUM TRANSFORMERS,ALUMINUM,ALUMINUM,NON_FERROUS,ALI=F,0.1542,,0.2498,sale,2,8926,
ALTRSTK,ALUMINUM TRAILER STOCK,ALUMINUM,ALUMINUM,NON_FERROUS,ALI=F,0.7024,,1.138,sale,3,8159,
ALUARM,ALUM ARMATURE,ALUMINUM,ALUMINUM,NON_FERROUS,ALI=F,0.0567,,0.0918,sale,1,1977,
ALUBREAK,ALUMINUM BREAK,ALUMINUM,ALUMINUM,NON_FERROUS,ALI=F,0.0912,,0.1477,sale,2,14292,
ALUMBRECWR,ALUM BARE EC WIRE,ALUMINUM,ALUMINUM,NON_FERROUS,ALI=F,1.2307,,1.9939,sale,1,1358,basis>benchmark (review)
ALUMDROSS,ALUM DROSS,ALUMINUM,ALUMINUM,NON_FERROUS,ALI=F,0.3853,,0.6242,sale,3,99800,
ALUMLC,ALUMINUM MLC,ALUMINUM,ALUMINUM,NON_FERROUS,ALI=F,0.717,,1.1617,sale,4,15632,
ALUTURN,ALUMINIUM TURNS,ALUMINUM,ALUMINUM,NON_FERROUS,ALI=F,0.6218,,1.0073,sale,7,96306,
ALWHEEL,ALUMINUM RIMS,ALUMINUM,ALUMINUM,NON_FERROUS,ALI=F,0.8933,,1.4473,sale,5,35130,
ALWHLCR,CHROME RIMS,ALUMINUM,ALUMINUM,NON_FERROUS,ALI=F,0.6508,,1.0544,sale,1,742,
Al01100,1100 SERIES,ALUMINUM,ALUMINUM,NON_FERROUS,ALI=F,1.2343,,1.9997,sale,2,2309,basis>benchmark (review)
Al0356,356 ALUMINUM (ARCHIVED),ALUMINUM,ALUMINUM,NON_FERROUS,ALI=F,0.4609,,0.7467,buy+margin,1,1483,
BOTTAL,FURNACE BOTTOMS - ALUMINUM,ALUMINUM,ALUMINUM,NON_FERROUS,ALI=F,0.1658,,0.2687,buy+margin,2,2304,
CASAL,CAST AL,ALUMINUM,ALUMINUM,NON_FERROUS,ALI=F,0.749,,1.2134,tier-avg,0,0,no own trades (modeled)
CASTAL356,AL CAST - 356,ALUMINUM,ALUMINUM,NON_FERROUS,ALI=F,0.7365,,1.1933,sale,3,18194,
CATR,Cast Aluminum - Transmissions,ALUMINUM,ALUMINUM,NON_FERROUS,ALI=F,0.3641,,0.5899,buy+margin,2,236,
CCAL,CLEAN CAST ALUMINUM,ALUMINUM,ALUMINUM,NON_FERROUS,ALI=F,0.4648,,0.7531,sale,4,5560,
CUALTRNMX,COPPER / AL TURNINGS MIX,ALUMINUM,ALUMINUM,NON_FERROUS,ALI=F,0.749,,1.2134,tier-avg,0,0,no own trades (modeled)
DALRS,Dirty Aluminum Rims,ALUMINUM,ALUMINUM,NON_FERROUS,ALI=F,0.7498,,1.2147,sale,2,8180,
InsECW,INSULATED EC WIRE,ALUMINUM,ALUMINUM,NON_FERROUS,ALI=F,0.6713,,1.0876,sale,1,379,
MXBRAL,MIXED BRASS ALUM SPILLS,ALUMINUM,ALUMINUM,NON_FERROUS,ALI=F,0.749,,1.2134,tier-avg,0,0,no own trades (modeled)
MXDAL,MIXED ALUMINUM,ALUMINUM,ALUMINUM,NON_FERROUS,ALI=F,0.6734,,1.091,sale,2,2913,
NWCSTAL,ZZ - DO NOT USE NEW CAST ALUMINUM,ALUMINUM,ALUMINUM,NON_FERROUS,ALI=F,0.749,,1.2134,tier-avg,0,0,no own trades (modeled)
OCAL5,OLD CAST AL 5% FE,ALUMINUM,ALUMINUM,NON_FERROUS,ALI=F,0.5318,,0.8616,sale,1,1312,
OLCAAL,OLD CAST AL,ALUMINUM,ALUMINUM,NON_FERROUS,ALI=F,0.749,,1.2134,tier-avg,0,0,no own trades (modeled)
OLYFLA,OILY FLASHINGS,ALUMINUM,ALUMINUM,NON_FERROUS,ALI=F,0.749,,1.2134,tier-avg,0,0,no own trades (modeled)
PMLC,Aluminum Painted MLC,ALUMINUM,ALUMINUM,NON_FERROUS,ALI=F,0.7582,,1.2285,buy+margin,1,249,
PTD3003,3003 AL PAINTED,ALUMINUM,ALUMINUM,NON_FERROUS,ALI=F,0.749,,1.2134,tier-avg,0,0,no own trades (modeled)
PTD5052,PTD 5052 ALUMINUM,ALUMINUM,ALUMINUM,NON_FERROUS,ALI=F,1.2066,,1.9549,sale,1,822,basis>benchmark (review)
TRWLS,6061 TRUCK WHEELS,ALUMINUM,ALUMINUM,NON_FERROUS,ALI=F,0.7663,,1.2415,sale,1,599,
BR360BO,RED BRASS TURNINGS,BRASS TIER 1,BRASS,NON_FERROUS,HG=F,0.5936,,3.8258,tier-avg,0,0,no own trades (modeled)
BRFAUC,LOW GRADE FAUCET BRASS,BRASS TIER 1,BRASS,NON_FERROUS,HG=F,0.1542,,0.9937,buy+margin,7,35,thin volume
BRINDBT,YELLOW BRASS TURNINGS,BRASS TIER 1,BRASS,NON_FERROUS,HG=F,0.5231,,3.3717,buy+margin,2,483,
BRREDSD,RED BRASS SOLIDS,BRASS TIER 1,BRASS,NON_FERROUS,HG=F,0.6685,,4.3091,sale,5,3628,
BRSHEL,YELLOW BRASS SHELLS,BRASS TIER 1,BRASS,NON_FERROUS,HG=F,0.5936,,3.8258,tier-avg,0,0,no own trades (modeled)
BRYELLO,YELLOW BRASS SOLIDS,BRASS TIER 1,BRASS,NON_FERROUS,HG=F,0.5617,,3.6207,sale,14,15791,
DPBr,Dirty Plumbers Brass,BRASS TIER 1,BRASS,NON_FERROUS,HG=F,0.5936,,3.8258,tier-avg,0,0,no own trades (modeled)
DRTYBRS,DIRTY BRASS,BRASS TIER 1,BRASS,NON_FERROUS,HG=F,0.146,,0.941,buy+margin,7,135,thin volume
EDMW,EDM WIRE ,BRASS TIER 1,BRASS,NON_FERROUS,HG=F,0.572,,3.687,sale,10,12421,
IrYwBr,Irony Yellow Brass,BRASS TIER 1,BRASS,NON_FERROUS,HG=F,0.5936,,3.8258,tier-avg,0,0,no own trades (modeled)
IyRdBr,Irony Red Brass,BRASS TIER 1,BRASS,NON_FERROUS,HG=F,0.5936,,3.8258,tier-avg,0,0,no own trades (modeled)
OXEDMWR,OXIDIZED EDM WIRE,BRASS TIER 1,BRASS,NON_FERROUS,HG=F,0.5265,,3.3934,sale,2,1454,
RDBM,RED BALL MILL,BRASS TIER 1,BRASS,NON_FERROUS,HG=F,0.5936,,3.8258,tier-avg,0,0,no own trades (modeled)
SEMREBR,SEMI RED BRASS,BRASS TIER 1,BRASS,NON_FERROUS,HG=F,0.7371,,4.7509,sale,4,4149,
YELBM,YELLOW BALL MILL,BRASS TIER 1,BRASS,NON_FERROUS,HG=F,0.5936,,3.8258,tier-avg,0,0,no own trades (modeled)
360 brass turnings,360 BRASS TURNINGS,BRASS TIER 2,BRASS,NON_FERROUS,HG=F,0.5181,,3.3397,sale,2,1326,
360BS,360 BRASS SOLIDS,BRASS TIER 2,BRASS,NON_FERROUS,HG=F,0.4605,,2.968,sale,1,138,thin volume
6040NAVBR,60/40 NAVAL BRASS,BRASS TIER 2,BRASS,NON_FERROUS,HG=F,0.3683,,2.3736,tier-avg,0,0,no own trades (modeled)
7030BR,70/30 Brass Shells,BRASS TIER 2,BRASS,NON_FERROUS,HG=F,0.5041,,3.2492,sale,5,2104,
BR00230,230 BRASS SOLIDS,BRASS TIER 2,BRASS,NON_FERROUS,HG=F,0.3683,,2.3736,tier-avg,0,0,no own trades (modeled)
BR0PHOS,PHOS BRONZE SOLIDS,BRASS TIER 2,BRASS,NON_FERROUS,HG=F,0.3683,,2.3736,tier-avg,0,0,no own trades (modeled)
BRASTUR,BRASS TURNINGS,BRASS TIER 2,BRASS,NON_FERROUS,HG=F,0.3683,,2.3736,tier-avg,0,0,no own trades (modeled)
BRAUTOF,BRASS AUTO RADIATORS - FE,BRASS TIER 2,BRASS,NON_FERROUS,HG=F,0.3683,,2.3736,tier-avg,0,0,no own trades (modeled)
BRAUTOR,BRASS AUTO RADIATORS - CLEAN,BRASS TIER 2,BRASS,NON_FERROUS,HG=F,0.4456,,2.8722,buy+margin,1,13,thin volume
BRBM,BRASS BALL MILL,BRASS TIER 2,BRASS,NON_FERROUS,HG=F,0.3683,,2.3736,tier-avg,0,0,no own trades (modeled)
BRDROSS,BRASS DROSS,BRASS TIER 2,BRASS,NON_FERROUS,HG=F,0.3683,,2.3736,tier-avg,0,0,no own trades (modeled)
BREDMC,EDM CHOPS,BRASS TIER 2,BRASS,NON_FERROUS,HG=F,0.5645,,3.6387,sale,1,1027,
BRFC,BRASS FURNACE CUTTINGS,BRASS TIER 2,BRASS,NON_FERROUS,HG=F,0.3683,,2.3736,tier-avg,0,0,no own trades (modeled)
BRFHGGF,BRASS FINES - HGGF,BRASS TIER 2,BRASS,NON_FERROUS,HG=F,0.3683,,2.3736,tier-avg,0,0,no own trades (modeled)
BRFLASH,BRASS FLASHINGS,BRASS TIER 2,BRASS,NON_FERROUS,HG=F,0.3683,,2.3736,tier-avg,0,0,no own trades (modeled)
BRFLLGGF,BRASS FINES - LGGF,BRASS TIER 2,BRASS,NON_FERROUS,HG=F,0.3683,,2.3736,tier-avg,0,0,no own trades (modeled)
BRHEATR,HEATER CORES,BRASS TIER 2,BRASS,NON_FERROUS,HG=F,0.3683,,2.3736,tier-avg,0,0,no own trades (modeled)
BRHVBRK,BRASS BREAKAGE,BRASS TIER 2,BRASS,NON_FERROUS,HG=F,0.2982,,1.9218,sale,1,5441,
BRINDUST,BRASS DUST,BRASS TIER 2,BRASS,NON_FERROUS,HG=F,0.3683,,2.3736,tier-avg,0,0,no own trades (modeled)
BRNZTRN,BRONZE TURNINGS,BRASS TIER 2,BRASS,NON_FERROUS,HG=F,0.4419,,2.8484,buy+margin,1,162,thin volume
BRSLAG,BRASS SLAG,BRASS TIER 2,BRASS,NON_FERROUS,HG=F,0.3683,,2.3736,tier-avg,0,0,no own trades (modeled)
BRSPL01,BRASS SPILLS,BRASS TIER 2,BRASS,NON_FERROUS,HG=F,0.3683,,2.3736,tier-avg,0,0,no own trades (modeled)
CRNIBR7030,CHROME/NICKEL PLATED BRASS SHELLS,BRASS TIER 2,BRASS,NON_FERROUS,HG=F,0.5816,,3.7486,sale,1,420,
DRKBS,Door Knobs,BRASS TIER 2,BRASS,NON_FERROUS,HG=F,0.1349,,0.8693,sale,1,675,
DRTYBRSTRN,DIRTY BRASS TURNINGS,BRASS TIER 2,BRASS,NON_FERROUS,HG=F,0.3683,,2.3736,tier-avg,0,0,no own trades (modeled)
ELECBR,ELECTRICAL BRASS,BRASS TIER 2,BRASS,NON_FERROUS,HG=F,0.3683,,2.3736,tier-avg,0,0,no own trades (modeled)
IrBrTs,Irony Brass Turnings,BRASS TIER 2,BRASS,NON_FERROUS,HG=F,0.3683,,2.3736,tier-avg,0,0,no own trades (modeled)
MIXBR,MIXED BRASS,BRASS TIER 2,BRASS,NON_FERROUS,HG=F,0.2317,,1.4937,sale,1,1828,
Pwtr,Pewter,BRASS TIER 2,BRASS,NON_FERROUS,HG=F,0.3683,,2.3736,tier-avg,0,0,no own trades (modeled)
SvrPBr,Silver Plated Brass,BRASS TIER 2,BRASS,NON_FERROUS,HG=F,0.3683,,2.3736,tier-avg,0,0,no own trades (modeled)
BERYCU,ZZ - DO NOT USE BERYLLIUM COPPER,COPPER TIER 1,COPPER,NON_FERROUS,HG=F,0.8786,,5.6628,tier-avg,0,0,no own trades (modeled)
BRCU,BRASS/COPPER MIX,COPPER TIER 1,COPPER,NON_FERROUS,HG=F,0.0688,,0.4436,sale,2,1884,
BRYTRN,BERYLLIUM TURNINGS,COPPER TIER 1,COPPER,NON_FERROUS,HG=F,0.8786,,5.6628,tier-avg,0,0,no own trades (modeled)
BrCuSds,Beryllium Copper Solids,COPPER TIER 1,COPPER,NON_FERROUS,HG=F,0.8311,,5.3567,sale,1,3458,
CU00001,#1 COPPER,COPPER TIER 1,COPPER,NON_FERROUS,HG=F,0.8913,,5.7447,sale,15,25973,
CU00002,#2 COPPER,COPPER TIER 1,COPPER,NON_FERROUS,HG=F,0.8686,,5.5984,sale,15,14646,
CU00003,#3 COPPER,COPPER TIER 1,COPPER,NON_FERROUS,HG=F,0.7972,,5.1385,sale,1,296,
CU0003MICA,#3 Cu MICA 98%,COPPER TIER 1,COPPER,NON_FERROUS,HG=F,0.7972,,5.1385,sale,1,418,
CUBB001,BARE BRIGHT COPPER,COPPER TIER 1,COPPER,NON_FERROUS,HG=F,0.918,,5.9169,sale,15,65360,
CUBSBR,CU BUSS BAR,COPPER TIER 1,COPPER,NON_FERROUS,HG=F,0.93,,5.9944,sale,2,1030,
CUREFIN,COPPER REFINERY,COPPER TIER 1,COPPER,NON_FERROUS,HG=F,0.8786,,5.6628,tier-avg,0,0,no own trades (modeled)
INCU T,COPPER TURNINGS,COPPER TIER 1,COPPER,NON_FERROUS,HG=F,0.8761,,5.6472,buy+margin,1,246,
SVPBB,SILVER PLTD BUSS BAR,COPPER TIER 1,COPPER,NON_FERROUS,HG=F,0.4521,,2.9143,sale,2,2151,
SvPtCu,Silver Plated Copper,COPPER TIER 1,COPPER,NON_FERROUS,HG=F,0.8786,,5.6628,tier-avg,0,0,no own trades (modeled)
TCUBSBR,TIN PLATED BUSBAR,COPPER TIER 1,COPPER,NON_FERROUS,HG=F,0.9024,,5.8166,sale,2,664,
TNPDCWR,TIN PLTD COPPER WIRE,COPPER TIER 1,COPPER,NON_FERROUS,HG=F,0.852,,5.4915,sale,5,6138,
ALBXCBL,AL BX CABLE,COPPER TIER 2,COPPER,NON_FERROUS,HG=F,0.336,,2.166,buy+margin,1,50,thin volume
ALBXWI,ALUM BX WIRE,COPPER TIER 2,COPPER,NON_FERROUS,HG=F,0.0287,,0.1851,buy+margin,2,189,thin volume
COMWIRECU,COMMUNICATION WIRE,COPPER TIER 2,COPPER,NON_FERROUS,HG=F,0.4235,,2.7293,sale,9,19906,
CUIN160,#1 ICW 60%,COPPER TIER 2,COPPER,NON_FERROUS,HG=F,0.5232,,3.3722,sale,3,5820,
CUIN172,#1 ICW 72%,COPPER TIER 2,COPPER,NON_FERROUS,HG=F,0.72,,4.6408,name-%,0,0,no own trades (modeled)
CUIN185,#1 ICW 85%,COPPER TIER 2,COPPER,NON_FERROUS,HG=F,0.85,,5.4787,name-%,0,0,no own trades (modeled)
CUIN188,#1 ICW 88%,COPPER TIER 2,COPPER,NON_FERROUS,HG=F,0.7965,,5.1339,sale,10,31514,
CUIN190,#1 ICW 90%,COPPER TIER 2,COPPER,NON_FERROUS,HG=F,0.9,,5.8009,name-%,0,0,no own trades (modeled)
CUIN220,#2 ICW 20% - CHRISTMAS LIGHTS,COPPER TIER 2,COPPER,NON_FERROUS,HG=F,0.11,,0.7093,sale,1,680,
CUIN235,#2 ICW 35%,COPPER TIER 2,COPPER,NON_FERROUS,HG=F,0.2531,,1.6311,sale,2,2887,
CUIN245,#2 ICW 45%,COPPER TIER 2,COPPER,NON_FERROUS,HG=F,0.4994,,3.2187,sale,4,6012,
CUIN255,#2 ICW 55%,COPPER TIER 2,COPPER,NON_FERROUS,HG=F,0.55,,3.545,name-%,0,0,no own trades (modeled)
CUIN265,#2 ICW 65%,COPPER TIER 2,COPPER,NON_FERROUS,HG=F,0.5337,,3.44,sale,3,2089,
CUIN280,#2 ICW 80%,COPPER TIER 2,COPPER,NON_FERROUS,HG=F,0.6252,,4.0294,sale,1,453,
ELIN50,#2 ICW 50%,COPPER TIER 2,COPPER,NON_FERROUS,HG=F,0.5,,3.2227,name-%,0,0,no own trades (modeled)
HELXOE,HELIAX OPEN-EYE,COPPER TIER 2,COPPER,NON_FERROUS,HG=F,0.1655,,1.0664,buy+margin,1,5,thin volume
ICW80,#1 ICW 80%,COPPER TIER 2,COPPER,NON_FERROUS,HG=F,0.6798,,4.3819,sale,6,23710,
ICWHARWIR,ICW HARNESS WIRE,COPPER TIER 2,COPPER,NON_FERROUS,HG=F,0.3967,,2.5568,sale,1,643,
OPNEYHLXCU,ZZ DO NOT USE HELIAX,COPPER TIER 2,COPPER,NON_FERROUS,HG=F,0.4324,,2.7873,sale,1,780,
RMXWIR,ROMEX WIRE,COPPER TIER 2,COPPER,NON_FERROUS,HG=F,0.6695,,4.3154,sale,3,2997,
ROMWIRE,ZZ DO NOT USE - ROMEX,COPPER TIER 2,COPPER,NON_FERROUS,HG=F,0.6198,,3.9946,sale,3,2307,
TARBSWR,TAR BASED WIRE,COPPER TIER 2,COPPER,NON_FERROUS,HG=F,0.6205,,3.9997,tier-avg,0,0,no own trades (modeled)
TCABLE,Teck Cable,COPPER TIER 2,COPPER,NON_FERROUS,HG=F,0.6205,,3.9997,tier-avg,0,0,no own trades (modeled)
COPARM,COPPER ARMATURES,COPPER TIER 3,COPPER,NON_FERROUS,HG=F,0.1222,,0.7879,sale,1,549,
CU TRANS,COPPER TRANSFORMERS,COPPER TIER 3,COPPER,NON_FERROUS,HG=F,0.1606,,1.0353,sale,2,4070,
CUALTER,ALTERNATORS,COPPER TIER 3,COPPER,NON_FERROUS,HG=F,0.1939,,1.2495,sale,1,620,
CUALTRAN,COPPER/ALUMINUM TRANSFORMERS,COPPER TIER 3,COPPER,NON_FERROUS,HG=F,0.0163,,0.1054,buy+margin,2,60,thin volume
CUBALST,BALLAST,COPPER TIER 3,COPPER,NON_FERROUS,HG=F,0.071,,0.4575,sale,2,2236,
CUELMOL,ELECTRIC MOTORS - LARGE,COPPER TIER 3,COPPER,NON_FERROUS,HG=F,0.0946,,0.6095,sale,2,5373,
CUFUS,COPPER FUSES,COPPER TIER 3,COPPER,NON_FERROUS,HG=F,0.0984,,0.6344,tier-avg,0,0,no own trades (modeled)
CUMOD,ELECTRIC MOTORS - FE,COPPER TIER 3,COPPER,NON_FERROUS,HG=F,0.0787,,0.5074,sale,1,1609,
CUMOTOR,ELECTRIC MOTORS,COPPER TIER 3,COPPER,NON_FERROUS,HG=F,0.1106,,0.7129,sale,3,28672,
CUMOTORDC,DC MOTORS,COPPER TIER 3,COPPER,NON_FERROUS,HG=F,0.1048,,0.6753,sale,1,790,
CUSEALD,SEALED UNITS,COPPER TIER 3,COPPER,NON_FERROUS,HG=F,0.0783,,0.5044,sale,4,24419,
CUSTART,STARTERS,COPPER TIER 3,COPPER,NON_FERROUS,HG=F,0.1497,,0.9648,sale,2,838,
CuBkrs,Copper Breakers,COPPER TIER 3,COPPER,NON_FERROUS,HG=F,0.0984,,0.6344,tier-avg,0,0,no own trades (modeled)
CuSt,Cu/Steel Mix,COPPER TIER 3,COPPER,NON_FERROUS,HG=F,0.1362,,0.8779,buy+margin,2,47,thin volume
PRELMTR,PREMIUM ELECTRIC MOTORS ,COPPER TIER 3,COPPER,NON_FERROUS,HG=F,0.0984,,0.6344,tier-avg,0,0,no own trades (modeled)
STCSCOTRA,STEEL CASED COPPER TRANSFORMERS,COPPER TIER 3,COPPER,NON_FERROUS,HG=F,0.0603,,0.3887,sale,2,3064,
FEPBCNTWTS,FE PB COUNTER WEIGHTS,LEAD,LEAD,NON_FERROUS,none,,,,none,0,0,no own trades (modeled)
Graphdst,GRAPHITE DUST,LEAD,LEAD,NON_FERROUS,none,,,,none,0,0,no own trades (modeled)
LDFNE,ZZ DO NOT USE - LEAD FINES (pb),LEAD,LEAD,NON_FERROUS,none,,0.05,0.05,absolute (sale),1,30842,
LDPPE,LEAD PIPE,LEAD,LEAD,NON_FERROUS,none,,,,none,0,0,no own trades (modeled)
LEADSOLD,LEAD SOLIDS,LEAD,LEAD,NON_FERROUS,none,,,,none,0,0,no own trades (modeled)
LEAUTOB,AUTO BATTERIES,LEAD,LEAD,NON_FERROUS,none,,0.3161,0.3161,absolute (sale),3,43781,
LEFECAS,STEEL CASED BATTERIES,LEAD,LEAD,NON_FERROUS,none,,0.2875,0.2875,absolute (sale),2,9586,
LERANGE,RANGE LEAD,LEAD,LEAD,NON_FERROUS,none,,,,none,0,0,no own trades (modeled)
LESTRIP,CLEAN LEAD,LEAD,LEAD,NON_FERROUS,none,,0.25,0.25,absolute (buy),1,6,thin volume
LEWHEEL,WHEEL WEIGHTS,LEAD,LEAD,NON_FERROUS,none,,0.02,0.02,absolute (buy),1,1509,
LIOB,LITHIUM ION BATTERIES,LEAD,LEAD,NON_FERROUS,none,,0.08,0.08,absolute (sale),1,38074,
PBFINES,FINES - LEAD,LEAD,LEAD,NON_FERROUS,none,,0.0,0.0,absolute (buy),18,35539,
SOFLEA,SOFT LEAD,LEAD,LEAD,NON_FERROUS,none,,0.7808,0.7808,absolute (sale),2,589,
ACPUM,AC PUMPS,OTHER,OTHER,Other,none,,0.6424,0.6424,absolute (sale),2,955,
BARRELS,BARRELS,OTHER,OTHER,Other,none,,,,none,0,0,no own trades (modeled)
BRKERTIN,BROKERED TIN,OTHER,OTHER,Other,none,,,,none,0,0,no own trades (modeled)
CO6FE,CO/6 HIGH FE,OTHER,OTHER,Other,none,,0.7,0.7,absolute (buy),5,2878,
ELPLUG,PLUG ENDS,OTHER,OTHER,Other,none,,,,none,0,0,no own trades (modeled)
MA00001,MAGNESIUM,OTHER,OTHER,Other,none,,0.01,0.01,absolute (buy),2,330,
MAGCST,MAGNESIUM CASTINGS,OTHER,OTHER,Other,none,,0.0886,0.0886,absolute (buy),15,3778,
MGNSMTRNS,MAGNESIUM TURNINGS,OTHER,OTHER,Other,none,,0.01,0.01,absolute (buy),9,2417,
PRCATAL,CATALYTIC CONVERTOR,OTHER,OTHER,Other,none,,20.0,20.0,absolute (sale),1,71,thin volume
174SOLIDS,17-4 SOLIDS,STAINLESS STEEL TIER 1,STAINLESS STEEL,NON_FERROUS,none,,0.218,0.218,absolute (sale),5,17849,
2507SSS,2507 SS SOLIDS,STAINLESS STEEL TIER 1,STAINLESS STEEL,NON_FERROUS,none,,,,none,0,0,no own trades (modeled)
304SSL,304 STAINLESS L,STAINLESS STEEL TIER 1,STAINLESS STEEL,NON_FERROUS,none,,0.2,0.2,absolute (buy),3,46,thin volume
304SSOS,304 STAINLESS OVERSIZED,STAINLESS STEEL TIER 1,STAINLESS STEEL,NON_FERROUS,none,,0.2,0.2,absolute (buy),2,9400,
304STNPLY,304 STAINLESS WITH POLY,STAINLESS STEEL TIER 1,STAINLESS STEEL,NON_FERROUS,none,,0.55,0.55,absolute (sale),1,4823,
316SSO,316 STAINLESS STEEL OVERSIZED,STAINLESS STEEL TIER 1,STAINLESS STEEL,NON_FERROUS,none,,,,none,0,0,no own trades (modeled)
409SS,409 STAINLESS,STAINLESS STEEL TIER 1,STAINLESS STEEL,NON_FERROUS,none,,0.5,0.5,absolute (sale),1,9,thin volume
NI174BO,17-4 STAINLESS STEEL TURNINGS,STAINLESS STEEL TIER 1,STAINLESS STEEL,NON_FERROUS,none,,0.1653,0.1653,absolute (sale),11,116839,
NI300BO,304 STAINLESS STEEL TURNINGS,STAINLESS STEEL TIER 1,STAINLESS STEEL,NON_FERROUS,none,,0.5311,0.5311,absolute (sale),4,19469,
NI316BO,316 STAINLESS STEEL TURNINGS,STAINLESS STEEL TIER 1,STAINLESS STEEL,NON_FERROUS,none,,0.951,0.951,absolute (sale),3,16790,
NIMIXD,STAINLESS STEEL - FE,STAINLESS STEEL TIER 1,STAINLESS STEEL,NON_FERROUS,none,,0.4413,0.4413,absolute (sale),3,32400,
NISS300,304 STAINLESS SOLIDS,STAINLESS STEEL TIER 1,STAINLESS STEEL,NON_FERROUS,none,,0.6284,0.6284,absolute (sale),11,125447,
NISS316,316 STAINLESS STEEL SOLIDS,STAINLESS STEEL TIER 1,STAINLESS STEEL,NON_FERROUS,none,,1.1219,1.1219,absolute (sale),4,22608,
155SSS,15-5 STAINLESS SOLIDS,STAINLESS STEEL TIER 2,STAINLESS STEEL,NON_FERROUS,none,,,,none,0,0,no own trades (modeled)
201,201 STAINLESS CLIP,STAINLESS STEEL TIER 2,STAINLESS STEEL,NON_FERROUS,none,,0.3089,0.3089,absolute (sale),2,2327,
201SSCOIL,201 STAINLESS COIL,STAINLESS STEEL TIER 2,STAINLESS STEEL,NON_FERROUS,none,,,,none,0,0,no own trades (modeled)
2205 STAINLESS,2205 STAINLESS STEEL TURNINGS,STAINLESS STEEL TIER 2,STAINLESS STEEL,NON_FERROUS,none,,0.7983,0.7983,absolute (sale),2,4486,
2205 Solids,2205 SOLIDS,STAINLESS STEEL TIER 2,STAINLESS STEEL,NON_FERROUS,none,,0.4,0.4,absolute (buy),1,3172,
410SSS,410 STAINLESS SOLIDS,STAINLESS STEEL TIER 2,STAINLESS STEEL,NON_FERROUS,none,,0.1311,0.1311,absolute (sale),2,2258,
410SSTRN,410 SS TURNINGS,STAINLESS STEEL TIER 2,STAINLESS STEEL,NON_FERROUS,none,,0.16,0.16,absolute (sale),1,682,
416SSS,416 SS SOLIDS,STAINLESS STEEL TIER 2,STAINLESS STEEL,NON_FERROUS,none,,,,none,0,0,no own trades (modeled)
416SST,416 SS TURNINGS,STAINLESS STEEL TIER 2,STAINLESS STEEL,NON_FERROUS,none,,0.03,0.03,absolute (buy),2,202,
430SSP,430 STAINLESS STEEL PIPE,STAINLESS STEEL TIER 2,STAINLESS STEEL,NON_FERROUS,none,,,,none,0,0,no own trades (modeled)
440SSS,440 STAINLESS SOLIDS,STAINLESS STEEL TIER 2,STAINLESS STEEL,NON_FERROUS,none,,,,none,0,0,no own trades (modeled)
446SS,446 STAINLESS STEEL,STAINLESS STEEL TIER 2,STAINLESS STEEL,NON_FERROUS,none,,,,none,0,0,no own trades (modeled)
465TRNS,465 TURNINGS,STAINLESS STEEL TIER 2,STAINLESS STEEL,NON_FERROUS,none,,0.6,0.6,absolute (sale),1,929,
H13Solids,H-13 SOLIDS,STAINLESS STEEL TIER 2,STAINLESS STEEL,NON_FERROUS,none,,0.35,0.35,absolute (sale),1,1450,
HAST276,HAST C-276 SOLIDS,STAINLESS STEEL TIER 2,STAINLESS STEEL,NON_FERROUS,none,,,,none,0,0,no own trades (modeled)
INCTR,INCONEL TURNINGS,STAINLESS STEEL TIER 2,STAINLESS STEEL,NON_FERROUS,none,,0.75,0.75,absolute (buy),1,100,thin volume
MIXSS,MIXED STAINLESS STEEL,STAINLESS STEEL TIER 2,STAINLESS STEEL,NON_FERROUS,none,,0.3544,0.3544,absolute (sale),3,16564,
MNT,MONEL TURNINGS,STAINLESS STEEL TIER 2,STAINLESS STEEL,NON_FERROUS,none,,2.1693,2.1693,absolute (sale),2,771,
MO2RE2,MO2-RE2,STAINLESS STEEL TIER 2,STAINLESS STEEL,NON_FERROUS,none,,,,none,0,0,no own trades (modeled)
NI00001,NICKEL,STAINLESS STEEL TIER 2,STAINLESS STEEL,NON_FERROUS,none,,,,none,0,0,no own trades (modeled)
NI138T,13-8 STAINLESS STEEL TURNINGS,STAINLESS STEEL TIER 2,STAINLESS STEEL,NON_FERROUS,none,,,,none,0,0,no own trades (modeled)
NI15-5,15-5 STAINLESS STEEL TURNINGS,STAINLESS STEEL TIER 2,STAINLESS STEEL,NON_FERROUS,none,,,,none,0,0,no own trades (modeled)
NICARBD,CARBIDE,STAINLESS STEEL TIER 2,STAINLESS STEEL,NON_FERROUS,none,,56.0506,56.0506,absolute (sale),5,1591,
NIINCON,INCONEL,STAINLESS STEEL TIER 2,STAINLESS STEEL,NON_FERROUS,none,,,,none,0,0,no own trades (modeled)
NIMONEL,MONEL,STAINLESS STEEL TIER 2,STAINLESS STEEL,NON_FERROUS,none,,,,none,0,0,no own trades (modeled)
NISS301,301 STAINLESS STEEL SOLIDS,STAINLESS STEEL TIER 2,STAINLESS STEEL,NON_FERROUS,none,,,,none,0,0,no own trades (modeled)
NISS309,309 STAINLESS STEEL SOLIDS,STAINLESS STEEL TIER 2,STAINLESS STEEL,NON_FERROUS,none,,,,none,0,0,no own trades (modeled)
NISS310,310 STAINLESS STEEL SOLIDS,STAINLESS STEEL TIER 2,STAINLESS STEEL,NON_FERROUS,none,,,,none,0,0,no own trades (modeled)
NISS400,400 STAINLESS STEEL SOLIDS,STAINLESS STEEL TIER 2,STAINLESS STEEL,NON_FERROUS,none,,,,none,0,0,no own trades (modeled)
NITITAN,TITANIUM SOLIDS,STAINLESS STEEL TIER 2,STAINLESS STEEL,NON_FERROUS,none,,,,none,0,0,no own trades (modeled)
NITOOLS,TOOL STEEL,STAINLESS STEEL TIER 2,STAINLESS STEEL,NON_FERROUS,none,,20.0,20.0,absolute (sale),1,620,
TSH13TRN,H-13 TURNINGS,STAINLESS STEEL TIER 2,STAINLESS STEEL,NON_FERROUS,none,,0.3,0.3,absolute (sale),1,1066,
TTSS,TITANIUM TURNINGS,STAINLESS STEEL TIER 2,STAINLESS STEEL,NON_FERROUS,none,,,,none,0,0,no own trades (modeled)
TUNGMOTAINS,TUNGSTEN MOLY TA INSERTS,STAINLESS STEEL TIER 2,STAINLESS STEEL,NON_FERROUS,none,,30.68,30.68,absolute (sale),1,263,
UPFECHMO,UNPREPARED FE/CHROME/MOLY,STAINLESS STEEL TIER 2,STAINLESS STEEL,NON_FERROUS,none,,0.18,0.18,absolute (sale),1,4539,
1018ST,1018 STEEL,STEEL,STEEL,FERROUS,HRC=F,0.2737,,0.1594,tier-avg,0,0,no own trades (modeled)
4140SOLS,4140 SOLIDS,STEEL,STEEL,FERROUS,HRC=F,0.2724,,0.1587,buy+margin,1,3004,
AAAPRT,AA AUTO PARTS,STEEL,STEEL,FERROUS,HRC=F,0.2737,,0.1594,tier-avg,0,0,no own trades (modeled)
ACUT,FULL A/C UNIT,STEEL,STEEL,FERROUS,HRC=F,0.5465,,0.3183,buy+margin,5,6084,
AUCORESTEEL,AUTO BODY - CORE ,STEEL,STEEL,FERROUS,HRC=F,0.2737,,0.1594,tier-avg,0,0,no own trades (modeled)
CLPBNDS,#1 BUNDLES,STEEL,STEEL,FERROUS,HRC=F,0.2737,,0.1594,tier-avg,0,0,no own trades (modeled)
CLSHST,CLEAN SHEET,STEEL,STEEL,FERROUS,HRC=F,0.2721,,0.1585,sale,19,519300,
FE0AUTO,AUTO BODY - INCOMPLETE,STEEL,STEEL,FERROUS,HRC=F,0.2737,,0.1594,tier-avg,0,0,no own trades (modeled)
FE0DEAT,AUTO BODY - COMPLETE,STEEL,STEEL,FERROUS,HRC=F,0.3338,,0.1944,buy+margin,20,92620,
FEAUCST,AUTO CAST,STEEL,STEEL,FERROUS,HRC=F,0.3869,,0.2254,sale,7,289661,
FENST,FENCING,STEEL,STEEL,FERROUS,HRC=F,0.0684,,0.0399,buy+margin,3,11300,
FETURN,ZZ DO NOT USE STEEL TURNINGS,STEEL,STEEL,FERROUS,HRC=F,0.2463,,0.1435,sale,20,759340,
INDCLIPS,STEEL CLIPS,STEEL,STEEL,FERROUS,HRC=F,0.2737,,0.1594,tier-avg,0,0,no own trades (modeled)
INDHVYM,HEAVY MELT,STEEL,STEEL,FERROUS,HRC=F,0.2897,,0.1687,sale,22,840594,
INDP&S,PLATE & STRUCTUAL,STEEL,STEEL,FERROUS,HRC=F,0.3097,,0.1804,sale,9,294818,
Indbush,BUSHELING,STEEL,STEEL,FERROUS,HRC=F,0.3399,,0.198,sale,72,2516997,
OVSZMAC,OVERSIZED MACHINERY,STEEL,STEEL,FERROUS,HRC=F,0.1144,,0.0666,buy+margin,6,56320,
PTDBUSH,PAINTED BUSH,STEEL,STEEL,FERROUS,HRC=F,0.3737,,0.2177,buy+margin,1,22660,
REBAR,REBAR,STEEL,STEEL,FERROUS,HRC=F,0.2737,,0.1594,tier-avg,0,0,no own trades (modeled)
RLWHLS,RAIL WHEELS ,STEEL,STEEL,FERROUS,HRC=F,0.2737,,0.1594,tier-avg,0,0,no own trades (modeled)
SHIRST,SHEET IRON,STEEL,STEEL,FERROUS,HRC=F,0.2443,,0.1423,sale,81,2202425,
SKST,SKELATAL ,STEEL,STEEL,FERROUS,HRC=F,0.2844,,0.1657,sale,1,36040,
STBD,STEEL BANDING (fe),STEEL,STEEL,FERROUS,HRC=F,0.2592,,0.151,sale,10,244300,
STBXCAB,STEEL BX CABLE,STEEL,STEEL,FERROUS,HRC=F,0.2737,,0.1594,tier-avg,0,0,no own trades (modeled)
STBXW,STEEL BX WIRE (fe),STEEL,STEEL,FERROUS,HRC=F,0.2737,,0.1594,tier-avg,0,0,no own trades (modeled)
STCBLE,STEEL CABLE,STEEL,STEEL,FERROUS,HRC=F,0.2737,,0.1594,tier-avg,0,0,no own trades (modeled)
STLCOL,STEEL COIL,STEEL,STEEL,FERROUS,HRC=F,0.2737,,0.1594,tier-avg,0,0,no own trades (modeled)
STMTRBLK,STEEL MOTOR BLOCKS,STEEL,STEEL,FERROUS,HRC=F,0.4648,,0.2708,buy+margin,2,1780,
STWR,STEEL WIRE,STEEL,STEEL,FERROUS,HRC=F,0.1967,,0.1146,sale,37,1201360,
TURNSTEEL,STEEL TURNING,STEEL,STEEL,FERROUS,HRC=F,0.2373,,0.1383,sale,24,1025520,
UNHMS,ZZ DO NOT USE - UNPREPARED HMS (uhms),STEEL,STEEL,FERROUS,HRC=F,0.2782,,0.1621,sale,8,184950,
UNPHMS,HEAVY MELT - UNPREPARED,STEEL,STEEL,FERROUS,HRC=F,0.2484,,0.1447,sale,14,292600,
UNPREP,UNPREPARED P&S ,STEEL,STEEL,FERROUS,HRC=F,0.285,,0.166,sale,9,210007,
las,LAS,STEEL,STEEL,FERROUS,HRC=F,0.162,,0.0943,buy+margin,13,18388,
ZI00001,ZINC SOLIDS,ZINC,ZINC,NON_FERROUS,none,,0.25,0.25,absolute (buy),4,31,thin volume
ZNDICST,ZINC DIE CAST,ZINC,ZINC,NON_FERROUS,none,,,,none,0,0,no own trades (modeled)
ZNOX,ZINC OXIDE,ZINC,ZINC,NON_FERROUS,none,,,,none,0,0,no own trades (modeled)
ZNTURN,ZINC TURNINGS,ZINC,ZINC,NON_FERROUS,none,,,,none,0,0,no own trades (modeled)
CB2,CARDBOARD,ZWASTE,ZWASTE,WA,none,,0.0246,0.0246,absolute (sale),1,1501,
WASTE,WASTE,ZWASTE,ZWASTE,WA,none,,,,none,0,0,no own trades (modeled)
