Location,code,eoy2025_wt,commodity,ctype,inbound_wt,outbound_wt,calc_wt,actual_wt,diff
Merrillville,SHIRST,38339.0,STEEL,FERROUS,1518813.0,918665.0,638487.0,382558.0,255929.0
Milton,FE0DEAT,39840.0,STEEL,FERROUS,289404.0,0.0,329244.0,94820.0,234424.0
Merrillville,INDP&S,37810.0,STEEL,FERROUS,57230.0,197498.0,-102458.0,60602.0,-163060.0
Milton,SHIRST,42860.0,STEEL,FERROUS,1424576.0,1432460.0,34976.0,195545.0,-160569.0
Milton,CLSHST,11934.0,STEEL,FERROUS,268141.0,335420.0,-55345.0,53898.0,-109243.0
Merrillville,CLSHST,37360.0,STEEL,FERROUS,126820.0,183880.0,-19700.0,83544.0,-103244.0
Milton,TURNSTEEL,0.0,,,1292989.0,1301800.0,-8811.0,92322.0,-101133.0
Milton,H13Solids,1040.0,STAINLESS STEEL TIER 2,NON_FERROUS,73972.0,1450.0,73562.0,1496.0,72066.0
Milton,FETURN,219824.0,STEEL,FERROUS,608542.0,759340.0,69026.0,0.0,69026.0
Merrillville,UNHMS,36425.0,STEEL,FERROUS,151081.0,119850.0,67656.0,0.0,67656.0
Milton,Indbush,46220.0,STEEL,FERROUS,1419304.0,1406800.0,58724.0,122477.0,-63753.0
Milton,UPFECHMO,0.0,,,37331.0,4539.0,32792.0,93792.0,-61000.0
Milton,FE0AUTO,53720.0,STEEL,FERROUS,440.0,0.0,54160.0,440.0,53720.0
Milton,UNPHMS,0.0,,,119025.0,107340.0,11685.0,58558.0,-46873.0
Merrillville,Indbush,161465.0,STEEL,FERROUS,1112710.0,1110197.0,163978.0,119218.0,44760.0
Merrillville,UNPREP,25544.0,STEEL,FERROUS,168026.0,210007.0,-16437.0,27438.0,-43875.0
Milton,LIOB,0.0,,,78369.0,78471.0,-102.0,42832.0,-42934.0
Milton,INDHVYM,127002.0,STEEL,FERROUS,491912.0,568660.0,50254.0,90537.0,-40283.0
Milton,SKST,0.0,STEEL,FERROUS,76320.0,36040.0,40280.0,0.0,40280.0
Merrillville,ALUBREAK,0.0,,,7943.0,21512.0,-13569.0,24307.0,-37876.0
Merrillville,UNPHMS,0.0,,,380084.0,208840.0,171244.0,134204.0,37040.0
Merrillville,ICW80,15014.0,COPPER TIER 2,NON_FERROUS,40431.0,23710.0,31735.0,1921.0,29814.0
Milton,ALUBREAK,0.0,,,17669.0,29520.0,-11851.0,14855.0,-26706.0
Merrillville,ACUT,14686.0,STEEL,FERROUS,26657.0,0.0,41343.0,18075.0,23268.0
Milton,PTDBUSH,0.0,STEEL,FERROUS,22660.0,0.0,22660.0,0.0,22660.0
Merrillville,CUIN188,0.0,COPPER TIER 2,NON_FERROUS,193.0,22268.0,-22075.0,273.0,-22348.0
Milton,STMTRBLK,7777.0,STEEL,FERROUS,2872.0,0.0,10649.0,32649.0,-22000.0
Milton,UNHMS,69367.0,STEEL,FERROUS,17256.0,65100.0,21523.0,0.0,21523.0
Milton,UNPREP,28875.0,STEEL,FERROUS,9365.0,0.0,38240.0,58240.0,-20000.0
Milton,ALMTRNG,35923.0,ALUMINUM,NON_FERROUS,17654.0,34012.0,19565.0,0.0,19565.0
Merrillville,INDHVYM,39226.0,STEEL,FERROUS,285440.0,271954.0,52712.0,71595.0,-18883.0
Milton,OVSZMAC,19040.0,STEEL,FERROUS,58490.0,0.0,77530.0,59560.0,17970.0
Milton,ALUMDROSS,0.0,,,116471.0,99800.0,16671.0,33906.0,-17235.0
Milton,las,0.0,STEEL,FERROUS,18388.0,0.0,18388.0,1771.0,16617.0
Milton,FEAUCST,8580.0,STEEL,FERROUS,27691.0,37500.0,-1229.0,14881.0,-16110.0
Milton,AUCORESTEEL,0.0,,,11370.0,0.0,11370.0,26370.0,-15000.0
Merrillville,NISS316,2595.0,STAINLESS STEEL TIER 1,NON_FERROUS,68361.0,13119.0,57837.0,43390.0,14447.0
Milton,ALMDROSS,28695.0,ALUMINUM,NON_FERROUS,15259.0,30380.0,13574.0,0.0,13574.0
Milton,ICW80,0.0,COPPER TIER 2,NON_FERROUS,12939.0,0.0,12939.0,365.0,12574.0
Merrillville,CUMOTOR,1452.0,COPPER TIER 3,NON_FERROUS,17558.0,28672.0,-9662.0,2038.0,-11700.0
Merrillville,CUIN160,2504.0,COPPER TIER 2,NON_FERROUS,19655.0,6334.0,15825.0,4386.0,11439.0
Milton,AL6061TURNS,12629.0,ALUMINUM,NON_FERROUS,92502.0,95980.0,9151.0,20455.0,-11304.0
Merrillville,CUSEALD,4716.0,COPPER TIER 3,NON_FERROUS,11342.0,21301.0,-5243.0,5633.0,-10876.0
Merrillville,CUBB001,7035.0,COPPER TIER 1,NON_FERROUS,40146.0,56862.0,-9681.0,63.0,-9744.0
Merrillville,FEAUCST,36872.0,STEEL,FERROUS,341921.0,252161.0,126632.0,136041.0,-9409.0
Milton,LEADSOLD,0.0,LEAD,NON_FERROUS,0.0,9060.0,-9060.0,0.0,-9060.0
Merrillville,CU00002,1116.5,COPPER TIER 1,NON_FERROUS,17739.0,9560.0,9295.5,449.0,8846.5
Merrillville,ALSHEET,2027.0,ALUMINUM,NON_FERROUS,26489.0,17402.0,11114.0,2330.0,8784.0
Merrillville,WASTE,4650.0,ZWASTE,WA,0.0,0.0,4650.0,13178.0,-8528.0
Milton,ALUTURN,0.0,,,103122.0,93054.0,10068.0,18408.0,-8340.0
Milton,CUIN188,3648.0,COPPER TIER 2,NON_FERROUS,1118.0,12174.0,-7408.0,62.0,-7470.0
Milton,380NCRUB,4481.0,ALUMINUM,NON_FERROUS,10968.0,6355.0,9094.0,1847.0,7247.0
Merrillville,ALBRKG,6221.0,ALUMINUM,NON_FERROUS,2712.0,1751.0,7182.0,0.0,7182.0
Milton,NIMIXD,2897.0,STAINLESS STEEL TIER 1,NON_FERROUS,24428.0,32400.0,-5075.0,1941.0,-7016.0
Milton,380PTDNC,0.0,ALUMINUM,NON_FERROUS,5256.0,11382.0,-6126.0,666.0,-6792.0
Merrillville,409SS,0.0,,,0.0,9.0,-9.0,6698.0,-6707.0
Merrillville,CUMOD,5268.0,COPPER TIER 3,NON_FERROUS,5796.0,0.0,11064.0,4487.0,6577.0
Milton,ALWHEEL,8342.0,ALUMINUM,NON_FERROUS,18537.0,33158.0,-6279.0,218.0,-6497.0
Merrillville,NIMIXD,5689.0,STAINLESS STEEL TIER 1,NON_FERROUS,1797.0,0.0,7486.0,13934.0,-6448.0
Milton,AL06061,0.0,ALUMINUM,NON_FERROUS,15568.0,19814.0,-4246.0,2097.0,-6343.0
Milton,MXDAL,1352.0,ALUMINUM,NON_FERROUS,8122.0,2913.0,6561.0,220.0,6341.0
Milton,BARRELS,16332.0,OTHER,Other,0.0,0.0,16332.0,10000.0,6332.0
Merrillville,TNPDCWR,0.3,COPPER TIER 1,NON_FERROUS,0.0,6138.0,-6137.7,119.0,-6256.7
Merrillville,ALCURAD,2228.0,ALUMINUM,NON_FERROUS,10532.0,18183.0,-5423.0,543.0,-5966.0
Milton,AL063FE,1345.0,ALUMINUM,NON_FERROUS,6985.0,1161.0,7169.0,1694.0,5475.0
Milton,ALBRKG,13584.0,ALUMINUM,NON_FERROUS,2242.0,10500.0,5326.0,0.0,5326.0
Milton,NI300BO,3024.0,STAINLESS STEEL TIER 1,NON_FERROUS,23491.0,18098.0,8417.0,3306.0,5111.0
Milton,CU00002,469.0,COPPER TIER 1,NON_FERROUS,11980.0,5993.0,6456.0,1435.0,5021.0
Milton,NI174BO,26079.0,STAINLESS STEEL TIER 1,NON_FERROUS,89551.0,116839.0,-1209.0,3760.0,-4969.0
Milton,CUBB001,1323.0,COPPER TIER 1,NON_FERROUS,8405.0,14340.0,-4612.0,285.0,-4897.0
Merrillville,CUIN280,1875.0,COPPER TIER 2,NON_FERROUS,3396.0,453.0,4818.0,176.0,4642.0
Merrillville,ALCURFE,460.0,ALUMINUM,NON_FERROUS,4512.0,0.0,4972.0,430.0,4542.0
Milton,DALRS,554.0,ALUMINUM,NON_FERROUS,17435.0,8180.0,9809.0,5279.0,4530.0
Merrillville,BRYELLO,2645.0,BRASS TIER 1,NON_FERROUS,15769.0,13913.0,4501.0,259.0,4242.0
Milton,380ALTRN,1951.0,ALUMINUM,NON_FERROUS,2843.0,667.0,4127.0,0.0,4127.0
Milton,NISS316,572.0,STAINLESS STEEL TIER 1,NON_FERROUS,4814.0,9489.0,-4103.0,0.0,-4103.0
Merrillville,AL06063,4308.0,ALUMINUM,NON_FERROUS,21905.0,29846.0,-3633.0,399.0,-4032.0
Milton,ALEXTRU,2648.0,ALUMINUM,NON_FERROUS,3444.0,1358.0,4734.0,828.0,3906.0
Merrillville,CUIN190,183.0,COPPER TIER 2,NON_FERROUS,4234.0,0.0,4417.0,572.0,3845.0
Milton,ALTHERMEX,3785.0,ALUMINUM,NON_FERROUS,3016.0,1772.0,5029.0,1339.0,3690.0
Milton,NISS300,0.0,STAINLESS STEEL TIER 1,NON_FERROUS,120525.0,106013.0,14512.0,11321.0,3191.0
Merrillville,OCAL5,1699.0,ALUMINUM,NON_FERROUS,3474.0,1312.0,3861.0,690.0,3171.0
Merrillville,ALTRSTK,0.0,,,5000.0,8159.0,-3159.0,0.0,-3159.0
Merrillville,CU TRANS,62.0,COPPER TIER 3,NON_FERROUS,1167.0,4070.0,-2841.0,290.0,-3131.0
Merrillville,REBAR,0.0,STEEL,FERROUS,7460.0,0.0,7460.0,4360.0,3100.0
Merrillville,LEFECAS,2330.0,LEAD,NON_FERROUS,0.0,5397.0,-3067.0,0.0,-3067.0
Merrillville,ALPAINT,5012.0,ALUMINUM,NON_FERROUS,25254.0,24119.0,6147.0,3377.0,2770.0
Milton,AL05052,1230.0,ALUMINUM,NON_FERROUS,73386.0,63167.0,11449.0,14213.0,-2764.0
Milton,CASTAL356,0.0,,,15433.0,18194.0,-2761.0,0.0,-2761.0
Milton,319ALFLASHING,0.0,,,4458.0,5015.0,-557.0,2113.0,-2670.0
Merrillville,InsECW,470.0,ALUMINUM,NON_FERROUS,2312.0,0.0,2782.0,131.0,2651.0
Merrillville,CUELMOL,2010.0,COPPER TIER 3,NON_FERROUS,765.0,5373.0,-2598.0,0.0,-2598.0
Merrillville,ALUMLC,0.0,ALUMINUM,NON_FERROUS,2985.0,0.0,2985.0,417.0,2568.0
Milton,ALUMLC,430.0,ALUMINUM,NON_FERROUS,20788.0,15632.0,5586.0,3322.0,2264.0
Merrillville,SEMREBR,42.0,BRASS TIER 1,NON_FERROUS,865.0,3164.0,-2257.0,0.0,-2257.0
Merrillville,LEAUTOB,17642.0,LEAD,NON_FERROUS,33883.0,37649.0,13876.0,16102.0,-2226.0
Milton,BRDROSS,2120.0,BRASS TIER 2,NON_FERROUS,0.0,0.0,2120.0,0.0,2120.0
Merrillville,SVPBB,188.0,COPPER TIER 1,NON_FERROUS,0.0,2151.0,-1963.0,0.0,-1963.0
Milton,304STNPLY,0.0,STAINLESS STEEL TIER 1,NON_FERROUS,6763.0,4823.0,1940.0,0.0,1940.0
Milton,MIXSS,0.0,STAINLESS STEEL TIER 2,NON_FERROUS,15275.0,16564.0,-1289.0,646.0,-1935.0
Milton,DRTYBRS,335.0,BRASS TIER 1,NON_FERROUS,2128.0,0.0,2463.0,547.0,1916.0
Milton,ALMFLASH,4662.0,ALUMINUM,NON_FERROUS,604.0,3484.0,1782.0,0.0,1782.0
Merrillville,CCAL,900.0,ALUMINUM,NON_FERROUS,5120.0,6269.0,-249.0,1504.0,-1753.0
Merrillville,AL0RADS,1047.0,ALUMINUM,NON_FERROUS,1652.0,4228.0,-1529.0,163.0,-1692.0
Merrillville,AL05052,285.0,ALUMINUM,NON_FERROUS,0.0,1541.0,-1256.0,429.0,-1685.0
Merrillville,ALEXTRU,800.0,ALUMINUM,NON_FERROUS,3149.0,4794.0,-845.0,821.0,-1666.0
Merrillville,AL0RDFE,1372.0,ALUMINUM,NON_FERROUS,1371.0,0.0,2743.0,1079.0,1664.0
Merrillville,AL0BECW,395.0,ALUMINUM,NON_FERROUS,290.0,2267.0,-1582.0,0.0,-1582.0
Merrillville,COMWIRECU,6320.0,COPPER TIER 2,NON_FERROUS,11696.0,19231.0,-1215.0,360.0,-1575.0
Milton,AL06063,2655.0,ALUMINUM,NON_FERROUS,44795.0,35696.0,11754.0,13303.0,-1549.0
Merrillville,AL06061,0.0,ALUMINUM,NON_FERROUS,3522.0,2129.0,1393.0,2936.0,-1543.0
Milton,ALMFURN,0.0,ALUMINUM,NON_FERROUS,1520.0,0.0,1520.0,0.0,1520.0
Milton,BOTTAL,0.0,,,2304.0,0.0,2304.0,3824.0,-1520.0
Milton,Al0356,0.0,,,1483.0,0.0,1483.0,0.0,1483.0
Milton,6061PTDSPCAL,0.0,ALUMINUM,NON_FERROUS,516.0,1914.0,-1398.0,0.0,-1398.0
Merrillville,ALMTRNG,3368.5,ALUMINUM,NON_FERROUS,1103.0,1962.0,2509.5,1119.0,1390.5
Merrillville,ALUTURN,0.0,,,3769.0,3252.0,517.0,1907.0,-1390.0
Merrillville,CUIN185,52.0,COPPER TIER 2,NON_FERROUS,1411.0,0.0,1463.0,156.0,1307.0
Milton,174SOLIDS,588.0,STAINLESS STEEL TIER 1,NON_FERROUS,15961.0,17849.0,-1300.0,0.0,-1300.0
Merrillville,CB2,2783.0,ZWASTE,WA,0.0,0.0,2783.0,4017.0,-1234.0
Merrillville,CU00003,526.0,COPPER TIER 1,NON_FERROUS,1842.0,296.0,2072.0,859.0,1213.0
Milton,SEMREBR,0.0,BRASS TIER 1,NON_FERROUS,0.0,1203.0,-1203.0,0.0,-1203.0
Milton,380NCAL,1381.0,ALUMINUM,NON_FERROUS,21445.0,23997.0,-1171.0,0.0,-1171.0
Merrillville,NIINCON,1157.0,STAINLESS STEEL TIER 2,NON_FERROUS,0.0,0.0,1157.0,0.0,1157.0
Milton,201,3440.0,STAINLESS STEEL TIER 2,NON_FERROUS,0.0,2327.0,1113.0,0.0,1113.0
Merrillville,ALTRANSF,7838.0,ALUMINUM,NON_FERROUS,155.0,8926.0,-933.0,155.0,-1088.0
Milton,ALTRANSF,10.0,ALUMINUM,NON_FERROUS,4882.0,0.0,4892.0,3848.0,1044.0
Milton,5086,70.0,ALUMINUM,NON_FERROUS,150.0,1092.0,-872.0,150.0,-1022.0
Milton,440SSS,993.0,STAINLESS STEEL TIER 2,NON_FERROUS,0.0,0.0,993.0,0.0,993.0
Merrillville,CUBSBR,0.0,COPPER TIER 1,NON_FERROUS,196.0,1030.0,-834.0,145.0,-979.0
Milton,AL0RDFE,719.0,ALUMINUM,NON_FERROUS,2141.0,0.0,2860.0,1887.0,973.0
Milton,CUSEALD,2764.0,COPPER TIER 3,NON_FERROUS,4671.0,3118.0,4317.0,5269.0,-952.0
Milton,CU00001,601.0,COPPER TIER 1,NON_FERROUS,3392.0,4206.0,-213.0,703.0,-916.0
Milton,CU00003,0.0,COPPER TIER 1,NON_FERROUS,1465.0,0.0,1465.0,574.0,891.0
Milton,CUIN280,0.0,COPPER TIER 2,NON_FERROUS,980.0,0.0,980.0,128.0,852.0
Merrillville,CUMOTORDC,0.0,COPPER TIER 3,NON_FERROUS,17.0,790.0,-773.0,17.0,-790.0
Merrillville,AL063FE,1760.0,ALUMINUM,NON_FERROUS,4857.0,4009.0,2608.0,1824.0,784.0
Milton,AL3003,0.0,,,9180.0,9180.0,0.0,783.0,-783.0
Merrillville,CU00001,1740.0,COPPER TIER 1,NON_FERROUS,23235.0,25420.0,-445.0,333.0,-778.0
Milton,AL03003,741.0,ALUMINUM,NON_FERROUS,9320.0,9298.0,763.0,0.0,763.0
Milton,CUALTRAN,1042.0,COPPER TIER 3,NON_FERROUS,157.0,0.0,1199.0,438.0,761.0
Merrillville,NISS300,10000.0,STAINLESS STEEL TIER 1,NON_FERROUS,34027.0,19434.0,24593.0,25353.0,-760.0
Milton,356ALCAST,0.0,ALUMINUM,NON_FERROUS,1572.0,816.0,756.0,0.0,756.0
Milton,CUIN235,1203.0,COPPER TIER 2,NON_FERROUS,3966.0,2887.0,2282.0,1578.0,704.0
Milton,Al01100,0.0,,,1634.0,2309.0,-675.0,12.0,-687.0
Merrillville,AL06310,1545.0,ALUMINUM,NON_FERROUS,9379.0,11531.0,-607.0,76.0,-683.0
Milton,WASTE,2192.0,ZWASTE,WA,0.0,0.0,2192.0,2851.0,-659.0
Milton,AL07075,727.0,ALUMINUM,NON_FERROUS,0.0,0.0,727.0,1346.0,-619.0
Merrillville,CUIN235,0.0,COPPER TIER 2,NON_FERROUS,0.0,0.0,0.0,614.0,-614.0
Merrillville,ALUARM,1385.0,ALUMINUM,NON_FERROUS,13.0,1977.0,-579.0,32.0,-611.0
Milton,6063PIAL,603.0,ALUMINUM,NON_FERROUS,0.0,0.0,603.0,0.0,603.0
Milton,AL5052SHPOLY,1180.0,ALUMINUM,NON_FERROUS,4339.0,2996.0,2523.0,1938.0,585.0
Merrillville,SOFLEA,985.0,LEAD,NON_FERROUS,1459.0,589.0,1855.0,1280.0,575.0
Merrillville,ALCURAEND,1625.0,ALUMINUM,NON_FERROUS,775.0,2824.0,-424.0,149.0,-573.0
Milton,TUNGMOTAINS,0.0,,,834.0,263.0,571.0,0.0,571.0
Milton,NICARBD,0.0,STAINLESS STEEL TIER 2,NON_FERROUS,1081.0,1591.0,-510.0,50.0,-560.0
Merrillville,STCSCOTRA,2907.0,COPPER TIER 3,NON_FERROUS,967.0,3064.0,810.0,266.0,544.0
Merrillville,TCUBSBR,114.0,COPPER TIER 1,NON_FERROUS,10.0,664.0,-540.0,0.0,-540.0
Milton,304SSL,0.0,STAINLESS STEEL TIER 1,NON_FERROUS,548.0,0.0,548.0,14.0,534.0
Merrillville,DPBr,285.0,BRASS TIER 1,NON_FERROUS,313.0,0.0,598.0,64.0,534.0
Milton,InsECW,556.0,ALUMINUM,NON_FERROUS,2399.0,379.0,2576.0,2045.0,531.0
Milton,ALCURAD,164.0,ALUMINUM,NON_FERROUS,2797.0,1724.0,1237.0,1766.0,-529.0
Milton,MNT,441.0,STAINLESS STEEL TIER 2,NON_FERROUS,831.0,771.0,501.0,0.0,501.0
Merrillville,6063ALS,493.0,ALUMINUM,NON_FERROUS,5.0,0.0,498.0,0.0,498.0
Milton,BRFAUC,455.0,BRASS TIER 1,NON_FERROUS,242.0,0.0,697.0,208.0,489.0
Milton,3105ALSOL,488.0,ALUMINUM,NON_FERROUS,0.0,0.0,488.0,0.0,488.0
Milton,AL0RADS,1112.0,ALUMINUM,NON_FERROUS,579.0,1688.0,3.0,491.0,-488.0
Merrillville,6061ALR,0.0,,,702.0,0.0,702.0,1190.0,-488.0
Milton,ALUMBRECWR,0.0,,,870.0,1358.0,-488.0,0.0,-488.0
Milton,BRINDBT,0.0,BRASS TIER 1,NON_FERROUS,483.0,0.0,483.0,0.0,483.0
Milton,2507SSS,0.0,,,0.0,479.0,-479.0,0.0,-479.0
Milton,COMWIRECU,1831.0,COPPER TIER 2,NON_FERROUS,5858.0,4199.0,3490.0,3950.0,-460.0
Milton,CUMOD,1362.0,COPPER TIER 3,NON_FERROUS,1538.0,1609.0,1291.0,839.0,452.0
Milton,CUMOTOR,200.0,COPPER TIER 3,NON_FERROUS,7200.0,0.0,7400.0,6958.0,442.0
Milton,ALCURFE,178.0,ALUMINUM,NON_FERROUS,885.0,0.0,1063.0,621.0,442.0
Milton,LEAUTOB,4444.0,LEAD,NON_FERROUS,16704.0,6132.0,15016.0,14587.0,429.0
Milton,ROMWIRE,889.0,COPPER TIER 2,NON_FERROUS,419.0,882.0,426.0,0.0,426.0
Milton,BRYELLO,29.0,BRASS TIER 1,NON_FERROUS,4537.0,3854.0,712.0,1131.0,-419.0
Merrillville,CU0003MICA,0.0,COPPER TIER 1,NON_FERROUS,0.0,418.0,-418.0,0.0,-418.0
Milton,ALSHEET,2060.0,ALUMINUM,NON_FERROUS,7621.0,8066.0,1615.0,2032.0,-417.0
Merrillville,CUBALST,1075.0,COPPER TIER 3,NON_FERROUS,1216.0,2236.0,55.0,460.0,-405.0
Milton,ACPUM,449.0,OTHER,Other,713.0,550.0,612.0,988.0,-376.0
Merrillville,6063PIAL,360.0,ALUMINUM,NON_FERROUS,249.0,0.0,609.0,249.0,360.0
Merrillville,COPARM,341.0,COPPER TIER 3,NON_FERROUS,315.0,549.0,107.0,465.0,-358.0
Milton,RMXWIR,0.0,,,3577.0,2559.0,1018.0,669.0,349.0
Merrillville,TRWLS,151.0,ALUMINUM,NON_FERROUS,101.0,599.0,-347.0,0.0,-347.0
Milton,TARBSWR,105.0,COPPER TIER 2,NON_FERROUS,538.0,0.0,643.0,334.0,309.0
Milton,AL0BECW,183.0,ALUMINUM,NON_FERROUS,82.0,572.0,-307.0,0.0,-307.0
Merrillville,ALWHEEL,1225.0,ALUMINUM,NON_FERROUS,3526.0,4158.0,593.0,886.0,-293.0
Milton,ALBXWI,101.0,COPPER TIER 2,NON_FERROUS,208.0,0.0,309.0,19.0,290.0
Milton,AL06310,1146.0,ALUMINUM,NON_FERROUS,8342.0,8294.0,1194.0,910.0,284.0
Merrillville,ICWHARWIR,259.0,COPPER TIER 2,NON_FERROUS,655.0,624.0,290.0,7.0,283.0
Milton,ALNCST,127.0,ALUMINUM,NON_FERROUS,184.0,0.0,311.0,39.0,272.0
Milton,BRREDSD,288.0,BRASS TIER 1,NON_FERROUS,14.0,0.0,302.0,37.0,265.0
Merrillville, ALBZTS1,716.0,ALUMINUM,NON_FERROUS,0.0,974.0,-258.0,0.0,-258.0
Milton,6061ALR,700.0,ALUMINUM,NON_FERROUS,0.0,0.0,700.0,957.0,-257.0
Milton,CUALTER,283.0,COPPER TIER 3,NON_FERROUS,1247.0,0.0,1530.0,1787.0,-257.0
Milton,PMLC,0.0,ALUMINUM,NON_FERROUS,249.0,0.0,249.0,0.0,249.0
Merrillville,OPNEYHLXCU,248.0,COPPER TIER 2,NON_FERROUS,0.0,0.0,248.0,0.0,248.0
Merrillville,RMXWIR,0.0,,,2269.0,2222.0,47.0,291.0,-244.0
Milton,TSH13TRN,0.0,STAINLESS STEEL TIER 2,NON_FERROUS,1309.0,1066.0,243.0,0.0,243.0
Milton,CUSTART,285.0,COPPER TIER 3,NON_FERROUS,728.0,0.0,1013.0,1253.0,-240.0
Merrillville,AL00UBC,584.0,ALUMINUM,NON_FERROUS,5793.0,4689.0,1688.0,1456.0,232.0
Milton,OXEDMWR,753.0,BRASS TIER 1,NON_FERROUS,768.0,1454.0,67.0,290.0,-223.0
Merrillville,BRHEATR,0.0,,,0.0,0.0,0.0,219.0,-219.0
Merrillville,ZNDICST,771.0,ZINC,NON_FERROUS,5.0,0.0,776.0,984.0,-208.0
Merrillville,ALBXCBL,205.0,COPPER TIER 2,NON_FERROUS,48.0,0.0,253.0,459.0,-206.0
Milton,OCAL5,0.0,,,2097.0,0.0,2097.0,1895.0,202.0
Merrillville,BRREDSD,544.0,BRASS TIER 1,NON_FERROUS,4209.0,4781.0,-28.0,168.0,-196.0
Milton,ALWHLCR,946.0,ALUMINUM,NON_FERROUS,763.0,742.0,967.0,1159.0,-192.0
Merrillville,LERANGE,305.0,LEAD,NON_FERROUS,0.0,0.0,305.0,113.0,192.0
Merrillville,ALBXWI,43.0,COPPER TIER 2,NON_FERROUS,148.0,0.0,191.0,0.0,191.0
Milton,CUIN265,842.0,COPPER TIER 2,NON_FERROUS,1211.0,2089.0,-36.0,134.0,-170.0
Milton,CuSt,169.0,COPPER TIER 3,NON_FERROUS,56.0,0.0,225.0,56.0,169.0
Milton,360BS,117.0,BRASS TIER 2,NON_FERROUS,259.0,138.0,238.0,69.0,169.0
Milton,ZI00001,509.0,ZINC,NON_FERROUS,93.0,0.0,602.0,440.0,162.0
Milton,CUBSBR,0.0,COPPER TIER 1,NON_FERROUS,137.0,0.0,137.0,0.0,137.0
Merrillville,ACPUM,212.0,OTHER,Other,159.0,405.0,-34.0,95.0,-129.0
Milton,CCAL,55.0,ALUMINUM,NON_FERROUS,72.0,0.0,127.0,0.0,127.0
Merrillville,TUNGMOTAINS,125.0,STAINLESS STEEL TIER 2,NON_FERROUS,0.0,0.0,125.0,0.0,125.0
Merrillville,DRKBS,518.0,BRASS TIER 2,NON_FERROUS,70.0,675.0,-87.0,37.0,-124.0
Milton,BRHVBRK,0.0,BRASS TIER 2,NON_FERROUS,5319.0,5441.0,-122.0,0.0,-122.0
Merrillville,ALUMBRECWR,0.0,,,320.0,0.0,320.0,441.0,-121.0
Milton,ALPAINT,600.0,ALUMINUM,NON_FERROUS,6233.0,4141.0,2692.0,2572.0,120.0
Merrillville,CUIN220,384.0,COPPER TIER 2,NON_FERROUS,248.0,680.0,-48.0,72.0,-120.0
Merrillville,NICARBD,119.0,STAINLESS STEEL TIER 2,NON_FERROUS,33.0,0.0,152.0,33.0,119.0
Milton,AL0ACSR,593.0,ALUMINUM,NON_FERROUS,866.0,0.0,1459.0,1340.0,119.0
Milton,LESTRIP,0.0,LEAD,NON_FERROUS,119.0,0.0,119.0,237.0,-118.0
Milton,ALMOTOR,2136.0,ALUMINUM,NON_FERROUS,4462.0,0.0,6598.0,6715.0,-117.0
Merrillville,AL0ACSR,41.0,ALUMINUM,NON_FERROUS,0.0,0.0,41.0,156.0,-115.0
Milton,ELIN50,0.0,,,112.0,0.0,112.0,0.0,112.0
Merrillville,ALWHLCR,456.0,ALUMINUM,NON_FERROUS,333.0,0.0,789.0,896.0,-107.0
Merrillville,IrBrTs,103.0,BRASS TIER 2,NON_FERROUS,0.0,0.0,103.0,0.0,103.0
Merrillville,ROMWIRE,417.0,COPPER TIER 2,NON_FERROUS,908.0,1425.0,-100.0,0.0,-100.0
Milton,INCTR,110.0,STAINLESS STEEL TIER 2,NON_FERROUS,100.0,113.0,97.0,0.0,97.0
Merrillville,ALTHERMEX,483.0,ALUMINUM,NON_FERROUS,2652.0,354.0,2781.0,2693.0,88.0
Merrillville,CUSTART,618.0,COPPER TIER 3,NON_FERROUS,387.0,838.0,167.0,82.0,85.0
Milton,CUIN245,0.0,COPPER TIER 2,NON_FERROUS,262.0,0.0,262.0,178.0,84.0
Milton,BRSHEL,84.0,BRASS TIER 1,NON_FERROUS,15.0,0.0,99.0,15.0,84.0
Milton,CUELMOL,0.0,COPPER TIER 3,NON_FERROUS,81.0,0.0,81.0,0.0,81.0
Milton,360 brass turnings,0.0,BRASS TIER 2,NON_FERROUS,1589.0,1326.0,263.0,344.0,-81.0
Milton,SvPtCu,0.0,,,77.0,0.0,77.0,0.0,77.0
Milton,BRCU,113.0,COPPER TIER 1,NON_FERROUS,2075.0,1884.0,304.0,228.0,76.0
Milton,NITITAN,75.0,STAINLESS STEEL TIER 2,NON_FERROUS,0.0,0.0,75.0,0.0,75.0
Milton,CU TRANS,99.0,COPPER TIER 3,NON_FERROUS,130.0,0.0,229.0,159.0,70.0
Milton,TCUBSBR,5.0,COPPER TIER 1,NON_FERROUS,56.0,0.0,61.0,129.0,-68.0
Milton,MIXBR,0.0,,,2121.0,1828.0,293.0,227.0,66.0
Milton,EDMW,759.0,BRASS TIER 1,NON_FERROUS,10961.0,11290.0,430.0,365.0,65.0
Milton,AL0CAST,31.0,ALUMINUM,NON_FERROUS,33.0,0.0,64.0,0.0,64.0
Milton,LEWHEEL,3416.0,LEAD,NON_FERROUS,1517.0,0.0,4933.0,4869.0,64.0
Merrillville,BRAUTOR,0.0,BRASS TIER 2,NON_FERROUS,105.0,0.0,105.0,169.0,-64.0
Merrillville,CUALTER,309.0,COPPER TIER 3,NON_FERROUS,487.0,620.0,176.0,119.0,57.0
Milton,NISS301,0.0,STAINLESS STEEL TIER 2,NON_FERROUS,56.0,0.0,56.0,0.0,56.0
Milton,CUIN255,0.0,COPPER TIER 2,NON_FERROUS,50.0,0.0,50.0,0.0,50.0
Milton,NI316BO,1370.0,STAINLESS STEEL TIER 1,NON_FERROUS,16519.0,16790.0,1099.0,1147.0,-48.0
Milton,2205 STAINLESS,0.0,STAINLESS STEEL TIER 2,NON_FERROUS,4533.0,4486.0,47.0,0.0,47.0
Milton,PTD5052,0.0,,,785.0,822.0,-37.0,9.0,-46.0
Merrillville,TCABLE,46.0,COPPER TIER 2,NON_FERROUS,0.0,0.0,46.0,0.0,46.0
Merrillville,PTD3003,0.0,,,0.0,0.0,0.0,45.0,-45.0
Merrillville,3003PTD,45.0,ALUMINUM,NON_FERROUS,0.0,0.0,45.0,0.0,45.0
Milton,OLCAAL,0.0,ALUMINUM,NON_FERROUS,46.0,0.0,46.0,2.0,44.0
Milton,ALBXCBL,0.0,,,94.0,0.0,94.0,54.0,40.0
Milton,ICWHARWIR,601.0,COPPER TIER 2,NON_FERROUS,361.0,643.0,319.0,282.0,37.0
Merrillville,BRAUTOF,19.0,BRASS TIER 2,NON_FERROUS,260.0,0.0,279.0,242.0,37.0
Milton,6022ALUM,591.0,ALUMINUM,NON_FERROUS,0.0,625.0,-34.0,0.0,-34.0
Milton,410SSTRN,435.0,STAINLESS STEEL TIER 2,NON_FERROUS,699.0,682.0,452.0,483.0,-31.0
Merrillville,CRNIBR7030,389.0,BRASS TIER 2,NON_FERROUS,0.0,420.0,-31.0,0.0,-31.0
Milton,CUBALST,455.0,COPPER TIER 3,NON_FERROUS,1509.0,0.0,1964.0,1935.0,29.0
Milton,SOFLEA,236.0,LEAD,NON_FERROUS,128.0,0.0,364.0,335.0,29.0
Merrillville,CUFUS,0.0,COPPER TIER 3,NON_FERROUS,4.0,0.0,4.0,33.0,-29.0
Merrillville,ALBRZ,546.0,ALUMINUM,NON_FERROUS,1090.0,1609.0,27.0,0.0,27.0
Milton,LDPPE,559.0,LEAD,NON_FERROUS,60.0,0.0,619.0,594.0,25.0
Merrillville,IrYwBr,135.0,BRASS TIER 1,NON_FERROUS,477.0,0.0,612.0,633.0,-21.0
Milton,IrYwBr,0.0,BRASS TIER 1,NON_FERROUS,20.0,0.0,20.0,0.0,20.0
Milton,ALMOLDS,0.0,,,18.0,0.0,18.0,0.0,18.0
Merrillville,7030BR,94.0,BRASS TIER 2,NON_FERROUS,2301.0,2353.0,42.0,60.0,-18.0
Milton,30ALP,0.0,ALUMINUM,NON_FERROUS,1662.0,1676.0,-14.0,0.0,-14.0
Merrillville,EDMW,496.0,BRASS TIER 1,NON_FERROUS,991.0,1131.0,356.0,366.0,-10.0
Merrillville,CUIN245,986.0,COPPER TIER 2,NON_FERROUS,6682.0,6012.0,1656.0,1664.0,-8.0
Merrillville,STBXCAB,0.0,STEEL,FERROUS,2.0,0.0,2.0,9.0,-7.0
Milton,PTD3003,0.0,,,7.0,0.0,7.0,0.0,7.0
Milton,6063ALS,0.0,ALUMINUM,NON_FERROUS,436.0,0.0,436.0,442.0,-6.0
Milton,CUFUS,0.0,,,16.0,0.0,16.0,11.0,5.0
Merrillville,LEWHEEL,394.0,LEAD,NON_FERROUS,0.0,0.0,394.0,398.0,-4.0
Milton,CUIN185,0.0,COPPER TIER 2,NON_FERROUS,3.0,0.0,3.0,0.0,3.0
Merrillville,CASAL,0.0,,,13.0,0.0,13.0,14.0,-1.0
Merrillville,AL0CAST,0.0,ALUMINUM,NON_FERROUS,1.0,0.0,1.0,0.0,1.0
Milton,ALFOIL,1.0,ALUMINUM,NON_FERROUS,8.0,0.0,9.0,8.0,1.0
Merrillville,ALFOIL,0.0,,,2.0,0.0,2.0,2.0,0.0
Milton,NIMONEL,0.0,,,0.0,0.0,0.0,0.0,0.0
Merrillville,ALDUST,0.0,ALUMINUM,NON_FERROUS,0.0,0.0,0.0,0.0,0.0
Milton,155SSS,0.0,STAINLESS STEEL TIER 2,NON_FERROUS,0.0,0.0,0.0,0.0,0.0
Milton,NISS309,0.0,STAINLESS STEEL TIER 2,NON_FERROUS,0.0,0.0,0.0,0.0,0.0
Milton,NISS310,0.0,STAINLESS STEEL TIER 2,NON_FERROUS,0.0,0.0,0.0,0.0,0.0
Merrillville,ALDCAST,0.0,,,3.0,0.0,3.0,3.0,0.0
Milton,NISS400,0.0,STAINLESS STEEL TIER 2,NON_FERROUS,0.0,0.0,0.0,0.0,0.0
Milton,201SSCOIL,0.0,STAINLESS STEEL TIER 2,NON_FERROUS,0.0,0.0,0.0,0.0,0.0
Merrillville,ALMOLDS,0.0,ALUMINUM,NON_FERROUS,0.0,0.0,0.0,0.0,0.0
Milton,NITOOLS,100.0,STAINLESS STEEL TIER 2,NON_FERROUS,634.0,620.0,114.0,114.0,0.0
Milton,NWCSTAL,0.0,ALUMINUM,NON_FERROUS,0.0,0.0,0.0,0.0,0.0
Merrillville,201,0.0,STAINLESS STEEL TIER 2,NON_FERROUS,0.0,0.0,0.0,0.0,0.0
Milton,2024ALCST,0.0,,,1.0,0.0,1.0,1.0,0.0
Milton,OLYFLA,0.0,ALUMINUM,NON_FERROUS,0.0,0.0,0.0,0.0,0.0
Milton,OPNEYHLXCU,0.0,COPPER TIER 2,NON_FERROUS,780.0,780.0,0.0,0.0,0.0
Milton,AL07000,0.0,ALUMINUM,NON_FERROUS,0.0,0.0,0.0,0.0,0.0
Milton,NIINCON,151.0,STAINLESS STEEL TIER 2,NON_FERROUS,0.0,0.0,151.0,151.0,0.0
Milton,BRFLLGGF,0.0,BRASS TIER 2,NON_FERROUS,0.0,0.0,0.0,0.0,0.0
Milton,PBFINES,0.0,,,51358.0,0.0,51358.0,51358.0,0.0
Merrillville,Al01100,0.0,ALUMINUM,NON_FERROUS,0.0,0.0,0.0,0.0,0.0
Milton,ALDCAST,0.0,ALUMINUM,NON_FERROUS,0.0,0.0,0.0,0.0,0.0
Milton,ALCURAEND,210.0,ALUMINUM,NON_FERROUS,71.0,0.0,281.0,281.0,0.0
Merrillville,BR0PHOS,148.0,BRASS TIER 2,NON_FERROUS,0.0,0.0,148.0,148.0,0.0
Milton,MA00001,0.0,OTHER,Other,330.0,0.0,330.0,330.0,0.0
Milton,MAGCST,0.0,OTHER,Other,3778.0,0.0,3778.0,3778.0,0.0
Milton,MGNSMTRNS,13870.0,OTHER,Other,2875.0,0.0,16745.0,16745.0,0.0
Merrillville,TTSS,0.0,,,33.0,0.0,33.0,33.0,0.0
Milton,ALBRZ,157.0,ALUMINUM,NON_FERROUS,224.0,0.0,381.0,381.0,0.0
Milton,1018ST,0.0,STEEL,FERROUS,0.0,0.0,0.0,0.0,0.0
Milton,MXBRAL,0.0,ALUMINUM,NON_FERROUS,0.0,0.0,0.0,0.0,0.0
Merrillville,TURNSTEEL,0.0,,,1852.0,0.0,1852.0,1852.0,0.0
Milton,NI00001,0.0,STAINLESS STEEL TIER 2,NON_FERROUS,41.0,0.0,41.0,41.0,0.0
Milton,NI138T,0.0,STAINLESS STEEL TIER 2,NON_FERROUS,0.0,0.0,0.0,0.0,0.0
Milton,NI15-5,8603.0,STAINLESS STEEL TIER 2,NON_FERROUS,0.0,0.0,8603.0,8603.0,0.0
Milton,1010ALEXT,0.0,,,198.0,0.0,198.0,198.0,0.0
Merrillville,ALNCST,0.0,,,38.0,0.0,38.0,38.0,0.0
Milton,2205 Solids,0.0,STAINLESS STEEL TIER 2,NON_FERROUS,3172.0,0.0,3172.0,3172.0,0.0
Milton,3003PTD,0.0,ALUMINUM,NON_FERROUS,0.0,0.0,0.0,0.0,0.0
Milton,LEFECAS,4189.0,LEAD,NON_FERROUS,2051.0,4189.0,2051.0,2051.0,0.0
Milton,PRCATAL,649.0,OTHER,Other,1.0,71.0,579.0,579.0,0.0
Milton,6040NAVBR,0.0,BRASS TIER 2,NON_FERROUS,0.0,0.0,0.0,0.0,0.0
Milton,TCABLE,0.0,COPPER TIER 2,NON_FERROUS,0.0,0.0,0.0,0.0,0.0
Milton,465TRNS,0.0,,,929.0,929.0,0.0,0.0,0.0
Milton,TNPDCWR,23.0,COPPER TIER 1,NON_FERROUS,164.0,0.0,187.0,187.0,0.0
Milton,446SS,0.0,STAINLESS STEEL TIER 2,NON_FERROUS,0.0,0.0,0.0,0.0,0.0
Milton,TTSS,625.0,STAINLESS STEEL TIER 2,NON_FERROUS,0.0,0.0,625.0,625.0,0.0
Merrillville,6061PTDSPCAL,0.0,ALUMINUM,NON_FERROUS,0.0,0.0,0.0,0.0,0.0
Merrillville,380PTDNC,0.0,ALUMINUM,NON_FERROUS,0.0,0.0,0.0,0.0,0.0
Merrillville,356ALCAST,0.0,ALUMINUM,NON_FERROUS,0.0,0.0,0.0,0.0,0.0
Merrillville,304STNPLY,0.0,STAINLESS STEEL TIER 1,NON_FERROUS,0.0,0.0,0.0,0.0,0.0
Merrillville,304SSOS,0.0,STAINLESS STEEL TIER 1,NON_FERROUS,1358.0,0.0,1358.0,1358.0,0.0
Merrillville,304SSL,0.0,STAINLESS STEEL TIER 1,NON_FERROUS,5170.0,0.0,5170.0,5170.0,0.0
Milton,4140SOLS,0.0,STEEL,FERROUS,3255.0,0.0,3255.0,3255.0,0.0
Milton,YELBM,0.0,BRASS TIER 1,NON_FERROUS,0.0,0.0,0.0,0.0,0.0
Milton,430SSP,0.0,STAINLESS STEEL TIER 2,NON_FERROUS,83.0,0.0,83.0,83.0,0.0
Milton,ZNOX,0.0,ZINC,NON_FERROUS,0.0,0.0,0.0,0.0,0.0
Milton,ZNTURN,146.0,ZINC,NON_FERROUS,0.0,0.0,146.0,146.0,0.0
Milton,410SSS,0.0,STAINLESS STEEL TIER 2,NON_FERROUS,2258.0,2258.0,0.0,0.0,0.0
Milton,SVPBB,0.0,COPPER TIER 1,NON_FERROUS,70.0,0.0,70.0,70.0,0.0
Milton,STWR,0.0,STEEL,FERROUS,1237860.0,1237420.0,440.0,440.0,0.0
Merrillville,AL6061TURNS,0.0,ALUMINUM,NON_FERROUS,1000.0,0.0,1000.0,1000.0,0.0
Milton,PRELMTR,0.0,COPPER TIER 3,NON_FERROUS,143.0,0.0,143.0,143.0,0.0
Milton,304SSOS,0.0,STAINLESS STEEL TIER 1,NON_FERROUS,9400.0,0.0,9400.0,9400.0,0.0
Milton,316SSO,6000.0,STAINLESS STEEL TIER 1,NON_FERROUS,900.0,0.0,6900.0,6900.0,0.0
Milton,319CSTAL,0.0,ALUMINUM,NON_FERROUS,0.0,0.0,0.0,0.0,0.0
Milton,RDBM,0.0,BRASS TIER 1,NON_FERROUS,0.0,0.0,0.0,0.0,0.0
Milton,REBAR,5302.0,STEEL,FERROUS,0.0,0.0,5302.0,5302.0,0.0
Milton,AL02024,329.0,ALUMINUM,NON_FERROUS,0.0,0.0,329.0,329.0,0.0
Milton,AL00UBC,244.0,ALUMINUM,NON_FERROUS,362.0,0.0,606.0,606.0,0.0
Milton,6105 turnings,0.0,ALUMINUM,NON_FERROUS,0.0,0.0,0.0,0.0,0.0
Milton,ACUT,105.0,STEEL,FERROUS,1563.0,0.0,1668.0,1668.0,0.0
Milton,AAAPRT,0.0,STEEL,FERROUS,0.0,0.0,0.0,0.0,0.0
Milton,STBD,0.0,STEEL,FERROUS,244300.0,244300.0,0.0,0.0,0.0
Milton,STBXCAB,0.0,STEEL,FERROUS,0.0,0.0,0.0,0.0,0.0
Milton,STBXW,393.0,STEEL,FERROUS,36.0,0.0,429.0,429.0,0.0
Milton,STCSCOTRA,0.0,COPPER TIER 3,NON_FERROUS,0.0,0.0,0.0,0.0,0.0
Milton,STLCOL,11489.0,STEEL,FERROUS,0.0,0.0,11489.0,11489.0,0.0
Milton,LERANGE,0.0,LEAD,NON_FERROUS,0.0,0.0,0.0,0.0,0.0
Milton,ALDUST,0.0,ALUMINUM,NON_FERROUS,0.0,0.0,0.0,0.0,0.0
Merrillville,BR360BO,0.0,,,40.0,0.0,40.0,40.0,0.0
Milton,BRINDUST,0.0,BRASS TIER 2,NON_FERROUS,0.0,0.0,0.0,0.0,0.0
Milton,BREDMC,0.0,BRASS TIER 2,NON_FERROUS,1640.0,1027.0,613.0,613.0,0.0
Milton,BRBM,0.0,BRASS TIER 2,NON_FERROUS,0.0,0.0,0.0,0.0,0.0
Merrillville,DALRS,0.0,ALUMINUM,NON_FERROUS,9.0,0.0,9.0,9.0,0.0
Milton,CU0003MICA,0.0,COPPER TIER 1,NON_FERROUS,0.0,0.0,0.0,0.0,0.0
Milton,BRAUTOR,275.0,BRASS TIER 2,NON_FERROUS,27.0,0.0,302.0,302.0,0.0
Merrillville,CuBkrs,0.0,COPPER TIER 3,NON_FERROUS,0.0,0.0,0.0,0.0,0.0
Milton,CUALTRNMX,0.0,ALUMINUM,NON_FERROUS,0.0,0.0,0.0,0.0,0.0
Milton,BRAUTOF,0.0,,,38.0,0.0,38.0,38.0,0.0
Milton,BRASTUR,0.0,BRASS TIER 2,NON_FERROUS,0.0,0.0,0.0,0.0,0.0
Milton,BR360BO,0.0,BRASS TIER 1,NON_FERROUS,0.0,0.0,0.0,0.0,0.0
Milton,BR0PHOS,0.0,BRASS TIER 2,NON_FERROUS,20.0,0.0,20.0,20.0,0.0
Milton,BR00230,0.0,BRASS TIER 2,NON_FERROUS,0.0,0.0,0.0,0.0,0.0
Milton,CUIN160,0.0,COPPER TIER 2,NON_FERROUS,0.0,0.0,0.0,0.0,0.0
Milton,CUIN172,0.0,COPPER TIER 2,NON_FERROUS,0.0,0.0,0.0,0.0,0.0
Milton,416SST,0.0,,,202.0,0.0,202.0,202.0,0.0
Merrillville,CUIN265,0.0,COPPER TIER 2,NON_FERROUS,9.0,0.0,9.0,9.0,0.0
Milton,CUIN190,0.0,COPPER TIER 2,NON_FERROUS,0.0,0.0,0.0,0.0,0.0
Merrillville,IyRdBr,0.0,BRASS TIER 1,NON_FERROUS,0.0,0.0,0.0,0.0,0.0
Milton,COPARM,0.0,,,15.0,0.0,15.0,15.0,0.0
Merrillville,FEPBCNTWTS,0.0,LEAD,NON_FERROUS,0.0,0.0,0.0,0.0,0.0
Milton,BRYTRN,0.0,COPPER TIER 1,NON_FERROUS,0.0,0.0,0.0,0.0,0.0
Milton,BRKERTIN,0.0,OTHER,Other,0.0,0.0,0.0,0.0,0.0
Milton,BRNZTRN,0.0,BRASS TIER 2,NON_FERROUS,162.0,0.0,162.0,162.0,0.0
Milton,BRFLASH,0.0,BRASS TIER 2,NON_FERROUS,0.0,0.0,0.0,0.0,0.0
Milton,BRFHGGF,0.0,BRASS TIER 2,NON_FERROUS,0.0,0.0,0.0,0.0,0.0
Milton,BRSLAG,0.0,BRASS TIER 2,NON_FERROUS,0.0,0.0,0.0,0.0,0.0
Milton,BRSPL01,0.0,BRASS TIER 2,NON_FERROUS,0.0,0.0,0.0,0.0,0.0
Merrillville,HELXOE,0.0,,,0.0,0.0,0.0,0.0,0.0
Milton,BrCuSds,0.0,COPPER TIER 1,NON_FERROUS,3588.0,3458.0,130.0,130.0,0.0
Milton,CO6FE,0.0,OTHER,Other,2878.0,0.0,2878.0,2878.0,0.0
Milton,CASAL,0.0,,,0.0,0.0,0.0,0.0,0.0
Merrillville,HAST276,0.0,STAINLESS STEEL TIER 2,NON_FERROUS,0.0,0.0,0.0,0.0,0.0
Milton,CATR,735.0,ALUMINUM,NON_FERROUS,760.0,0.0,1495.0,1495.0,0.0
Milton,CB2,1501.0,ZWASTE,WA,37077.0,1501.0,37077.0,37077.0,0.0
Milton,BRFC,0.0,BRASS TIER 2,NON_FERROUS,0.0,0.0,0.0,0.0,0.0
Milton,CLPBNDS,0.0,STEEL,FERROUS,0.0,0.0,0.0,0.0,0.0
Merrillville,FETURN,0.0,STEEL,FERROUS,0.0,0.0,0.0,0.0,0.0
Milton,CUIN220,101.0,COPPER TIER 2,NON_FERROUS,172.0,0.0,273.0,273.0,0.0
Merrillville,CUIN255,0.0,COPPER TIER 2,NON_FERROUS,0.0,0.0,0.0,0.0,0.0
Merrillville,LESTRIP,0.0,LEAD,NON_FERROUS,0.0,0.0,0.0,0.0,0.0
Merrillville,STCBLE,0.0,STEEL,FERROUS,0.0,0.0,0.0,0.0,0.0
Milton,FENST,5140.0,STEEL,FERROUS,11300.0,0.0,16440.0,16440.0,0.0
Merrillville,BRSHEL,0.0,BRASS TIER 1,NON_FERROUS,70.0,0.0,70.0,70.0,0.0
Milton,Graphdst,0.0,LEAD,NON_FERROUS,0.0,0.0,0.0,0.0,0.0
Milton,ALSKMS,0.0,ALUMINUM,NON_FERROUS,0.0,0.0,0.0,0.0,0.0
Milton,HELXOE,0.0,,,5.0,0.0,5.0,5.0,0.0
Merrillville,BRNZTRN,101.0,BRASS TIER 2,NON_FERROUS,0.0,0.0,101.0,101.0,0.0
Merrillville,STBXW,185.0,STEEL,FERROUS,43.0,0.0,228.0,228.0,0.0
Milton,INCU T,0.0,COPPER TIER 1,NON_FERROUS,265.0,0.0,265.0,265.0,0.0
Milton,ALTANKS,0.0,ALUMINUM,NON_FERROUS,0.0,0.0,0.0,0.0,0.0
Milton,INDCLIPS,0.0,STEEL,FERROUS,0.0,0.0,0.0,0.0,0.0
Merrillville,BRINDBT,97.0,BRASS TIER 1,NON_FERROUS,1.0,0.0,98.0,98.0,0.0
Milton,INDP&S,40298.0,STEEL,FERROUS,102368.0,97320.0,45346.0,45346.0,0.0
Merrillville,SvPtCu,0.0,COPPER TIER 1,NON_FERROUS,10.0,0.0,10.0,10.0,0.0
Milton,ALLITHO,5994.0,ALUMINUM,NON_FERROUS,5569.0,11563.0,0.0,0.0,0.0
Milton,LDFNE,22121.0,LEAD,NON_FERROUS,13247.0,30842.0,4526.0,4526.0,0.0
Merrillville,SvrPBr,0.0,BRASS TIER 2,NON_FERROUS,0.0,0.0,0.0,0.0,0.0
Merrillville,BrCuSds,0.0,COPPER TIER 1,NON_FERROUS,0.0,0.0,0.0,0.0,0.0
Milton,ELPLUG,25.0,OTHER,Other,16.0,0.0,41.0,41.0,0.0
Milton,BERYCU,0.0,COPPER TIER 1,NON_FERROUS,0.0,0.0,0.0,0.0,0.0
Milton,CuBkrs,0.0,,,10.0,0.0,10.0,10.0,0.0
Merrillville,MA00001,5.0,OTHER,Other,0.0,0.0,5.0,5.0,0.0
Merrillville,MO2RE2,884.0,STAINLESS STEEL TIER 2,NON_FERROUS,0.0,0.0,884.0,884.0,0.0
Merrillville,NI300BO,1427.0,STAINLESS STEEL TIER 1,NON_FERROUS,672.0,1371.0,728.0,728.0,0.0
Merrillville,CUIN172,0.0,,,38.0,0.0,38.0,38.0,0.0
Milton,CUREFIN,0.0,COPPER TIER 1,NON_FERROUS,0.0,0.0,0.0,0.0,0.0
Merrillville,OLCAAL,0.0,ALUMINUM,NON_FERROUS,0.0,0.0,0.0,0.0,0.0
Merrillville,PMLC,0.0,ALUMINUM,NON_FERROUS,0.0,0.0,0.0,0.0,0.0
Merrillville,PRELMTR,0.0,COPPER TIER 3,NON_FERROUS,0.0,0.0,0.0,0.0,0.0
Merrillville,RLWHLS,0.0,STEEL,FERROUS,0.0,0.0,0.0,0.0,0.0
Merrillville,CUALTRAN,61.0,COPPER TIER 3,NON_FERROUS,0.0,0.0,61.0,61.0,0.0
Milton,DPBr,0.0,BRASS TIER 1,NON_FERROUS,0.0,0.0,0.0,0.0,0.0
Milton,DRKBS,0.0,BRASS TIER 2,NON_FERROUS,18.0,0.0,18.0,18.0,0.0
Milton,ALUARM,0.0,ALUMINUM,NON_FERROUS,0.0,0.0,0.0,0.0,0.0
Milton,DRTYBRSTRN,0.0,,,161.0,0.0,161.0,161.0,0.0
Merrillville,Pwtr,17.0,BRASS TIER 2,NON_FERROUS,0.0,0.0,17.0,17.0,0.0
Milton,ELECBR,0.0,BRASS TIER 2,NON_FERROUS,0.0,0.0,0.0,0.0,0.0
Milton,416SSS,0.0,STAINLESS STEEL TIER 2,NON_FERROUS,0.0,0.0,0.0,0.0,0.0
