yard,code,name,commodity,metal,wt,cost,jan_price,factor,eoy_price,mkt
Merrillville,Al01100,1100 SERIES,ALUMINUM,ALUMINUM,0.0,0.0,1.8199,0.9496,1.7282,0.0
Merrillville,CU00001,#1 COPPER,COPPER TIER 1,COPPER,1740.0,6895.5392,5.2249,0.9573,5.0019,8703.3
Merrillville,CUIN160,#1 ICW 60%,COPPER TIER 2,COPPER,2504.0,6277.0223,3.2712,0.9573,3.1315,7841.4
Merrillville,ICW80,#1 ICW 80%,COPPER TIER 2,COPPER,15014.0,42830.568,4.1513,0.9573,3.9741,59667.64
Merrillville,CUIN185,#1 ICW 85%,COPPER TIER 2,COPPER,52.0,156.0,3.3261,0.9573,3.1841,165.57
Merrillville,CUIN188,#1 ICW 88%,COPPER TIER 2,COPPER,0.0,81.1803,4.4676,0.9573,4.2769,0.0
Merrillville,CUIN190,#1 ICW 90%,COPPER TIER 2,COPPER,183.0,582.5417,3.439,0.9573,3.2922,602.47
Merrillville,201,201 STAINLESS CLIP,STAINLESS STEEL TIER 2,STAINLESS STEEL,0.0,0.0,0.3089,1.0,0.3089,0.0
Merrillville,CU00002,#2 COPPER,COPPER TIER 1,COPPER,1116.5,3405.8764,5.0912,0.9573,4.8739,5441.72
Merrillville,CUIN220,#2 ICW 20% - CHRISTMAS LIGHTS,COPPER TIER 2,COPPER,384.0,69.445,0.7,0.9573,0.6701,257.33
Merrillville,CUIN235,#2 ICW 35%,COPPER TIER 2,COPPER,0.0,0.0,1.28,0.9573,1.2254,0.0
Merrillville,CUIN245,#2 ICW 45%,COPPER TIER 2,COPPER,986.0,736.7218,2.29,0.9573,2.1923,2161.57
Merrillville,CUIN255,#2 ICW 55%,COPPER TIER 2,COPPER,0.0,0.0,0.85,0.9573,0.8137,0.0
Merrillville,CUIN265,#2 ICW 65%,COPPER TIER 2,COPPER,0.0,0.0,2.88,0.9573,2.7571,0.0
Merrillville,CUIN280,#2 ICW 80%,COPPER TIER 2,COPPER,1875.0,4644.8684,3.79,0.9573,3.6282,6802.96
Merrillville,304SSL,304 STAINLESS L,STAINLESS STEEL TIER 1,STAINLESS STEEL,0.0,0.0,0.2,1.0,0.2,0.0
Merrillville,304SSOS,304 STAINLESS OVERSIZED,STAINLESS STEEL TIER 1,STAINLESS STEEL,0.0,0.0,0.2063,1.0,0.2063,0.0
Merrillville,NISS300,304 STAINLESS SOLIDS,STAINLESS STEEL TIER 1,STAINLESS STEEL,10000.0,2495.0,0.6284,1.0,0.6284,6284.28
Merrillville,NI300BO,304 STAINLESS STEEL TURNINGS,STAINLESS STEEL TIER 1,STAINLESS STEEL,1427.0,342.48,0.15,1.0,0.15,214.05
Merrillville,304STNPLY,304 STAINLESS WITH POLY,STAINLESS STEEL TIER 1,STAINLESS STEEL,0.0,0.0,0.55,1.0,0.55,0.0
Merrillville,NISS316,316 STAINLESS STEEL SOLIDS,STAINLESS STEEL TIER 1,STAINLESS STEEL,2595.0,1529.3226,1.1219,1.0,1.1219,2911.34
Merrillville,380PTDNC,380 PTD NEW CAST,ALUMINUM,ALUMINUM,0.0,0.0,0.997,0.9496,0.9468,0.0
Merrillville,CU00003,#3 COPPER,COPPER TIER 1,COPPER,526.0,713.0,5.17,0.9573,4.9493,2603.36
Merrillville,CU0003MICA,#3 Cu MICA 98%,COPPER TIER 1,COPPER,0.0,0.0,5.17,0.9573,4.9493,0.0
Merrillville,AL05052,5052 ALUMINUM,ALUMINUM,ALUMINUM,285.0,115.1122,1.2088,0.9496,1.148,327.17
Merrillville,ALEXTRU,6061 ALUMINUM EXTRUSIONS,ALUMINUM,ALUMINUM,800.0,360.64,1.4119,0.9496,1.3408,1072.63
Merrillville,AL06061,6061 ALUMINUM - SPC,ALUMINUM,ALUMINUM,0.0,0.0,1.114,0.9496,1.0579,0.0
Merrillville,6061PTDSPCAL,6061 PAINTED SPC,ALUMINUM,ALUMINUM,0.0,0.0,1.2687,0.9496,1.2048,0.0
Merrillville,TRWLS,6061 TRUCK WHEELS,ALUMINUM,ALUMINUM,151.0,60.4,1.2,0.9496,1.1396,172.08
Merrillville,AL6061TURNS,6061 TURNINGS,ALUMINUM,ALUMINUM,0.0,0.0,1.0225,0.9496,0.971,0.0
Merrillville,6063ALS,6063 AL SOLIDS,ALUMINUM,ALUMINUM,493.0,347.8322,0.7977,0.9496,0.7576,373.48
Merrillville,AL06063,6063 BARE ALUMINUM EXTRUSION,ALUMINUM,ALUMINUM,4308.0,4226.9669,1.6729,0.9496,1.5887,6843.98
Merrillville,AL06310,6063 PAINTED EXTRUSION,ALUMINUM,ALUMINUM,1545.0,887.1565,1.6048,0.9496,1.524,2354.54
Merrillville,6063PIAL,6063 PIPE,ALUMINUM,ALUMINUM,360.0,146.3217,1.0,0.9496,0.9496,341.87
Merrillville,7030BR,70/30 Brass Shells,BRASS TIER 2,BRASS,94.0,216.2,2.992,0.9573,2.8643,269.25
Merrillville,ACPUM,AC PUMPS,OTHER,OTHER,212.0,102.182,0.6424,1.0,0.6424,136.19
Merrillville,ALCURAEND,ACR AL/CU RADIATOR ENDS,ALUMINUM,ALUMINUM,1625.0,1175.0073,1.6856,0.9496,1.6007,2601.16
Merrillville,AL0ACSR,ACSR WIRE,ALUMINUM,ALUMINUM,41.0,8.2,0.25,0.9496,0.2374,9.73
Merrillville,ALBXCBL,AL BX CABLE,COPPER TIER 2,COPPER,205.0,235.75,1.3007,0.9573,1.2452,255.26
Merrillville,ALCURAD,AL/CU RADIATORS - CLEAN,ALUMINUM,ALUMINUM,2228.0,3076.6363,3.0351,0.9496,2.8823,6421.77
Merrillville,ALCURFE,AL/CU RADIATORS - FE,ALUMINUM,ALUMINUM,460.0,506.2985,1.1636,0.9496,1.105,508.29
Merrillville,ALDUST,AL DUST,ALUMINUM,ALUMINUM,0.0,0.0,0.0,0.9496,0.0,0.0
Merrillville,CUALTER,ALTERNATORS,COPPER TIER 3,COPPER,309.0,138.2999,1.15,0.9573,1.1009,340.18
Merrillville,ALUARM,ALUM ARMATURE,ALUMINUM,ALUMINUM,1385.0,95.482,0.08,0.9496,0.076,105.22
Merrillville,ALBXWI,ALUM BX WIRE,COPPER TIER 2,COPPER,43.0,5.8204,0.1713,0.9573,0.164,7.05
Merrillville,ALBRZ,ALUMINUM/BRONZE,ALUMINUM,ALUMINUM,546.0,1105.9198,4.0456,0.9496,3.8418,2097.65
Merrillville, ALBZTS1,ALUMINUM BRONZE TURNINGS,ALUMINUM,ALUMINUM,716.0,1718.4,3.18,0.9496,3.0199,2162.22
Merrillville,AL00UBC,ALUMINUM CANS,ALUMINUM,ALUMINUM,584.0,204.4086,0.8428,0.9496,0.8004,467.4
Merrillville,ALUMLC,ALUMINUM MLC,ALUMINUM,ALUMINUM,0.0,0.0,1.1437,0.9496,1.0862,0.0
Merrillville,ALMOLDS,ALUMINUM MOLDS,ALUMINUM,ALUMINUM,0.0,0.0,0.08,0.9496,0.076,0.0
Merrillville,ALSHEET,ALUMINUM OLD SHEET,ALUMINUM,ALUMINUM,2027.0,703.85,0.72,0.9496,0.6837,1385.95
Merrillville,PMLC,Aluminum Painted MLC,ALUMINUM,ALUMINUM,0.0,0.0,0.5,0.9496,0.4748,0.0
Merrillville,ALPAINT,ALUMINUM PAINTED SIDING,ALUMINUM,ALUMINUM,5012.0,2789.6913,1.0832,0.9496,1.0287,5155.73
Merrillville,AL0RADS,ALUMINUM RADIATORS - CLEAN,ALUMINUM,ALUMINUM,1047.0,658.98,0.9617,0.9496,0.9133,956.18
Merrillville,AL0RDFE,ALUMINUM RADIATORS - FE,ALUMINUM,ALUMINUM,1372.0,205.5883,0.1884,0.9496,0.1789,245.45
Merrillville,ALWHEEL,ALUMINUM RIMS,ALUMINUM,ALUMINUM,1225.0,735.0,1.3854,0.9496,1.3156,1611.64
Merrillville,ALTHERMEX,ALUMINUM THERMAL EXT,ALUMINUM,ALUMINUM,483.0,214.2666,0.82,0.9496,0.7787,376.12
Merrillville,ALTRANSF,ALUM TRANSFORMERS,ALUMINUM,ALUMINUM,7838.0,1099.02,0.21,0.9496,0.1994,1563.09
Merrillville,LEAUTOB,AUTO BATTERIES,LEAD,LEAD,17642.0,1899.0873,0.3,1.0,0.3,5292.6
Merrillville,FEAUCST,AUTO CAST,STEEL,STEEL,36872.0,5245.3944,0.192,0.9901,0.1901,7008.03
Merrillville,CUBALST,BALLAST,COPPER TIER 3,COPPER,1075.0,115.2373,0.39,0.9573,0.3734,401.36
Merrillville,CUBB001,BARE BRIGHT COPPER,COPPER TIER 1,COPPER,7035.0,28077.7316,5.3946,0.9573,5.1644,36331.35
Merrillville,BrCuSds,Beryllium Copper Solids,COPPER TIER 1,COPPER,0.0,0.0,5.2,0.9573,4.9781,0.0
Merrillville,BRAUTOR,BRASS AUTO RADIATORS - CLEAN,BRASS TIER 2,BRASS,0.0,0.0,1.582,0.9573,1.5145,0.0
Merrillville,BRAUTOF,BRASS AUTO RADIATORS - FE,BRASS TIER 2,BRASS,19.0,5.32,1.0872,0.9573,1.0408,19.78
Merrillville,BRNZTRN,BRONZE TURNINGS,BRASS TIER 2,BRASS,101.0,131.3,1.5,0.9573,1.436,145.03
Merrillville,Indbush,BUSHELING,STEEL,STEEL,161465.0,15129.9062,0.1582,0.9901,0.1566,25290.94
Merrillville,NICARBD,CARBIDE,STAINLESS STEEL TIER 2,STAINLESS STEEL,119.0,357.0,22.5,1.0,22.5,2677.5
Merrillville,CB2,CARDBOARD,ZWASTE,ZWASTE,2783.0,178.0604,0.0246,1.0,0.0246,68.33
Merrillville,CRNIBR7030,CHROME/NICKEL PLATED BRASS SHELLS,BRASS TIER 2,BRASS,389.0,855.8,3.45,0.9573,3.3028,1284.77
Merrillville,ALWHLCR,CHROME RIMS,ALUMINUM,ALUMINUM,456.0,240.9,0.89,0.9496,0.8452,385.4
Merrillville,CCAL,CLEAN CAST ALUMINUM,ALUMINUM,ALUMINUM,900.0,235.6801,0.6749,0.9496,0.6409,576.78
Merrillville,LESTRIP,CLEAN LEAD,LEAD,LEAD,0.0,0.0,0.25,1.0,0.25,0.0
Merrillville,CLSHST,CLEAN SHEET,STEEL,STEEL,37360.0,2545.1503,0.1349,0.9901,0.1335,4989.3
Merrillville,COMWIRECU,COMMUNICATION WIRE,COPPER TIER 2,COPPER,6320.0,8619.8241,2.2385,0.9573,2.1429,13543.37
Merrillville,CUALTRAN,COPPER/ALUMINUM TRANSFORMERS,COPPER TIER 3,COPPER,61.0,7.32,0.06,0.9573,0.0574,3.5
Merrillville,COPARM,COPPER ARMATURES,COPPER TIER 3,COPPER,341.0,682.0,0.7,0.9573,0.6701,228.51
Merrillville,CuBkrs,Copper Breakers,COPPER TIER 3,COPPER,0.0,0.0,0.07,0.9573,0.067,0.0
Merrillville,CUFUS,COPPER FUSES,COPPER TIER 3,COPPER,0.0,0.0,0.148,0.9573,0.1417,0.0
Merrillville,CU TRANS,COPPER TRANSFORMERS,COPPER TIER 3,COPPER,62.0,12.4,0.9318,0.9573,0.8921,55.31
Merrillville,CUBSBR,CU BUSS BAR,COPPER TIER 1,COPPER,0.0,0.0,5.6318,0.9573,5.3914,0.0
Merrillville,CUMOTORDC,DC MOTORS,COPPER TIER 3,COPPER,0.0,0.0,0.6,0.9573,0.5744,0.0
Merrillville,DALRS,Dirty Aluminum Rims,ALUMINUM,ALUMINUM,0.0,0.0,1.2661,0.9496,1.2024,0.0
Merrillville,DPBr,Dirty Plumbers Brass,BRASS TIER 1,BRASS,285.0,165.9,0.9773,0.9573,0.9356,266.65
Merrillville,DRKBS,Door Knobs,BRASS TIER 2,BRASS,518.0,31.5509,0.8,0.9573,0.7659,396.71
Merrillville,EDMW,EDM WIRE ,BRASS TIER 1,BRASS,496.0,1140.8,3.14,0.9573,3.006,1490.97
Merrillville,CUMOTOR,ELECTRIC MOTORS,COPPER TIER 3,COPPER,1452.0,203.0779,0.62,0.9573,0.5935,861.82
Merrillville,CUMOD,ELECTRIC MOTORS - FE,COPPER TIER 3,COPPER,5268.0,464.5401,0.47,0.9573,0.4499,2370.29
Merrillville,CUELMOL,ELECTRIC MOTORS - LARGE,COPPER TIER 3,COPPER,2010.0,273.0081,0.51,0.9573,0.4882,981.35
Merrillville,FEPBCNTWTS,FE PB COUNTER WEIGHTS,LEAD,LEAD,0.0,0.0,0.0,1.0,0.0,0.0
Merrillville,ACUT,FULL A/C UNIT,STEEL,STEEL,14686.0,2202.9,0.15,0.9901,0.1485,2181.09
Merrillville,HAST276,HAST C-276 SOLIDS,STAINLESS STEEL TIER 2,STAINLESS STEEL,0.0,0.0,0.0,1.0,0.0,0.0
Merrillville,INDHVYM,HEAVY MELT,STEEL,STEEL,39226.0,3395.2791,0.1449,0.9901,0.1435,5627.89
Merrillville,ICWHARWIR,ICW HARNESS WIRE,COPPER TIER 2,COPPER,259.0,211.3081,2.3984,0.9573,2.296,594.66
Merrillville,NIINCON,INCONEL,STAINLESS STEEL TIER 2,STAINLESS STEEL,1157.0,2314.0,1.7998,1.0,1.7998,2082.34
Merrillville,InsECW,INSULATED EC WIRE,ALUMINUM,ALUMINUM,470.0,136.2276,1.2,0.9496,1.1396,535.6
Merrillville,IrBrTs,Irony Brass Turnings,BRASS TIER 2,BRASS,103.0,89.2598,0.8666,0.9573,0.8296,85.45
Merrillville,AL063FE,IRONY EXTRUSIONS,ALUMINUM,ALUMINUM,1760.0,392.3068,1.0623,0.9496,1.0088,1775.43
Merrillville,IyRdBr,Irony Red Brass,BRASS TIER 1,BRASS,0.0,0.0,0.0,0.9573,0.0,0.0
Merrillville,IrYwBr,Irony Yellow Brass,BRASS TIER 1,BRASS,135.0,106.5622,1.0783,0.9573,1.0322,139.35
Merrillville,MA00001,MAGNESIUM,OTHER,OTHER,5.0,0.0,0.01,1.0,0.01,0.05
Merrillville,MO2RE2,MO2-RE2,STAINLESS STEEL TIER 2,STAINLESS STEEL,884.0,1878.0,2.1244,1.0,2.1244,1878.0
Merrillville,OLCAAL,OLD CAST AL,ALUMINUM,ALUMINUM,0.0,0.0,0.25,0.9496,0.2374,0.0
Merrillville,OCAL5,OLD CAST AL 5% FE,ALUMINUM,ALUMINUM,1699.0,598.4554,0.75,0.9496,0.7122,1210.08
Merrillville,Pwtr,Pewter,BRASS TIER 2,BRASS,17.0,54.06,3.18,0.9573,3.0443,51.75
Merrillville,BR0PHOS,PHOS BRONZE SOLIDS,BRASS TIER 2,BRASS,148.0,330.04,2.0,0.9573,1.9146,283.37
Merrillville,INDP&S,PLATE & STRUCTUAL,STEEL,STEEL,37810.0,3056.4892,0.1509,0.9901,0.1494,5649.88
Merrillville,PRELMTR,PREMIUM ELECTRIC MOTORS ,COPPER TIER 3,COPPER,0.0,0.0,0.06,0.9573,0.0574,0.0
Merrillville,RLWHLS,RAIL WHEELS ,STEEL,STEEL,0.0,0.0,0.0,0.9901,0.0,0.0
Merrillville,LERANGE,RANGE LEAD,LEAD,LEAD,305.0,144.4242,0.4735,1.0,0.4735,144.42
Merrillville,REBAR,REBAR,STEEL,STEEL,0.0,0.0,0.0168,0.9901,0.0166,0.0
Merrillville,BRREDSD,RED BRASS SOLIDS,BRASS TIER 1,BRASS,544.0,1523.2,4.2365,0.9573,4.0557,2206.28
Merrillville,CUSEALD,SEALED UNITS,COPPER TIER 3,COPPER,4716.0,435.4948,0.417,0.9573,0.3992,1882.61
Merrillville,SEMREBR,SEMI RED BRASS,BRASS TIER 1,BRASS,42.0,111.3,4.3247,0.9573,4.1402,173.89
Merrillville,SHIRST,SHEET IRON,STEEL,STEEL,38339.0,2500.4461,0.1234,0.9901,0.1222,4685.75
Merrillville,SvrPBr,Silver Plated Brass,BRASS TIER 2,BRASS,0.0,0.0,0.0,0.9573,0.0,0.0
Merrillville,SvPtCu,Silver Plated Copper,COPPER TIER 1,COPPER,0.0,0.0,2.0,0.9573,1.9146,0.0
Merrillville,SVPBB,SILVER PLTD BUSS BAR,COPPER TIER 1,COPPER,188.0,401.425,2.7035,0.9573,2.5881,486.56
Merrillville,SOFLEA,SOFT LEAD,LEAD,LEAD,985.0,319.136,0.7808,1.0,0.7808,769.14
Merrillville,NIMIXD,STAINLESS STEEL - FE,STAINLESS STEEL TIER 1,STAINLESS STEEL,5689.0,558.5536,0.4413,1.0,0.4413,2510.53
Merrillville,CUSTART,STARTERS,COPPER TIER 3,COPPER,618.0,163.3416,0.8687,0.9573,0.8317,513.96
Merrillville,STBXCAB,STEEL BX CABLE,STEEL,STEEL,0.0,0.0,0.05,0.9901,0.0495,0.0
Merrillville,STBXW,STEEL BX WIRE (fe),STEEL,STEEL,185.0,23.75,0.15,0.9901,0.1485,27.48
Merrillville,STCBLE,STEEL CABLE,STEEL,STEEL,0.0,0.0,0.0,0.9901,0.0,0.0
Merrillville,LEFECAS,STEEL CASED BATTERIES,LEAD,LEAD,2330.0,116.5,0.27,1.0,0.27,629.1
Merrillville,STCSCOTRA,STEEL CASED COPPER TRANSFORMERS,COPPER TIER 3,COPPER,2907.0,554.862,0.35,0.9573,0.3351,974.03
Merrillville,TCABLE,Teck Cable,COPPER TIER 2,COPPER,46.0,28.8525,0.6272,0.9573,0.6005,27.62
Merrillville,TCUBSBR,TIN PLATED BUSBAR,COPPER TIER 1,COPPER,114.0,171.0,5.3619,0.9573,5.1331,585.17
Merrillville,TNPDCWR,TIN PLTD COPPER WIRE,COPPER TIER 1,COPPER,0.3,1.0722,5.14,0.9573,4.9206,1.48
Merrillville,TUNGMOTAINS,TUNGSTEN MOLY TA INSERTS,STAINLESS STEEL TIER 2,STAINLESS STEEL,125.0,594.9326,30.68,1.0,30.68,3835.0
Merrillville,UNPREP,UNPREPARED P&S ,STEEL,STEEL,25544.0,1744.5707,0.1432,0.9901,0.1418,3620.99
Merrillville,WASTE,WASTE,ZWASTE,ZWASTE,4650.0,0.0,0.0,1.0,0.0,0.0
Merrillville,LEWHEEL,WHEEL WEIGHTS,LEAD,LEAD,394.0,41.86,0.0201,1.0,0.0201,7.92
Merrillville,BRSHEL,YELLOW BRASS SHELLS,BRASS TIER 1,BRASS,0.0,0.0,1.53,0.9573,1.4647,0.0
Merrillville,BRYELLO,YELLOW BRASS SOLIDS,BRASS TIER 1,BRASS,2645.0,5590.3205,3.1104,0.9573,2.9776,7875.79
Merrillville,BRINDBT,YELLOW BRASS TURNINGS,BRASS TIER 1,BRASS,97.0,178.4072,1.823,0.9573,1.7452,169.28
Merrillville,ZNDICST,ZINC DIE CAST,ZINC,ZINC,771.0,333.5888,0.35,1.0,0.35,269.85
Merrillville,3003PTD,ZZ DO NOT USE - 3003 ALUMINUM PAINTED  ,ALUMINUM,ALUMINUM,45.0,9.0,0.2,0.9496,0.1899,8.55
Merrillville,356ALCAST,ZZ DO NOT USE - 356 ALUMINUM CASTINGS,ALUMINUM,ALUMINUM,0.0,0.0,1.12,0.9496,1.0636,0.0
Merrillville,AL0BECW,ZZ DO NOT USE - AL BARE EC WIRE,ALUMINUM,ALUMINUM,395.0,114.7776,1.936,0.9496,1.8385,726.2
Merrillville,ALBRKG,ZZ DO NOT USE ALUMINUM BREAKAGE,ALUMINUM,ALUMINUM,6221.0,611.4692,0.3243,0.9496,0.308,1915.8
Merrillville,ALMTRNG,ZZ DO NOT USE - ALUMINUM TURNINGS,ALUMINUM,ALUMINUM,3368.5,673.9667,0.7887,0.9496,0.7489,2522.82
Merrillville,AL0CAST,ZZ DO NOT USE CAST ALUMINUM,ALUMINUM,ALUMINUM,0.0,0.0,0.3,0.9496,0.2849,0.0
Merrillville,OPNEYHLXCU,ZZ DO NOT USE HELIAX,COPPER TIER 2,COPPER,248.0,272.8,2.57,0.9573,2.4603,610.16
Merrillville,ROMWIRE,ZZ DO NOT USE - ROMEX,COPPER TIER 2,COPPER,417.0,889.2796,3.2,0.9573,3.0634,1277.45
Merrillville,FETURN,ZZ DO NOT USE STEEL TURNINGS,STEEL,STEEL,0.0,0.0003,0.1183,0.9901,0.1171,0.0
Merrillville,UNHMS,ZZ DO NOT USE - UNPREPARED HMS (uhms),STEEL,STEEL,36425.0,1843.337,0.1349,0.9901,0.1336,4865.82
Milton,1018ST,1018 STEEL,STEEL,STEEL,0.0,0.0,0.0,0.9901,0.0,0.0
Milton,NI138T,13-8 STAINLESS STEEL TURNINGS,STAINLESS STEEL TIER 2,STAINLESS STEEL,0.0,0.0,0.0,1.0,0.0,0.0
Milton,155SSS,15-5 STAINLESS SOLIDS,STAINLESS STEEL TIER 2,STAINLESS STEEL,0.0,0.0,0.0,1.0,0.0,0.0
Milton,NI15-5,15-5 STAINLESS STEEL TURNINGS,STAINLESS STEEL TIER 2,STAINLESS STEEL,8603.0,172.06,0.02,1.0,0.02,172.06
Milton,174SOLIDS,17-4 SOLIDS,STAINLESS STEEL TIER 1,STAINLESS STEEL,588.0,42.4063,0.19,1.0,0.19,111.72
Milton,NI174BO,17-4 STAINLESS STEEL TURNINGS,STAINLESS STEEL TIER 1,STAINLESS STEEL,26079.0,583.6586,0.11,1.0,0.11,2868.69
Milton,CLPBNDS,#1 BUNDLES,STEEL,STEEL,0.0,0.0,0.0,0.9901,0.0,0.0
Milton,CU00001,#1 COPPER,COPPER TIER 1,COPPER,601.0,2051.814,5.2249,0.9573,5.0019,3006.14
Milton,CUIN160,#1 ICW 60%,COPPER TIER 2,COPPER,0.0,0.0,3.2712,0.9573,3.1315,0.0
Milton,CUIN172,#1 ICW 72%,COPPER TIER 2,COPPER,0.0,0.0,3.0,0.9573,2.872,0.0
Milton,ICW80,#1 ICW 80%,COPPER TIER 2,COPPER,0.0,0.0,4.1513,0.9573,3.9741,0.0
Milton,CUIN185,#1 ICW 85%,COPPER TIER 2,COPPER,0.0,0.0,3.3261,0.9573,3.1841,0.0
Milton,CUIN188,#1 ICW 88%,COPPER TIER 2,COPPER,3648.0,7148.0096,4.4676,0.9573,4.2769,15602.3
Milton,CUIN190,#1 ICW 90%,COPPER TIER 2,COPPER,0.0,0.0,3.439,0.9573,3.2922,0.0
Milton,AL02024,2000 SERIES ALUMINUM,ALUMINUM,ALUMINUM,329.0,65.8,0.2,0.9496,0.1899,62.49
Milton,201,201 STAINLESS CLIP,STAINLESS STEEL TIER 2,STAINLESS STEEL,3440.0,172.0,0.3089,1.0,0.3089,1062.6
Milton,201SSCOIL,201 STAINLESS COIL,STAINLESS STEEL TIER 2,STAINLESS STEEL,0.0,0.0,0.0,1.0,0.0,0.0
Milton,2205 Solids,2205 SOLIDS,STAINLESS STEEL TIER 2,STAINLESS STEEL,0.0,0.0,0.4,1.0,0.4,0.0
Milton,2205 STAINLESS,2205 STAINLESS STEEL TURNINGS,STAINLESS STEEL TIER 2,STAINLESS STEEL,0.0,0.0,0.7983,1.0,0.7983,0.0
Milton,BR00230,230 BRASS SOLIDS,BRASS TIER 2,BRASS,0.0,0.0,0.0,0.9573,0.0,0.0
Milton,CU00002,#2 COPPER,COPPER TIER 1,COPPER,469.0,1402.0712,5.0912,0.9573,4.8739,2285.86
Milton,CUIN220,#2 ICW 20% - CHRISTMAS LIGHTS,COPPER TIER 2,COPPER,101.0,19.78,0.7,0.9573,0.6701,67.68
Milton,CUIN235,#2 ICW 35%,COPPER TIER 2,COPPER,1203.0,389.7462,1.28,0.9573,1.2254,1474.12
Milton,CUIN245,#2 ICW 45%,COPPER TIER 2,COPPER,0.0,0.0,2.29,0.9573,2.1923,0.0
Milton,CUIN255,#2 ICW 55%,COPPER TIER 2,COPPER,0.0,0.0,0.85,0.9573,0.8137,0.0
Milton,CUIN265,#2 ICW 65%,COPPER TIER 2,COPPER,842.0,1037.3099,2.88,0.9573,2.7571,2321.46
Milton,CUIN280,#2 ICW 80%,COPPER TIER 2,COPPER,0.0,0.0,3.79,0.9573,3.6282,0.0
Milton,30ALP,3003 ALUMINUM WITH POLY,ALUMINUM,ALUMINUM,0.0,0.0,1.574,0.9496,1.4947,0.0
Milton,NISS301,301 STAINLESS STEEL SOLIDS,STAINLESS STEEL TIER 2,STAINLESS STEEL,0.0,0.0,0.1,1.0,0.1,0.0
Milton,304SSL,304 STAINLESS L,STAINLESS STEEL TIER 1,STAINLESS STEEL,0.0,0.0,0.2,1.0,0.2,0.0
Milton,304SSOS,304 STAINLESS OVERSIZED,STAINLESS STEEL TIER 1,STAINLESS STEEL,0.0,0.0,0.2063,1.0,0.2063,0.0
Milton,NISS300,304 STAINLESS SOLIDS,STAINLESS STEEL TIER 1,STAINLESS STEEL,0.0,0.0,0.6284,1.0,0.6284,0.0
Milton,NI300BO,304 STAINLESS STEEL TURNINGS,STAINLESS STEEL TIER 1,STAINLESS STEEL,3024.0,785.4637,0.15,1.0,0.15,453.6
Milton,304STNPLY,304 STAINLESS WITH POLY,STAINLESS STEEL TIER 1,STAINLESS STEEL,0.0,0.0,0.55,1.0,0.55,0.0
Milton,NISS309,309 STAINLESS STEEL SOLIDS,STAINLESS STEEL TIER 2,STAINLESS STEEL,0.0,0.0,0.0,1.0,0.0,0.0
Milton,3105ALSOL,3105 AL SOLIDS,ALUMINUM,ALUMINUM,488.0,195.2,0.4,0.9496,0.3799,185.37
Milton,NISS310,310 STAINLESS STEEL SOLIDS,STAINLESS STEEL TIER 2,STAINLESS STEEL,0.0,0.0,0.0,1.0,0.0,0.0
Milton,316SSO,316 STAINLESS STEEL OVERSIZED,STAINLESS STEEL TIER 1,STAINLESS STEEL,6000.0,4484.4526,0.25,1.0,0.25,1500.0
Milton,NISS316,316 STAINLESS STEEL SOLIDS,STAINLESS STEEL TIER 1,STAINLESS STEEL,572.0,368.3154,1.1219,1.0,1.1219,641.73
Milton,NI316BO,316 STAINLESS STEEL TURNINGS,STAINLESS STEEL TIER 1,STAINLESS STEEL,1370.0,411.0,0.951,1.0,0.951,1302.88
Milton,319CSTAL,319 CASTINGS,ALUMINUM,ALUMINUM,0.0,0.0,0.0,0.9496,0.0,0.0
Milton,360BS,360 BRASS SOLIDS,BRASS TIER 2,BRASS,117.0,235.2804,2.7,0.9573,2.5848,302.42
Milton,360 brass turnings,360 BRASS TURNINGS,BRASS TIER 2,BRASS,0.0,0.0,3.04,0.9573,2.9102,0.0
Milton,380ALTRN,380 ALUMINUM TURNINGS,ALUMINUM,ALUMINUM,1951.0,358.5319,0.7,0.9496,0.6647,1296.93
Milton,380NCAL,380 BARE NEW CAST ALUMINUM,ALUMINUM,ALUMINUM,1381.0,385.8935,0.9754,0.9496,0.9262,1279.14
Milton,380NCRUB,380 NEW CAST W/ 5% RUBBER ATTACHMENTS,ALUMINUM,ALUMINUM,4481.0,1133.4976,0.8283,0.9496,0.7866,3524.85
Milton,380PTDNC,380 PTD NEW CAST,ALUMINUM,ALUMINUM,0.0,0.0,0.997,0.9496,0.9468,0.0
Milton,CU00003,#3 COPPER,COPPER TIER 1,COPPER,0.0,0.0,5.17,0.9573,4.9493,0.0
Milton,CU0003MICA,#3 Cu MICA 98%,COPPER TIER 1,COPPER,0.0,0.0,5.17,0.9573,4.9493,0.0
Milton,NISS400,400 STAINLESS STEEL SOLIDS,STAINLESS STEEL TIER 2,STAINLESS STEEL,0.0,0.0,0.0,1.0,0.0,0.0
Milton,410SSTRN,410 SS TURNINGS,STAINLESS STEEL TIER 2,STAINLESS STEEL,435.0,20.64,0.16,1.0,0.16,69.6
Milton,410SSS,410 STAINLESS SOLIDS,STAINLESS STEEL TIER 2,STAINLESS STEEL,0.0,0.0,0.1311,1.0,0.1311,0.0
Milton,4140SOLS,4140 SOLIDS,STEEL,STEEL,0.0,0.0,0.0804,0.9901,0.0796,0.0
Milton,416SSS,416 SS SOLIDS,STAINLESS STEEL TIER 2,STAINLESS STEEL,0.0,0.0,0.0,1.0,0.0,0.0
Milton,430SSP,430 STAINLESS STEEL PIPE,STAINLESS STEEL TIER 2,STAINLESS STEEL,0.0,0.0,0.25,1.0,0.25,0.0
Milton,440SSS,440 STAINLESS SOLIDS,STAINLESS STEEL TIER 2,STAINLESS STEEL,993.0,68.1978,0.0687,1.0,0.0687,68.2
Milton,446SS,446 STAINLESS STEEL,STAINLESS STEEL TIER 2,STAINLESS STEEL,0.0,0.0,0.0,1.0,0.0,0.0
Milton,AL05052,5052 ALUMINUM,ALUMINUM,ALUMINUM,1230.0,1646.9372,1.2088,0.9496,1.148,1411.98
Milton,AL5052SHPOLY,5052 ALUMINUM SHEET W/POLY,ALUMINUM,ALUMINUM,1180.0,1427.8,1.0818,0.9496,1.0273,1212.21
Milton,6022ALUM,6022 ALUMINUM,ALUMINUM,ALUMINUM,591.0,200.0739,1.4,0.9496,1.3295,785.73
Milton,6040NAVBR,60/40 NAVAL BRASS,BRASS TIER 2,BRASS,0.0,0.0,0.0,0.9573,0.0,0.0
Milton,6061ALR,6061 AL RIMS,ALUMINUM,ALUMINUM,700.0,257.18,0.5136,0.9496,0.4877,341.42
Milton,ALEXTRU,6061 ALUMINUM EXTRUSIONS,ALUMINUM,ALUMINUM,2648.0,1940.821,1.4119,0.9496,1.3408,3550.41
Milton,AL06061,6061 ALUMINUM - SPC,ALUMINUM,ALUMINUM,0.0,0.0,1.114,0.9496,1.0579,0.0
Milton,6061PTDSPCAL,6061 PAINTED SPC,ALUMINUM,ALUMINUM,0.0,0.0,1.2687,0.9496,1.2048,0.0
Milton,AL6061TURNS,6061 TURNINGS,ALUMINUM,ALUMINUM,12629.0,3666.1987,1.0225,0.9496,0.971,12262.93
Milton,6063ALS,6063 AL SOLIDS,ALUMINUM,ALUMINUM,0.0,0.0,0.7977,0.9496,0.7576,0.0
Milton,AL06063,6063 BARE ALUMINUM EXTRUSION,ALUMINUM,ALUMINUM,2655.0,2096.1255,1.6729,0.9496,1.5887,4217.91
Milton,AL06310,6063 PAINTED EXTRUSION,ALUMINUM,ALUMINUM,1146.0,650.7,1.6048,0.9496,1.524,1746.48
Milton,6063PIAL,6063 PIPE,ALUMINUM,ALUMINUM,603.0,301.5,1.0,0.9496,0.9496,572.63
Milton,6105 turnings,6105 TURNINGS,ALUMINUM,ALUMINUM,0.0,0.0,0.0,0.9496,0.0,0.0
Milton,AL07000,7000 SERIES ALUMINUM,ALUMINUM,ALUMINUM,0.0,0.0,0.0,0.9496,0.0,0.0
Milton,AL07075,7075 ALUMINUM,ALUMINUM,ALUMINUM,727.0,436.2,0.5904,0.9496,0.5607,407.62
Milton,AAAPRT,AA AUTO PARTS,STEEL,STEEL,0.0,0.0,0.0,0.9901,0.0,0.0
Milton,ACPUM,AC PUMPS,OTHER,OTHER,449.0,35.7614,0.6424,1.0,0.6424,288.44
Milton,ALCURAEND,ACR AL/CU RADIATOR ENDS,ALUMINUM,ALUMINUM,210.0,24.8041,1.6856,0.9496,1.6007,336.15
Milton,AL0ACSR,ACSR WIRE,ALUMINUM,ALUMINUM,593.0,122.9,0.25,0.9496,0.2374,140.78
Milton,5086,AL 5086,ALUMINUM,ALUMINUM,70.0,7.8568,1.15,0.9496,1.0921,76.45
Milton,ALCURAD,AL/CU RADIATORS - CLEAN,ALUMINUM,ALUMINUM,164.0,193.1972,3.0351,0.9496,2.8823,472.7
Milton,ALCURFE,AL/CU RADIATORS - FE,ALUMINUM,ALUMINUM,178.0,175.0933,1.1636,0.9496,1.105,196.69
Milton,ALDUST,AL DUST,ALUMINUM,ALUMINUM,0.0,0.0,0.0,0.9496,0.0,0.0
Milton,ALTANKS,AL TANKS,ALUMINUM,ALUMINUM,0.0,0.0,0.0,0.9496,0.0,0.0
Milton,CUALTER,ALTERNATORS,COPPER TIER 3,COPPER,283.0,39.5467,1.15,0.9573,1.1009,311.56
Milton,ALUARM,ALUM ARMATURE,ALUMINUM,ALUMINUM,0.0,0.0,0.08,0.9496,0.076,0.0
Milton,ALBXWI,ALUM BX WIRE,COPPER TIER 2,COPPER,101.0,15.9057,0.1713,0.9573,0.164,16.57
Milton,ALBRZ,ALUMINUM/BRONZE,ALUMINUM,ALUMINUM,157.0,365.5,4.0456,0.9496,3.8418,603.17
Milton,AL00UBC,ALUMINUM CANS,ALUMINUM,ALUMINUM,244.0,48.8,0.8428,0.9496,0.8004,195.29
Milton,ALDCAST,ALUMINUM DIE-CAST,ALUMINUM,ALUMINUM,0.0,0.0,0.4,0.9496,0.3799,0.0
Milton,ALFOIL,ALUMINUM FOIL,ALUMINUM,ALUMINUM,1.0,0.06,0.06,0.9496,0.057,0.06
Milton,ALLITHO,ALUMINUM LITHO,ALUMINUM,ALUMINUM,5994.0,1798.2,1.68,0.9496,1.5954,9562.82
Milton,ALUMLC,ALUMINUM MLC,ALUMINUM,ALUMINUM,430.0,260.8614,1.1437,0.9496,1.0862,467.04
Milton,ALMOTOR,ALUMINUM MOTOR BLOCKS WHOLE,ALUMINUM,ALUMINUM,2136.0,277.68,0.13,0.9496,0.1235,263.7
Milton,ALNCST,ALUMINUM NEW CAST,ALUMINUM,ALUMINUM,127.0,38.1,0.3171,0.9496,0.3011,38.25
Milton,ALSHEET,ALUMINUM OLD SHEET,ALUMINUM,ALUMINUM,2060.0,614.7763,0.72,0.9496,0.6837,1408.51
Milton,PMLC,Aluminum Painted MLC,ALUMINUM,ALUMINUM,0.0,0.0,0.5,0.9496,0.4748,0.0
Milton,ALPAINT,ALUMINUM PAINTED SIDING,ALUMINUM,ALUMINUM,600.0,232.4398,1.0832,0.9496,1.0287,617.21
Milton,AL0RADS,ALUMINUM RADIATORS - CLEAN,ALUMINUM,ALUMINUM,1112.0,193.381,0.9617,0.9496,0.9133,1015.55
Milton,AL0RDFE,ALUMINUM RADIATORS - FE,ALUMINUM,ALUMINUM,719.0,96.9958,0.1884,0.9496,0.1789,128.63
Milton,ALWHEEL,ALUMINUM RIMS,ALUMINUM,ALUMINUM,8342.0,4815.7,1.3854,0.9496,1.3156,10974.96
Milton,ALSKMS,ALUMINUM SPILLS,ALUMINUM,ALUMINUM,0.0,0.0,0.0,0.9496,0.0,0.0
Milton,ALTHERMEX,ALUMINUM THERMAL EXT,ALUMINUM,ALUMINUM,3785.0,1295.2209,0.82,0.9496,0.7787,2947.41
Milton,ALTRANSF,ALUM TRANSFORMERS,ALUMINUM,ALUMINUM,10.0,0.9,0.21,0.9496,0.1994,1.99
Milton,LEAUTOB,AUTO BATTERIES,LEAD,LEAD,4444.0,404.7634,0.3,1.0,0.3,1333.2
Milton,FE0DEAT,AUTO BODY - COMPLETE,STEEL,STEEL,39840.0,2921.76,0.0905,0.9901,0.0896,3568.34
Milton,FE0AUTO,AUTO BODY - INCOMPLETE,STEEL,STEEL,53720.0,4076.7343,0.087,0.9901,0.0862,4629.78
Milton,FEAUCST,AUTO CAST,STEEL,STEEL,8580.0,993.3975,0.192,0.9901,0.1901,1630.75
Milton,CUBALST,BALLAST,COPPER TIER 3,COPPER,455.0,27.9377,0.39,0.9573,0.3734,169.88
Milton,CUBB001,BARE BRIGHT COPPER,COPPER TIER 1,COPPER,1323.0,3006.7817,5.3946,0.9573,5.1644,6832.46
Milton,BARRELS,BARRELS,OTHER,OTHER,16332.0,773.9561,0.0474,1.0,0.0474,774.05
Milton,BrCuSds,Beryllium Copper Solids,COPPER TIER 1,COPPER,0.0,0.0,5.2,0.9573,4.9781,0.0
Milton,BRYTRN,BERYLLIUM TURNINGS,COPPER TIER 1,COPPER,0.0,0.0,0.0,0.9573,0.0,0.0
Milton,BRAUTOR,BRASS AUTO RADIATORS - CLEAN,BRASS TIER 2,BRASS,275.0,408.2005,1.582,0.9573,1.5145,416.49
Milton,BRBM,BRASS BALL MILL,BRASS TIER 2,BRASS,0.0,0.0,0.0,0.9573,0.0,0.0
Milton,BRHVBRK,BRASS BREAKAGE,BRASS TIER 2,BRASS,0.0,0.0,1.78,0.9573,1.704,0.0
Milton,BRCU,BRASS/COPPER MIX,COPPER TIER 1,COPPER,113.0,106.9657,0.4113,0.9573,0.3937,44.49
Milton,BRDROSS,BRASS DROSS,BRASS TIER 2,BRASS,2120.0,219.7073,0.1036,0.9573,0.0992,210.33
Milton,BRINDUST,BRASS DUST,BRASS TIER 2,BRASS,0.0,0.0,0.0,0.9573,0.0,0.0
Milton,BRFHGGF,BRASS FINES - HGGF,BRASS TIER 2,BRASS,0.0,0.0,0.0,0.9573,0.0,0.0
Milton,BRFLLGGF,BRASS FINES - LGGF,BRASS TIER 2,BRASS,0.0,0.0,0.0,0.9573,0.0,0.0
Milton,BRFLASH,BRASS FLASHINGS,BRASS TIER 2,BRASS,0.0,0.0,0.0,0.9573,0.0,0.0
Milton,BRFC,BRASS FURNACE CUTTINGS,BRASS TIER 2,BRASS,0.0,0.0,0.0,0.9573,0.0,0.0
Milton,BRSLAG,BRASS SLAG,BRASS TIER 2,BRASS,0.0,0.0,0.0,0.9573,0.0,0.0
Milton,BRSPL01,BRASS SPILLS,BRASS TIER 2,BRASS,0.0,0.0,0.0,0.9573,0.0,0.0
Milton,BRASTUR,BRASS TURNINGS,BRASS TIER 2,BRASS,0.0,0.0,0.0,0.9573,0.0,0.0
Milton,BRKERTIN,BROKERED TIN,OTHER,OTHER,0.0,0.0,0.0,1.0,0.0,0.0
Milton,BRNZTRN,BRONZE TURNINGS,BRASS TIER 2,BRASS,0.0,0.0,1.5,0.9573,1.436,0.0
Milton,Indbush,BUSHELING,STEEL,STEEL,46220.0,5390.4328,0.1582,0.9901,0.1566,7239.63
Milton,NICARBD,CARBIDE,STAINLESS STEEL TIER 2,STAINLESS STEEL,0.0,0.0,22.5,1.0,22.5,0.0
Milton,CB2,CARDBOARD,ZWASTE,ZWASTE,1501.0,0.0,0.0246,1.0,0.0246,36.85
Milton,CATR,Cast Aluminum - Transmissions,ALUMINUM,ALUMINUM,735.0,220.5,0.3,0.9496,0.2849,209.4
Milton,PRCATAL,CATALYTIC CONVERTOR,OTHER,OTHER,649.0,5481.1445,20.0,1.0,20.0,12980.0
Milton,ALWHLCR,CHROME RIMS,ALUMINUM,ALUMINUM,946.0,423.2202,0.89,0.9496,0.8452,799.54
Milton,CCAL,CLEAN CAST ALUMINUM,ALUMINUM,ALUMINUM,55.0,16.5,0.6749,0.9496,0.6409,35.25
Milton,LESTRIP,CLEAN LEAD,LEAD,LEAD,0.0,0.0,0.25,1.0,0.25,0.0
Milton,CLSHST,CLEAN SHEET,STEEL,STEEL,11934.0,752.4156,0.1349,0.9901,0.1335,1593.75
Milton,CO6FE,CO/6 HIGH FE,OTHER,OTHER,0.0,0.0,0.7,1.0,0.7,0.0
Milton,COMWIRECU,COMMUNICATION WIRE,COPPER TIER 2,COPPER,1831.0,1378.3396,2.2385,0.9573,2.1429,3923.72
Milton,CUALTRNMX,COPPER / AL TURNINGS MIX,ALUMINUM,ALUMINUM,0.0,0.0,0.0,0.9496,0.0,0.0
Milton,CUALTRAN,COPPER/ALUMINUM TRANSFORMERS,COPPER TIER 3,COPPER,1042.0,74.3237,0.06,0.9573,0.0574,59.85
Milton,CUREFIN,COPPER REFINERY,COPPER TIER 1,COPPER,0.0,0.0,0.0,0.9573,0.0,0.0
Milton,CU TRANS,COPPER TRANSFORMERS,COPPER TIER 3,COPPER,99.0,14.85,0.9318,0.9573,0.8921,88.31
Milton,INCU T,COPPER TURNINGS,COPPER TIER 1,COPPER,0.0,0.0,2.9208,0.9573,2.7961,0.0
Milton,CUBSBR,CU BUSS BAR,COPPER TIER 1,COPPER,0.0,0.0,5.6318,0.9573,5.3914,0.0
Milton,CuSt,Cu/Steel Mix,COPPER TIER 3,COPPER,169.0,0.0,0.5,0.9573,0.4787,80.89
Milton,DALRS,Dirty Aluminum Rims,ALUMINUM,ALUMINUM,554.0,221.6,1.2661,0.9496,1.2024,666.1
Milton,DRTYBRS,DIRTY BRASS,BRASS TIER 1,BRASS,335.0,98.3401,0.4551,0.9573,0.4357,145.97
Milton,DPBr,Dirty Plumbers Brass,BRASS TIER 1,BRASS,0.0,0.0,0.9773,0.9573,0.9356,0.0
Milton,DRKBS,Door Knobs,BRASS TIER 2,BRASS,0.0,0.0,0.8,0.9573,0.7659,0.0
Milton,BREDMC,EDM CHOPS,BRASS TIER 2,BRASS,0.0,0.0,3.3,0.9573,3.1592,0.0
Milton,EDMW,EDM WIRE ,BRASS TIER 1,BRASS,759.0,1435.7176,3.14,0.9573,3.006,2281.54
Milton,ELECBR,ELECTRICAL BRASS,BRASS TIER 2,BRASS,0.0,0.0,0.0,0.9573,0.0,0.0
Milton,CUMOTOR,ELECTRIC MOTORS,COPPER TIER 3,COPPER,200.0,18.2559,0.62,0.9573,0.5935,118.71
Milton,CUMOD,ELECTRIC MOTORS - FE,COPPER TIER 3,COPPER,1362.0,55.6856,0.47,0.9573,0.4499,612.82
Milton,CUELMOL,ELECTRIC MOTORS - LARGE,COPPER TIER 3,COPPER,0.0,0.0,0.51,0.9573,0.4882,0.0
Milton,FENST,FENCING,STEEL,STEEL,5140.0,85.4767,0.0179,0.9901,0.0177,90.88
Milton,ACUT,FULL A/C UNIT,STEEL,STEEL,105.0,15.75,0.15,0.9901,0.1485,15.59
Milton,Graphdst,GRAPHITE DUST,LEAD,LEAD,0.0,0.0,0.0,1.0,0.0,0.0
Milton,H13Solids,H-13 SOLIDS,STAINLESS STEEL TIER 2,STAINLESS STEEL,1040.0,43.1192,0.35,1.0,0.35,364.0
Milton,TSH13TRN,H-13 TURNINGS,STAINLESS STEEL TIER 2,STAINLESS STEEL,0.0,0.0,0.3,1.0,0.3,0.0
Milton,INDHVYM,HEAVY MELT,STEEL,STEEL,127002.0,8314.775,0.1449,0.9901,0.1435,18221.43
Milton,ICWHARWIR,ICW HARNESS WIRE,COPPER TIER 2,COPPER,601.0,567.4292,2.3984,0.9573,2.296,1379.89
Milton,NIINCON,INCONEL,STAINLESS STEEL TIER 2,STAINLESS STEEL,151.0,256.65,1.7998,1.0,1.7998,271.77
Milton,INCTR,INCONEL TURNINGS,STAINLESS STEEL TIER 2,STAINLESS STEEL,110.0,82.5,0.75,1.0,0.75,82.5
Milton,InsECW,INSULATED EC WIRE,ALUMINUM,ALUMINUM,556.0,194.6,1.2,0.9496,1.1396,633.6
Milton,AL063FE,IRONY EXTRUSIONS,ALUMINUM,ALUMINUM,1345.0,376.5858,1.0623,0.9496,1.0088,1356.79
Milton,IrYwBr,Irony Yellow Brass,BRASS TIER 1,BRASS,0.0,0.0,1.0783,0.9573,1.0322,0.0
Milton,las,LAS,STEEL,STEEL,0.0,0.0,0.04,0.9901,0.0396,0.0
Milton,LDPPE,LEAD PIPE,LEAD,LEAD,559.0,55.9,0.1,1.0,0.1,55.9
Milton,LEADSOLD,LEAD SOLIDS,LEAD,LEAD,0.0,0.0,0.35,1.0,0.35,0.0
Milton,BRFAUC,LOW GRADE FAUCET BRASS,BRASS TIER 1,BRASS,455.0,88.5357,0.55,0.9573,0.5266,239.59
Milton,MA00001,MAGNESIUM,OTHER,OTHER,0.0,0.0,0.01,1.0,0.01,0.0
Milton,MAGCST,MAGNESIUM CASTINGS,OTHER,OTHER,0.0,0.0,0.0886,1.0,0.0886,0.0
Milton,MGNSMTRNS,MAGNESIUM TURNINGS,OTHER,OTHER,13870.0,286.1253,0.01,1.0,0.01,138.7
Milton,MXDAL,MIXED ALUMINUM,ALUMINUM,ALUMINUM,1352.0,540.8,1.0858,0.9496,1.0311,1394.05
Milton,MXBRAL,MIXED BRASS ALUM SPILLS,ALUMINUM,ALUMINUM,0.0,0.0,0.0,0.9496,0.0,0.0
Milton,MIXSS,MIXED STAINLESS STEEL,STAINLESS STEEL TIER 2,STAINLESS STEEL,0.0,0.0,0.3544,1.0,0.3544,0.0
Milton,MNT,MONEL TURNINGS,STAINLESS STEEL TIER 2,STAINLESS STEEL,441.0,676.1278,2.1693,1.0,2.1693,956.67
Milton,NI00001,NICKEL,STAINLESS STEEL TIER 2,STAINLESS STEEL,0.0,0.0,1.0,1.0,1.0,0.0
Milton,OLYFLA,OILY FLASHINGS,ALUMINUM,ALUMINUM,0.0,0.0,0.0,0.9496,0.0,0.0
Milton,OLCAAL,OLD CAST AL,ALUMINUM,ALUMINUM,0.0,0.0,0.25,0.9496,0.2374,0.0
Milton,OVSZMAC,OVERSIZED MACHINERY,STEEL,STEEL,19040.0,389.6804,0.0287,0.9901,0.0285,541.93
Milton,OXEDMWR,OXIDIZED EDM WIRE,BRASS TIER 1,BRASS,753.0,1355.7504,3.1116,0.9573,2.9788,2243.05
Milton,PTDBUSH,PAINTED BUSH,STEEL,STEEL,0.0,0.0,0.1027,0.9901,0.1017,0.0
Milton,BR0PHOS,PHOS BRONZE SOLIDS,BRASS TIER 2,BRASS,0.0,0.0,2.0,0.9573,1.9146,0.0
Milton,INDP&S,PLATE & STRUCTUAL,STEEL,STEEL,40298.0,2462.4,0.1509,0.9901,0.1494,6021.66
Milton,ELPLUG,PLUG ENDS,OTHER,OTHER,25.0,1.0,0.04,1.0,0.04,1.0
Milton,PRELMTR,PREMIUM ELECTRIC MOTORS ,COPPER TIER 3,COPPER,0.0,0.0,0.06,0.9573,0.0574,0.0
Milton,LERANGE,RANGE LEAD,LEAD,LEAD,0.0,0.0,0.4735,1.0,0.4735,0.0
Milton,REBAR,REBAR,STEEL,STEEL,5302.0,315.6271,0.0168,0.9901,0.0166,87.96
Milton,RDBM,RED BALL MILL,BRASS TIER 1,BRASS,0.0,0.0,0.0,0.9573,0.0,0.0
Milton,BRREDSD,RED BRASS SOLIDS,BRASS TIER 1,BRASS,288.0,763.2,4.2365,0.9573,4.0557,1168.03
Milton,BR360BO,RED BRASS TURNINGS,BRASS TIER 1,BRASS,0.0,0.0,2.8,0.9573,2.6805,0.0
Milton,CUSEALD,SEALED UNITS,COPPER TIER 3,COPPER,2764.0,217.7958,0.417,0.9573,0.3992,1103.38
Milton,SEMREBR,SEMI RED BRASS,BRASS TIER 1,BRASS,0.0,0.0,4.3247,0.9573,4.1402,0.0
Milton,SHIRST,SHEET IRON,STEEL,STEEL,42860.0,2367.7506,0.1234,0.9901,0.1222,5238.31
Milton,SVPBB,SILVER PLTD BUSS BAR,COPPER TIER 1,COPPER,0.0,0.0,2.7035,0.9573,2.5881,0.0
Milton,SKST,SKELATAL ,STEEL,STEEL,0.0,0.0,0.1598,0.9901,0.1582,0.0
Milton,SOFLEA,SOFT LEAD,LEAD,LEAD,236.0,59.0,0.7808,1.0,0.7808,184.28
Milton,NIMIXD,STAINLESS STEEL - FE,STAINLESS STEEL TIER 1,STAINLESS STEEL,2897.0,515.3763,0.4413,1.0,0.4413,1278.44
Milton,CUSTART,STARTERS,COPPER TIER 3,COPPER,285.0,27.7368,0.8687,0.9573,0.8317,237.02
Milton,STBD,STEEL BANDING (fe),STEEL,STEEL,0.0,0.0,0.1295,0.9901,0.1282,0.0
Milton,STBXCAB,STEEL BX CABLE,STEEL,STEEL,0.0,0.0,0.05,0.9901,0.0495,0.0
Milton,STBXW,STEEL BX WIRE (fe),STEEL,STEEL,393.0,171.4106,0.15,0.9901,0.1485,58.37
Milton,LEFECAS,STEEL CASED BATTERIES,LEAD,LEAD,4189.0,212.3946,0.27,1.0,0.27,1131.03
Milton,STCSCOTRA,STEEL CASED COPPER TRANSFORMERS,COPPER TIER 3,COPPER,0.0,0.0,0.35,0.9573,0.3351,0.0
Milton,INDCLIPS,STEEL CLIPS,STEEL,STEEL,0.0,0.0,0.0,0.9901,0.0,0.0
Milton,STLCOL,STEEL COIL,STEEL,STEEL,11489.0,676.0983,0.0573,0.9901,0.0567,651.32
Milton,STMTRBLK,STEEL MOTOR BLOCKS,STEEL,STEEL,7777.0,1114.9429,0.1219,0.9901,0.1207,938.72
Milton,STWR,STEEL WIRE,STEEL,STEEL,0.0,0.0,0.1009,0.9901,0.0999,0.0
Milton,TARBSWR,TAR BASED WIRE,COPPER TIER 2,COPPER,105.0,6.3386,0.2025,0.9573,0.1939,20.36
Milton,TCABLE,Teck Cable,COPPER TIER 2,COPPER,0.0,0.0,0.6272,0.9573,0.6005,0.0
Milton,TCUBSBR,TIN PLATED BUSBAR,COPPER TIER 1,COPPER,5.0,8.85,5.3619,0.9573,5.1331,25.67
Milton,TNPDCWR,TIN PLTD COPPER WIRE,COPPER TIER 1,COPPER,23.0,46.0,5.14,0.9573,4.9206,113.17
Milton,NITITAN,TITANIUM SOLIDS,STAINLESS STEEL TIER 2,STAINLESS STEEL,75.0,45.0,0.6,1.0,0.6,45.0
Milton,TTSS,TITANIUM TURNINGS,STAINLESS STEEL TIER 2,STAINLESS STEEL,625.0,158.2212,0.15,1.0,0.15,93.75
Milton,NITOOLS,TOOL STEEL,STAINLESS STEEL TIER 2,STAINLESS STEEL,100.0,291.17,20.0,1.0,20.0,2000.0
Milton,UNPREP,UNPREPARED P&S ,STEEL,STEEL,28875.0,1353.6146,0.1432,0.9901,0.1418,4093.17
Milton,WASTE,WASTE,ZWASTE,ZWASTE,2192.0,0.0,0.0,1.0,0.0,0.0
Milton,LEWHEEL,WHEEL WEIGHTS,LEAD,LEAD,3416.0,68.65,0.0201,1.0,0.0201,68.68
Milton,YELBM,YELLOW BALL MILL,BRASS TIER 1,BRASS,0.0,0.0,0.0,0.9573,0.0,0.0
Milton,BRSHEL,YELLOW BRASS SHELLS,BRASS TIER 1,BRASS,84.0,143.7755,1.53,0.9573,1.4647,123.03
Milton,BRYELLO,YELLOW BRASS SOLIDS,BRASS TIER 1,BRASS,29.0,52.7078,3.1104,0.9573,2.9776,86.35
Milton,BRINDBT,YELLOW BRASS TURNINGS,BRASS TIER 1,BRASS,0.0,0.0,1.823,0.9573,1.7452,0.0
Milton,ZNOX,ZINC OXIDE,ZINC,ZINC,0.0,0.0,0.0,1.0,0.0,0.0
Milton,ZI00001,ZINC SOLIDS,ZINC,ZINC,509.0,114.825,0.25,1.0,0.25,127.25
Milton,ZNTURN,ZINC TURNINGS,ZINC,ZINC,146.0,21.9,0.15,1.0,0.15,21.9
Milton,AL03003,ZZ DO NOT USE - 3003 ALUMINUM,ALUMINUM,ALUMINUM,741.0,801.6493,1.84,0.9496,1.7473,1294.78
Milton,3003PTD,ZZ DO NOT USE - 3003 ALUMINUM PAINTED  ,ALUMINUM,ALUMINUM,0.0,0.0,0.2,0.9496,0.1899,0.0
Milton,356ALCAST,ZZ DO NOT USE - 356 ALUMINUM CASTINGS,ALUMINUM,ALUMINUM,0.0,0.0,1.12,0.9496,1.0636,0.0
Milton,AL0BECW,ZZ DO NOT USE - AL BARE EC WIRE,ALUMINUM,ALUMINUM,183.0,78.9008,1.936,0.9496,1.8385,336.44
Milton,ALMFURN,ZZ DO NOT USE - AL FURNACE BOTTOMS,ALUMINUM,ALUMINUM,0.0,0.0,0.15,0.9496,0.1424,0.0
Milton,ALBRKG,ZZ DO NOT USE ALUMINUM BREAKAGE,ALUMINUM,ALUMINUM,13584.0,1473.1168,0.3243,0.9496,0.308,4183.29
Milton,ALMDROSS,ZZ DO NOT USE - ALUMINUM DROSS,ALUMINUM,ALUMINUM,28695.0,3977.8528,0.45,0.9496,0.4273,12262.49
Milton,ALMTRNG,ZZ DO NOT USE - ALUMINUM TURNINGS,ALUMINUM,ALUMINUM,35923.0,7328.9505,0.7887,0.9496,0.7489,26904.31
Milton,BERYCU,ZZ - DO NOT USE BERYLLIUM COPPER,COPPER TIER 1,COPPER,0.0,0.0,0.0,0.9573,0.0,0.0
Milton,AL0CAST,ZZ DO NOT USE CAST ALUMINUM,ALUMINUM,ALUMINUM,31.0,9.3,0.3,0.9496,0.2849,8.83
Milton,OPNEYHLXCU,ZZ DO NOT USE HELIAX,COPPER TIER 2,COPPER,0.0,0.0,2.57,0.9573,2.4603,0.0
Milton,LDFNE,ZZ DO NOT USE - LEAD FINES (pb),LEAD,LEAD,22121.0,270.7272,0.05,1.0,0.05,1106.05
Milton,NWCSTAL,ZZ - DO NOT USE NEW CAST ALUMINUM,ALUMINUM,ALUMINUM,0.0,0.0,0.0,0.9496,0.0,0.0
Milton,ROMWIRE,ZZ DO NOT USE - ROMEX,COPPER TIER 2,COPPER,889.0,1555.5369,3.2,0.9573,3.0634,2723.38
Milton,FETURN,ZZ DO NOT USE STEEL TURNINGS,STEEL,STEEL,219824.0,6603.0977,0.1183,0.9901,0.1171,25748.48
Milton,UNHMS,ZZ DO NOT USE - UNPREPARED HMS (uhms),STEEL,STEEL,69367.0,2597.3204,0.1349,0.9901,0.1336,9266.37
Milton,ALMFLASH,ZZZ DO NOT USE - ALUMINUM FLASHINGS - 319,ALUMINUM,ALUMINUM,4662.0,1162.086,0.56,0.9496,0.5318,2479.25
