code,name,commodity,metal,ctype,qty_lbs,unit_value,price_source,value_usd,weight_by_value_pct,weight_by_qty_pct
CUBB001,BARE BRIGHT COPPER,COPPER TIER 1,COPPER,NON_FERROUS,66905.0,5.61,sale (recent),375470.86,13.81,1.06
SHIRST,SHEET IRON,STEEL,STEEL,FERROUS,2131476.0,0.13,sale (recent),269205.42,9.9,33.92
CUIN188,#1 ICW 88%,COPPER TIER 2,COPPER,NON_FERROUS,33006.0,4.85,sale (recent),160003.19,5.89,0.53
CU00001,#1 COPPER,COPPER TIER 1,COPPER,NON_FERROUS,28461.0,5.38,sale (recent),153194.18,5.63,0.45
ICW80,#1 ICW 80%,COPPER TIER 2,COPPER,NON_FERROUS,25640.0,5.0,sale (recent),128200.0,4.72,0.41
INDHVYM,HEAVY MELT,STEEL,STEEL,FERROUS,570309.0,0.15,sale (recent),83265.11,3.06,9.07
CU00002,#2 COPPER,COPPER TIER 1,COPPER,NON_FERROUS,14794.0,5.24,sale (recent),77501.33,2.85,0.24
FEAUCST,AUTO CAST,STEEL,STEEL,FERROUS,384375.0,0.2,sale (recent),76413.75,2.81,6.12
AL06063,6063 BARE ALUMINUM EXTRUSION,ALUMINUM,ALUMINUM,NON_FERROUS,35999.0,1.96,sale (recent),70450.04,2.59,0.57
CLSHST,CLEAN SHEET,STEEL,STEEL,FERROUS,448582.0,0.15,sale (recent),66345.28,2.44,7.14
NISS316,316 STAINLESS STEEL SOLIDS,STAINLESS STEEL TIER 1,STAINLESS STEEL,NON_FERROUS,55999.0,1.18,sale (recent),66078.82,2.43,0.89
ALCURAD,AL/CU RADIATORS - CLEAN,ALUMINUM,ALUMINUM,NON_FERROUS,19865.0,3.15,sale (recent),62533.03,2.3,0.32
BRYELLO,YELLOW BRASS SOLIDS,BRASS TIER 1,BRASS,NON_FERROUS,16871.0,3.54,sale (recent),59738.52,2.2,0.27
Indbush,BUSHELING,STEEL,STEEL,FERROUS,293359.0,0.18,sale (recent),51895.21,1.91,4.67
COMWIRECU,COMMUNICATION WIRE,COPPER TIER 2,COPPER,NON_FERROUS,21676.0,2.3,sale (recent),49854.8,1.83,0.34
INDP&S,PLATE & STRUCTUAL,STEEL,STEEL,FERROUS,286831.0,0.16,sale (recent),45003.78,1.66,4.56
ALPAINT,ALUMINUM PAINTED SIDING,ALUMINUM,ALUMINUM,NON_FERROUS,33562.0,1.14,sale (recent),38159.99,1.4,0.53
NICARBD,CARBIDE,STAINLESS STEEL TIER 2,STAINLESS STEEL,NON_FERROUS,648.0,58.0,sale (recent),37584.0,1.38,0.01
UNPHMS,HEAVY MELT - UNPREPARED,STEEL,STEEL,FERROUS,275311.0,0.13,sale (recent),36588.83,1.35,4.38
ALWHEEL,ALUMINUM RIMS,ALUMINUM,ALUMINUM,NON_FERROUS,21385.0,1.64,sale (recent),35071.4,1.29,0.34
TNPDCWR,TIN PLTD COPPER WIRE,COPPER TIER 1,COPPER,NON_FERROUS,6309.0,5.42,sale (recent),34177.75,1.26,0.1
AL6061TURNS,6061 TURNINGS,ALUMINUM,ALUMINUM,NON_FERROUS,23943.0,1.17,sale (recent),28013.31,1.03,0.38
NISS300,304 STAINLESS SOLIDS,STAINLESS STEEL TIER 1,STAINLESS STEEL,NON_FERROUS,40913.0,0.65,sale (recent),26781.65,0.99,0.65
ALUTURN,ALUMINIUM TURNS,ALUMINUM,ALUMINUM,NON_FERROUS,24449.0,1.06,sale (recent),25881.71,0.95,0.39
CUIN160,#1 ICW 60%,COPPER TIER 2,COPPER,NON_FERROUS,7540.0,3.4,sale (recent),25612.63,0.94,0.12
ALSHEET,ALUMINUM OLD SHEET,ALUMINUM,ALUMINUM,NON_FERROUS,26791.0,0.89,sale (recent),23854.71,0.88,0.43
CUMOTOR,ELECTRIC MOTORS,COPPER TIER 3,COPPER,NON_FERROUS,35166.0,0.67,sale (recent),23561.22,0.87,0.56
UNPREP,UNPREPARED P&S ,STEEL,STEEL,FERROUS,153656.0,0.15,sale (recent),23063.77,0.85,2.45
LEAUTOB,AUTO BATTERIES,LEAD,LEAD,NON_FERROUS,67131.0,0.32,sale (YTD),21220.11,0.78,1.07
AL06310,6063 PAINTED EXTRUSION,ALUMINUM,ALUMINUM,NON_FERROUS,13007.0,1.55,sale (recent),20171.26,0.74,0.21
ALUMDROSS,ALUM DROSS,ALUMINUM,ALUMINUM,NON_FERROUS,31502.0,0.6,sale (recent),18901.2,0.7,0.5
FETURN,ZZ DO NOT USE STEEL TURNINGS,STEEL,STEEL,FERROUS,162471.0,0.12,sale (YTD),19106.59,0.7,2.59
BRREDSD,RED BRASS SOLIDS,BRASS TIER 1,BRASS,NON_FERROUS,4810.0,3.77,sale (recent),18127.93,0.67,0.08
SEMREBR,SEMI RED BRASS,BRASS TIER 1,BRASS,NON_FERROUS,4149.0,4.41,sale (recent),18285.47,0.67,0.07
CUSEALD,SEALED UNITS,COPPER TIER 3,COPPER,NON_FERROUS,32902.0,0.53,sale (recent),17438.06,0.64,0.52
ALMTRNG,ZZ DO NOT USE - ALUMINUM TURNINGS,ALUMINUM,ALUMINUM,NON_FERROUS,21645.0,0.78,sale (YTD),16982.67,0.62,0.34
RMXWIR,ROMEX WIRE,COPPER TIER 2,COPPER,NON_FERROUS,4326.0,3.77,sale (recent),16315.08,0.6,0.07
CUIN245,#2 ICW 45%,COPPER TIER 2,COPPER,NON_FERROUS,7041.0,2.22,sale (recent),15631.02,0.57,0.11
UNHMS,ZZ DO NOT USE - UNPREPARED HMS (uhms),STEEL,STEEL,FERROUS,107606.0,0.13,sale (YTD),14516.05,0.53,1.71
AL06061,6061 ALUMINUM - SPC,ALUMINUM,ALUMINUM,NON_FERROUS,10858.0,1.25,sale (recent),13542.1,0.5,0.17
AL05052,5052 ALUMINUM,ALUMINUM,ALUMINUM,NON_FERROUS,6302.0,2.11,sale (recent),13311.08,0.49,0.1
PRCATAL,CATALYTIC CONVERTOR,OTHER,OTHER,Other,650.0,20.0,sale (YTD),13000.0,0.48,0.01
SVPBB,SILVER PLTD BUSS BAR,COPPER TIER 1,COPPER,NON_FERROUS,2221.0,5.42,sale (recent),12037.82,0.44,0.04
AL0RADS,ALUMINUM RADIATORS - CLEAN,ALUMINUM,ALUMINUM,NON_FERROUS,6363.0,1.7,sale (recent),10817.1,0.4,0.1
UPFECHMO,UNPREPARED FE/CHROME/MOLY,STAINLESS STEEL TIER 2,STAINLESS STEEL,NON_FERROUS,61000.0,0.18,sale (recent),10980.0,0.4,0.97
TURNSTEEL,STEEL TURNING,STEEL,STEEL,FERROUS,89638.0,0.12,sale (recent),10801.38,0.4,1.43
NIMIXD,STAINLESS STEEL - FE,STAINLESS STEEL TIER 1,STAINLESS STEEL,NON_FERROUS,23632.0,0.45,sale (recent),10634.4,0.39,0.38
ALLITHO,ALUMINUM LITHO,ALUMINUM,ALUMINUM,NON_FERROUS,5994.0,1.72,sale (YTD),10300.69,0.38,0.1
CCAL,CLEAN CAST ALUMINUM,ALUMINUM,ALUMINUM,NON_FERROUS,7773.0,1.13,sale (recent),8757.06,0.32,0.12
ALTRSTK,ALUMINUM TRAILER STOCK,ALUMINUM,ALUMINUM,NON_FERROUS,8159.0,1.03,sale (YTD),8433.14,0.31,0.13
AL063FE,IRONY EXTRUSIONS,ALUMINUM,ALUMINUM,NON_FERROUS,7853.0,1.06,sale (YTD),8342.24,0.31,0.12
ROMWIRE,ZZ DO NOT USE - ROMEX,COPPER TIER 2,COPPER,NON_FERROUS,2305.0,3.63,sale (YTD),8359.77,0.31,0.04
EDMW,EDM WIRE ,BRASS TIER 1,BRASS,NON_FERROUS,2191.0,3.6,sale (recent),7890.89,0.29,0.03
ALEXTRU,6061 ALUMINUM EXTRUSIONS,ALUMINUM,ALUMINUM,NON_FERROUS,5546.0,1.34,sale (recent),7411.12,0.27,0.09
380PTDNC,380 PTD NEW CAST,ALUMINUM,ALUMINUM,NON_FERROUS,6156.0,1.13,sale (recent),6943.97,0.26,0.1
CUBSBR,CU BUSS BAR,COPPER TIER 1,COPPER,NON_FERROUS,1175.0,5.73,sale (recent),6732.75,0.25,0.02
ALMDROSS,ZZ DO NOT USE - ALUMINUM DROSS,ALUMINUM,ALUMINUM,NON_FERROUS,15121.0,0.45,sale (YTD),6804.45,0.25,0.24
FE0DEAT,AUTO BODY - COMPLETE,STEEL,STEEL,FERROUS,73960.0,0.09,purchase (YTD),6737.76,0.25,1.18
CUIN265,#2 ICW 65%,COPPER TIER 2,COPPER,NON_FERROUS,1924.0,3.44,sale (recent),6625.29,0.24,0.03
ALBRZ,ALUMINUM/BRONZE,ALUMINUM,ALUMINUM,NON_FERROUS,1743.0,3.68,sale (YTD),6414.24,0.24,0.03
ALUBREAK,ALUMINUM BREAK,ALUMINUM,ALUMINUM,NON_FERROUS,45678.0,0.14,sale (YTD),6312.7,0.23,0.73
CU00003,#3 COPPER,COPPER TIER 1,COPPER,NON_FERROUS,1101.0,5.17,sale (recent),5692.17,0.21,0.02
CUIN235,#2 ICW 35%,COPPER TIER 2,COPPER,NON_FERROUS,3392.0,1.63,sale (recent),5528.96,0.2,0.05
BREDMC,EDM CHOPS,BRASS TIER 2,BRASS,NON_FERROUS,1640.0,3.3,sale (YTD),5412.0,0.2,0.03
AL0BECW,ZZ DO NOT USE - AL BARE EC WIRE,ALUMINUM,ALUMINUM,NON_FERROUS,2780.0,1.94,sale (YTD),5382.08,0.2,0.04
AL00UBC,ALUMINUM CANS,ALUMINUM,ALUMINUM,NON_FERROUS,6144.0,0.8,sale (recent),4915.2,0.18,0.1
316SSO,316 STAINLESS STEEL OVERSIZED,STAINLESS STEEL TIER 1,STAINLESS STEEL,NON_FERROUS,6900.0,0.68,avg cost,4709.25,0.17,0.11
NI174BO,17-4 STAINLESS STEEL TURNINGS,STAINLESS STEEL TIER 1,STAINLESS STEEL,NON_FERROUS,31048.0,0.14,sale (recent),4253.58,0.16,0.49
CU TRANS,COPPER TRANSFORMERS,COPPER TIER 3,COPPER,NON_FERROUS,4493.0,0.9,sale (recent),4043.7,0.15,0.07
TCUBSBR,TIN PLATED BUSBAR,COPPER TIER 1,COPPER,NON_FERROUS,737.0,5.42,sale (recent),3994.54,0.15,0.01
CUIN190,#1 ICW 90%,COPPER TIER 2,COPPER,NON_FERROUS,1085.0,3.43,avg cost,3717.86,0.14,0.02
7030BR,70/30 Brass Shells,BRASS TIER 2,BRASS,NON_FERROUS,1074.0,3.58,sale (recent),3841.81,0.14,0.02
ALCURAEND,ACR AL/CU RADIATOR ENDS,ALUMINUM,ALUMINUM,NON_FERROUS,2809.0,1.38,sale (YTD),3862.94,0.14,0.04
CASTAL356,AL CAST - 356,ALUMINUM,ALUMINUM,NON_FERROUS,2761.0,1.25,sale (recent),3438.0,0.13,0.04
ALBRKG,ZZ DO NOT USE ALUMINUM BREAKAGE,ALUMINUM,ALUMINUM,NON_FERROUS,11012.0,0.32,sale (YTD),3571.19,0.13,0.18
OXEDMWR,OXIDIZED EDM WIRE,BRASS TIER 1,BRASS,NON_FERROUS,976.0,3.4,sale (recent),3318.4,0.12,0.02
380NCAL,380 BARE NEW CAST ALUMINUM,ALUMINUM,ALUMINUM,NON_FERROUS,2620.0,1.21,sale (recent),3159.2,0.12,0.04
409SS,409 STAINLESS,STAINLESS STEEL TIER 1,STAINLESS STEEL,NON_FERROUS,6707.0,0.5,sale (recent),3353.5,0.12,0.11
ALTHERMEX,ALUMINUM THERMAL EXT,ALUMINUM,ALUMINUM,NON_FERROUS,3584.0,0.88,sale (YTD),3162.52,0.12,0.06
ICWHARWIR,ICW HARNESS WIRE,COPPER TIER 2,COPPER,NON_FERROUS,1440.0,2.29,sale (YTD),3297.6,0.12,0.02
CUELMOL,ELECTRIC MOTORS - LARGE,COPPER TIER 3,COPPER,NON_FERROUS,5373.0,0.57,sale (recent),3062.61,0.11,0.09
LEFECAS,STEEL CASED BATTERIES,LEAD,LEAD,NON_FERROUS,10660.0,0.29,sale (YTD),3064.75,0.11,0.17
OCAL5,OLD CAST AL 5% FE,ALUMINUM,ALUMINUM,NON_FERROUS,4072.0,0.75,sale (YTD),3054.0,0.11,0.06
 ALBZTS1,ALUMINUM BRONZE TURNINGS,ALUMINUM,ALUMINUM,NON_FERROUS,974.0,3.18,sale (YTD),3097.32,0.11,0.02
CUIN280,#2 ICW 80%,COPPER TIER 2,COPPER,NON_FERROUS,720.0,3.79,sale (YTD),2728.8,0.1,0.01
CUMOD,ELECTRIC MOTORS - FE,COPPER TIER 3,COPPER,NON_FERROUS,5934.0,0.47,sale (YTD),2788.98,0.1,0.09
CUALTER,ALTERNATORS,COPPER TIER 3,COPPER,NON_FERROUS,2438.0,1.15,sale (recent),2803.7,0.1,0.04
ALTRANSF,ALUM TRANSFORMERS,ALUMINUM,ALUMINUM,NON_FERROUS,9081.0,0.25,sale (recent),2270.25,0.08,0.14
ALUMBRECWR,ALUM BARE EC WIRE,ALUMINUM,ALUMINUM,NON_FERROUS,1038.0,2.2,sale (recent),2283.6,0.08,0.02
ALWHLCR,CHROME RIMS,ALUMINUM,ALUMINUM,NON_FERROUS,2403.0,0.89,sale (YTD),2138.67,0.08,0.04
ALCURFE,AL/CU RADIATORS - FE,ALUMINUM,ALUMINUM,NON_FERROUS,1828.0,1.15,purchase (YTD),2101.47,0.08,0.03
CU0003MICA,#3 Cu MICA 98%,COPPER TIER 1,COPPER,NON_FERROUS,418.0,5.17,sale (recent),2161.06,0.08,0.01
OPNEYHLXCU,ZZ DO NOT USE HELIAX,COPPER TIER 2,COPPER,NON_FERROUS,780.0,2.57,sale (recent),2004.6,0.07,0.01
CUSTART,STARTERS,COPPER TIER 3,COPPER,NON_FERROUS,2123.0,0.9,sale (recent),1910.7,0.07,0.03
CUBALST,BALLAST,COPPER TIER 3,COPPER,NON_FERROUS,4061.0,0.44,sale (recent),1786.84,0.07,0.06
MO2RE2,MO2-RE2,STAINLESS STEEL TIER 2,STAINLESS STEEL,NON_FERROUS,884.0,2.12,avg cost,1877.97,0.07,0.01
NITOOLS,TOOL STEEL,STAINLESS STEEL TIER 2,STAINLESS STEEL,NON_FERROUS,100.0,20.0,sale (recent),2000.0,0.07,0.0
ACUT,FULL A/C UNIT,STEEL,STEEL,FERROUS,12877.0,0.15,purchase (YTD),1931.55,0.07,0.2
SOFLEA,SOFT LEAD,LEAD,LEAD,NON_FERROUS,2103.0,0.8,sale (recent),1682.4,0.06,0.03
Al01100,1100 SERIES,ALUMINUM,ALUMINUM,NON_FERROUS,687.0,2.2,sale (recent),1511.4,0.06,0.01
6061PTDSPCAL,6061 PAINTED SPC,ALUMINUM,ALUMINUM,NON_FERROUS,1398.0,1.22,sale (recent),1705.56,0.06,0.02
319ALFLASHING,319 AL FLASHINGS ,ALUMINUM,ALUMINUM,NON_FERROUS,2670.0,0.6,sale (recent),1614.82,0.06,0.04
ALMFLASH,ZZZ DO NOT USE - ALUMINUM FLASHINGS - 319,ALUMINUM,ALUMINUM,NON_FERROUS,2880.0,0.56,sale (YTD),1612.8,0.06,0.05
IrYwBr,Irony Yellow Brass,BRASS TIER 1,BRASS,NON_FERROUS,1080.0,1.35,avg cost,1454.87,0.05,0.02
ACPUM,AC PUMPS,OTHER,OTHER,Other,2013.0,0.7,sale (recent),1409.1,0.05,0.03
CRNIBR7030,CHROME/NICKEL PLATED BRASS SHELLS,BRASS TIER 2,BRASS,NON_FERROUS,420.0,3.45,sale (recent),1449.0,0.05,0.01
5086,AL 5086,ALUMINUM,ALUMINUM,NON_FERROUS,1092.0,1.15,sale (YTD),1255.8,0.05,0.02
AL3003,3003 AL SOLIDS,ALUMINUM,ALUMINUM,NON_FERROUS,783.0,1.73,sale (recent),1354.59,0.05,0.01
NI316BO,316 STAINLESS STEEL TURNINGS,STAINLESS STEEL TIER 1,STAINLESS STEEL,NON_FERROUS,1418.0,1.0,sale (recent),1418.0,0.05,0.02
InsECW,INSULATED EC WIRE,ALUMINUM,ALUMINUM,NON_FERROUS,1077.0,1.2,sale (recent),1292.4,0.05,0.02
NI300BO,304 STAINLESS STEEL TURNINGS,STAINLESS STEEL TIER 1,STAINLESS STEEL,NON_FERROUS,2099.0,0.61,sale (recent),1288.58,0.05,0.03
MIXSS,MIXED STAINLESS STEEL,STAINLESS STEEL TIER 2,STAINLESS STEEL,NON_FERROUS,1935.0,0.62,sale (recent),1193.31,0.04,0.03
LDFNE,ZZ DO NOT USE - LEAD FINES (pb),LEAD,LEAD,NON_FERROUS,22121.0,0.05,sale (YTD),1106.05,0.04,0.35
STCSCOTRA,STEEL CASED COPPER TRANSFORMERS,COPPER TIER 3,COPPER,NON_FERROUS,3330.0,0.35,sale (YTD),1165.5,0.04,0.05
6061ALR,6061 AL RIMS,ALUMINUM,ALUMINUM,NON_FERROUS,2147.0,0.48,avg cost,1025.41,0.04,0.03
AUCORESTEEL,AUTO BODY - CORE ,STEEL,STEEL,FERROUS,11370.0,0.11,avg cost,1217.73,0.04,0.18
STMTRBLK,STEEL MOTOR BLOCKS,STEEL,STEEL,FERROUS,8869.0,0.12,purchase (YTD),1076.7,0.04,0.14
201,201 STAINLESS CLIP,STAINLESS STEEL TIER 2,STAINLESS STEEL,NON_FERROUS,2327.0,0.4,sale (recent),930.8,0.03,0.04
AL07075,7075 ALUMINUM,ALUMINUM,ALUMINUM,NON_FERROUS,1346.0,0.58,avg cost,781.76,0.03,0.02
TRWLS,6061 TRUCK WHEELS,ALUMINUM,ALUMINUM,NON_FERROUS,599.0,1.2,sale (YTD),718.8,0.03,0.01
6022ALUM,6022 ALUMINUM,ALUMINUM,ALUMINUM,NON_FERROUS,625.0,1.4,sale (YTD),875.0,0.03,0.01
BRAUTOR,BRASS AUTO RADIATORS - CLEAN,BRASS TIER 2,BRASS,NON_FERROUS,436.0,1.59,purchase (YTD),693.24,0.03,0.01
ALMOTOR,ALUMINUM MOTOR BLOCKS WHOLE,ALUMINUM,ALUMINUM,NON_FERROUS,5977.0,0.13,purchase (YTD),777.01,0.03,0.1
COPARM,COPPER ARMATURES,COPPER TIER 3,COPPER,NON_FERROUS,1029.0,0.7,sale (YTD),720.3,0.03,0.02
CUIN220,#2 ICW 20% - CHRISTMAS LIGHTS,COPPER TIER 2,COPPER,NON_FERROUS,894.0,0.7,sale (recent),625.8,0.02,0.01
TARBSWR,TAR BASED WIRE,COPPER TIER 2,COPPER,NON_FERROUS,334.0,1.57,avg cost,524.28,0.02,0.01
BrCuSds,Beryllium Copper Solids,COPPER TIER 1,COPPER,NON_FERROUS,81.0,5.2,sale (recent),421.2,0.02,0.0
ZNDICST,ZINC DIE CAST,ZINC,ZINC,NON_FERROUS,984.0,0.51,avg cost,497.51,0.02,0.02
AL0RDFE,ALUMINUM RADIATORS - FE,ALUMINUM,ALUMINUM,NON_FERROUS,2841.0,0.15,purchase (YTD),426.15,0.02,0.05
AL5052SHPOLY,5052 ALUMINUM SHEET W/POLY,ALUMINUM,ALUMINUM,NON_FERROUS,595.0,1.08,sale (YTD),643.67,0.02,0.01
ALBXCBL,AL BX CABLE,COPPER TIER 2,COPPER,NON_FERROUS,463.0,1.25,purchase (YTD),578.75,0.02,0.01
DRKBS,Door Knobs,BRASS TIER 2,BRASS,NON_FERROUS,705.0,0.8,sale (recent),564.0,0.02,0.01
BARRELS,BARRELS,OTHER,OTHER,Other,10000.0,0.05,avg cost,474.0,0.02,0.16
CUMOTORDC,DC MOTORS,COPPER TIER 3,COPPER,NON_FERROUS,807.0,0.6,sale (YTD),484.2,0.02,0.01
STLCOL,STEEL COIL,STEEL,STEEL,FERROUS,11489.0,0.06,avg cost,639.94,0.02,0.18
CUIN185,#1 ICW 85%,COPPER TIER 2,COPPER,NON_FERROUS,156.0,3.35,avg cost,522.3,0.02,0.0
ALUMLC,ALUMINUM MLC,ALUMINUM,ALUMINUM,NON_FERROUS,417.0,1.17,sale (recent),487.89,0.02,0.01
MGNSMTRNS,MAGNESIUM TURNINGS,OTHER,OTHER,Other,13870.0,0.01,purchase (YTD),138.7,0.01,0.22
NI15-5,15-5 STAINLESS STEEL TURNINGS,STAINLESS STEEL TIER 2,STAINLESS STEEL,NON_FERROUS,8603.0,0.02,avg cost,172.06,0.01,0.14
304SSOS,304 STAINLESS OVERSIZED,STAINLESS STEEL TIER 1,STAINLESS STEEL,NON_FERROUS,1358.0,0.2,purchase (YTD),271.6,0.01,0.02
MIXBR,MIXED BRASS,BRASS TIER 2,BRASS,NON_FERROUS,172.0,1.45,sale (recent),249.4,0.01,0.0
NIINCON,INCONEL,STAINLESS STEEL TIER 2,STAINLESS STEEL,NON_FERROUS,151.0,1.7,avg cost,256.65,0.01,0.0
174SOLIDS,17-4 SOLIDS,STAINLESS STEEL TIER 1,STAINLESS STEEL,NON_FERROUS,1888.0,0.21,sale (recent),396.48,0.01,0.03
360 brass turnings,360 BRASS TURNINGS,BRASS TIER 2,BRASS,NON_FERROUS,81.0,3.29,sale (recent),266.49,0.01,0.0
BRNZTRN,BRONZE TURNINGS,BRASS TIER 2,BRASS,NON_FERROUS,101.0,1.5,purchase (YTD),151.5,0.01,0.0
6063PIAL,6063 PIPE,ALUMINUM,ALUMINUM,NON_FERROUS,249.0,1.0,avg cost,249.0,0.01,0.0
STBXW,STEEL BX WIRE (fe),STEEL,STEEL,FERROUS,657.0,0.27,avg cost,178.9,0.01,0.01
BRINDBT,YELLOW BRASS TURNINGS,BRASS TIER 1,BRASS,NON_FERROUS,97.0,1.82,purchase (YTD),176.79,0.01,0.0
BRHVBRK,BRASS BREAKAGE,BRASS TIER 2,BRASS,NON_FERROUS,146.0,1.78,sale (YTD),259.88,0.01,0.0
CATR,Cast Aluminum - Transmissions,ALUMINUM,ALUMINUM,NON_FERROUS,1080.0,0.3,purchase (YTD),324.0,0.01,0.02
CB2,CARDBOARD,ZWASTE,ZWASTE,WA,10538.0,0.02,sale (YTD),259.23,0.01,0.17
BRCU,BRASS/COPPER MIX,COPPER TIER 1,COPPER,NON_FERROUS,462.0,0.85,sale (recent),392.7,0.01,0.01
BRAUTOF,BRASS AUTO RADIATORS - FE,BRASS TIER 2,BRASS,NON_FERROUS,259.0,0.96,avg cost,247.73,0.01,0.0
BR0PHOS,PHOS BRONZE SOLIDS,BRASS TIER 2,BRASS,NON_FERROUS,168.0,2.12,avg cost,355.32,0.01,0.0
REBAR,REBAR,STEEL,STEEL,FERROUS,9662.0,0.04,avg cost,395.18,0.01,0.15
ALUARM,ALUM ARMATURE,ALUMINUM,ALUMINUM,NON_FERROUS,2009.0,0.08,sale (YTD),160.72,0.01,0.03
BOTTAL,FURNACE BOTTOMS - ALUMINUM,ALUMINUM,ALUMINUM,NON_FERROUS,1520.0,0.14,purchase (YTD),207.33,0.01,0.02
DRTYBRS,DIRTY BRASS,BRASS TIER 1,BRASS,NON_FERROUS,401.0,0.48,purchase (YTD),193.36,0.01,0.01
DRTYBRSTRN,DIRTY BRASS TURNINGS,BRASS TIER 2,BRASS,NON_FERROUS,161.0,1.5,avg cost,241.5,0.01,0.0
AL0ACSR,ACSR WIRE,ALUMINUM,ALUMINUM,NON_FERROUS,630.0,0.25,purchase (YTD),157.5,0.01,0.01
STBXCAB,STEEL BX CABLE,STEEL,STEEL,FERROUS,9.0,0.08,avg cost,0.72,0.0,0.0
WASTE,WASTE,ZWASTE,ZWASTE,WA,15511.0,0.0,unpriced,0.0,0.0,0.25
PRELMTR,PREMIUM ELECTRIC MOTORS ,COPPER TIER 3,COPPER,NON_FERROUS,143.0,0.06,avg cost,8.58,0.0,0.0
PTD3003,3003 AL PAINTED,ALUMINUM,ALUMINUM,NON_FERROUS,45.0,0.2,avg cost,9.0,0.0,0.0
SvPtCu,Silver Plated Copper,COPPER TIER 1,COPPER,NON_FERROUS,10.0,2.0,avg cost,20.0,0.0,0.0
PTD5052,PTD 5052 ALUMINUM,ALUMINUM,ALUMINUM,NON_FERROUS,46.0,1.65,sale (YTD),75.9,0.0,0.0
ZI00001,ZINC SOLIDS,ZINC,ZINC,NON_FERROUS,409.0,0.25,purchase (YTD),102.25,0.0,0.01
TTSS,TITANIUM TURNINGS,STAINLESS STEEL TIER 2,STAINLESS STEEL,NON_FERROUS,658.0,0.2,avg cost,132.65,0.0,0.01
STWR,STEEL WIRE,STEEL,STEEL,FERROUS,440.0,0.1,sale (recent),44.4,0.0,0.01
Pwtr,Pewter,BRASS TIER 2,BRASS,NON_FERROUS,17.0,3.18,avg cost,54.06,0.0,0.0
OVSZMAC,OVERSIZED MACHINERY,STEEL,STEEL,FERROUS,3240.0,0.03,purchase (YTD),94.61,0.0,0.05
CUALTRAN,COPPER/ALUMINUM TRANSFORMERS,COPPER TIER 3,COPPER,NON_FERROUS,417.0,0.06,purchase (YTD),25.02,0.0,0.01
OLCAAL,OLD CAST AL,ALUMINUM,ALUMINUM,NON_FERROUS,2.0,0.25,avg cost,0.5,0.0,0.0
AL02024,2000 SERIES ALUMINUM,ALUMINUM,ALUMINUM,NON_FERROUS,329.0,0.2,avg cost,65.8,0.0,0.01
BRHEATR,HEATER CORES,BRASS TIER 2,BRASS,NON_FERROUS,219.0,0.08,avg cost,18.18,0.0,0.0
BRFAUC,LOW GRADE FAUCET BRASS,BRASS TIER 1,BRASS,NON_FERROUS,164.0,0.56,purchase (YTD),91.23,0.0,0.0
BR360BO,RED BRASS TURNINGS,BRASS TIER 1,BRASS,NON_FERROUS,40.0,2.8,avg cost,112.0,0.0,0.0
ALNCST,ALUMINUM NEW CAST,ALUMINUM,ALUMINUM,NON_FERROUS,87.0,0.3,purchase (YTD),26.1,0.0,0.0
ALFOIL,ALUMINUM FOIL,ALUMINUM,ALUMINUM,NON_FERROUS,2.0,0.06,avg cost,0.12,0.0,0.0
ALDCAST,ALUMINUM DIE-CAST,ALUMINUM,ALUMINUM,NON_FERROUS,3.0,0.4,avg cost,1.2,0.0,0.0
6063ALS,6063 AL SOLIDS,ALUMINUM,ALUMINUM,NON_FERROUS,6.0,0.8,purchase (YTD),4.8,0.0,0.0
CASAL,CAST AL,ALUMINUM,ALUMINUM,NON_FERROUS,14.0,0.3,avg cost,4.2,0.0,0.0
430SSP,430 STAINLESS STEEL PIPE,STAINLESS STEEL TIER 2,STAINLESS STEEL,NON_FERROUS,83.0,0.25,avg cost,20.75,0.0,0.0
4140SOLS,4140 SOLIDS,STEEL,STEEL,FERROUS,251.0,0.08,purchase (YTD),20.18,0.0,0.0
410SSTRN,410 SS TURNINGS,STAINLESS STEEL TIER 2,STAINLESS STEEL,NON_FERROUS,466.0,0.16,sale (recent),74.56,0.0,0.01
30ALP,3003 ALUMINUM WITH POLY,ALUMINUM,ALUMINUM,NON_FERROUS,14.0,1.7,sale (recent),23.8,0.0,0.0
2507SSS,2507 SS SOLIDS,STAINLESS STEEL TIER 1,STAINLESS STEEL,NON_FERROUS,479.0,0.0,unpriced,0.0,0.0,0.01
2024ALCST,2024 AL CASTINGS,ALUMINUM,ALUMINUM,NON_FERROUS,1.0,0.2,avg cost,0.2,0.0,0.0
BRSHEL,YELLOW BRASS SHELLS,BRASS TIER 1,BRASS,NON_FERROUS,15.0,1.53,avg cost,22.95,0.0,0.0
1010ALEXT,1010 BARE EXTRUSION,ALUMINUM,ALUMINUM,NON_FERROUS,144.0,0.65,purchase (YTD),93.6,0.0,0.0
NI00001,NICKEL,STAINLESS STEEL TIER 2,STAINLESS STEEL,NON_FERROUS,41.0,1.0,avg cost,41.0,0.0,0.0
INCTR,INCONEL TURNINGS,STAINLESS STEEL TIER 2,STAINLESS STEEL,NON_FERROUS,13.0,0.75,purchase (YTD),9.75,0.0,0.0
MA00001,MAGNESIUM,OTHER,OTHER,Other,5.0,0.01,purchase (YTD),0.05,0.0,0.0
LEWHEEL,WHEEL WEIGHTS,LEAD,LEAD,NON_FERROUS,3758.0,0.02,purchase (YTD),75.16,0.0,0.06
LESTRIP,CLEAN LEAD,LEAD,LEAD,NON_FERROUS,231.0,0.25,purchase (YTD),57.75,0.0,0.0
LERANGE,RANGE LEAD,LEAD,LEAD,NON_FERROUS,113.0,0.47,avg cost,53.51,0.0,0.0
LDPPE,LEAD PIPE,LEAD,LEAD,NON_FERROUS,594.0,0.09,avg cost,54.29,0.0,0.01
INCU T,COPPER TURNINGS,COPPER TIER 1,COPPER,NON_FERROUS,19.0,3.1,purchase (YTD),58.9,0.0,0.0
FENST,FENCING,STEEL,STEEL,FERROUS,5140.0,0.02,purchase (YTD),92.01,0.0,0.08
CUFUS,COPPER FUSES,COPPER TIER 3,COPPER,NON_FERROUS,44.0,1.93,avg cost,84.81,0.0,0.0
FE0AUTO,AUTO BODY - INCOMPLETE,STEEL,STEEL,FERROUS,440.0,0.09,avg cost,38.28,0.0,0.01
ELPLUG,PLUG ENDS,OTHER,OTHER,Other,41.0,0.04,avg cost,1.64,0.0,0.0
DPBr,Dirty Plumbers Brass,BRASS TIER 1,BRASS,NON_FERROUS,17.0,0.5,avg cost,8.5,0.0,0.0
DALRS,Dirty Aluminum Rims,ALUMINUM,ALUMINUM,NON_FERROUS,9.0,1.27,sale (recent),11.39,0.0,0.0
CuSt,Cu/Steel Mix,COPPER TIER 3,COPPER,NON_FERROUS,9.0,0.5,purchase (YTD),4.5,0.0,0.0
CuBkrs,Copper Breakers,COPPER TIER 3,COPPER,NON_FERROUS,10.0,0.07,avg cost,0.7,0.0,0.0
ZNTURN,ZINC TURNINGS,ZINC,ZINC,NON_FERROUS,146.0,0.15,avg cost,21.9,0.0,0.0
