Location,code,name,commodity,metal,ctype,current_wt,inbound_wt,outbound_wt,opening_wt,avg_cost,opening_value_est,flag
Merrillville,FEAUCST,AUTO CAST,STEEL,STEEL,FERROUS,111909.0,27507.0,252161.0,336563.0,0.16,55196.33,
Merrillville,Indbush,BUSHELING,STEEL,STEEL,FERROUS,117298.0,1044950.0,1110197.0,182545.0,0.1,17633.85,
Merrillville,CLSHST,CLEAN SHEET,STEEL,STEEL,FERROUS,80997.0,23072.0,183880.0,241805.0,0.08,20214.9,
Merrillville,ACUT,FULL A/C UNIT,STEEL,STEEL,FERROUS,17293.0,5440.0,0.0,11853.0,0.15,1776.76,
Merrillville,INDHVYM,HEAVY MELT,STEEL,STEEL,FERROUS,68675.0,29348.0,271934.0,311261.0,0.11,35141.37,
Merrillville,UNPHMS,HEAVY MELT - UNPREPARED,STEEL,STEEL,FERROUS,118361.0,101223.0,208840.0,225978.0,0.08,18959.55,
Merrillville,INDP&S,PLATE & STRUCTUAL,STEEL,STEEL,FERROUS,60455.0,13780.0,197498.0,244173.0,0.09,23147.6,
Merrillville,RLWHLS,RAIL WHEELS ,STEEL,STEEL,FERROUS,0.0,0.0,0.0,0.0,,,
Merrillville,REBAR,REBAR,STEEL,STEEL,FERROUS,4360.0,0.0,0.0,4360.0,0.02,97.23,
Merrillville,SHIRST,SHEET IRON,STEEL,STEEL,FERROUS,343187.0,63906.0,918665.0,1197946.0,0.08,100028.49,
Merrillville,STBXCAB,STEEL BX CABLE,STEEL,STEEL,FERROUS,9.0,0.0,0.0,9.0,0.08,0.72,
Merrillville,STBXW,STEEL BX WIRE (fe),STEEL,STEEL,FERROUS,228.0,0.0,0.0,228.0,0.13,30.21,
Merrillville,STCBLE,STEEL CABLE,STEEL,STEEL,FERROUS,0.0,0.0,0.0,0.0,,,
Merrillville,TURNSTEEL,STEEL TURNING,STEEL,STEEL,FERROUS,1852.0,0.0,0.0,1852.0,0.05,95.01,
Merrillville,UNPREP,UNPREPARED P&S ,STEEL,STEEL,FERROUS,12098.0,103404.0,210007.0,118701.0,0.09,10635.61,
Merrillville,UNHMS,ZZ DO NOT USE - UNPREPARED HMS (uhms),STEEL,STEEL,FERROUS,0.0,65408.0,119850.0,54442.0,,,
Merrillville,FETURN,ZZ DO NOT USE STEEL TURNINGS,STEEL,STEEL,FERROUS,0.0,0.0,0.0,0.0,,,
Merrillville,Al01100,1100 SERIES,ALUMINUM,ALUMINUM,NON_FERROUS,0.0,0.0,0.0,0.0,,,
Merrillville,PTD3003,3003 AL PAINTED,ALUMINUM,ALUMINUM,NON_FERROUS,45.0,0.0,0.0,45.0,0.2,9.0,
Merrillville,380PTDNC,380 PTD NEW CAST,ALUMINUM,ALUMINUM,NON_FERROUS,0.0,0.0,0.0,0.0,,,
Merrillville,AL05052,5052 ALUMINUM,ALUMINUM,ALUMINUM,NON_FERROUS,429.0,0.0,1541.0,1970.0,0.4,788.0,
Merrillville,6061ALR,6061 AL RIMS,ALUMINUM,ALUMINUM,NON_FERROUS,1190.0,0.0,0.0,1190.0,0.45,536.69,
Merrillville,AL06061,6061 ALUMINUM - SPC,ALUMINUM,ALUMINUM,NON_FERROUS,2616.0,0.0,2129.0,4745.0,0.66,3132.17,
Merrillville,ALEXTRU,6061 ALUMINUM EXTRUSIONS,ALUMINUM,ALUMINUM,NON_FERROUS,752.0,0.0,4794.0,5546.0,0.86,4766.79,
Merrillville,6061PTDSPCAL,6061 PAINTED SPC,ALUMINUM,ALUMINUM,NON_FERROUS,0.0,0.0,0.0,0.0,,,
Merrillville,TRWLS,6061 TRUCK WHEELS,ALUMINUM,ALUMINUM,NON_FERROUS,0.0,0.0,599.0,599.0,,,
Merrillville,AL6061TURNS,6061 TURNINGS,ALUMINUM,ALUMINUM,NON_FERROUS,1000.0,1000.0,0.0,0.0,0.5,0.0,
Merrillville,6063ALS,6063 AL SOLIDS,ALUMINUM,ALUMINUM,NON_FERROUS,0.0,0.0,0.0,0.0,,,
Merrillville,AL06063,6063 BARE ALUMINUM EXTRUSION,ALUMINUM,ALUMINUM,NON_FERROUS,1204.0,15804.0,28689.0,14089.0,0.97,13697.33,
Merrillville,AL06310,6063 PAINTED EXTRUSION,ALUMINUM,ALUMINUM,NON_FERROUS,1679.0,0.0,9859.0,11538.0,0.71,8203.52,
Merrillville,6063PIAL,6063 PIPE,ALUMINUM,ALUMINUM,NON_FERROUS,249.0,0.0,0.0,249.0,1.0,249.0,
Merrillville,ALCURAEND,ACR AL/CU RADIATOR ENDS,ALUMINUM,ALUMINUM,NON_FERROUS,1120.0,0.0,1421.0,2541.0,0.51,1295.66,
Merrillville,AL0ACSR,ACSR WIRE,ALUMINUM,ALUMINUM,NON_FERROUS,156.0,0.0,0.0,156.0,0.52,81.37,
Merrillville,ALDUST,AL DUST,ALUMINUM,ALUMINUM,NON_FERROUS,0.0,0.0,0.0,0.0,,,
Merrillville,ALCURAD,AL/CU RADIATORS - CLEAN,ALUMINUM,ALUMINUM,NON_FERROUS,3886.0,0.0,13342.0,17228.0,1.98,34045.97,
Merrillville,ALCURFE,AL/CU RADIATORS - FE,ALUMINUM,ALUMINUM,NON_FERROUS,1508.0,240.0,0.0,1268.0,1.15,1454.4,
Merrillville,ALUARM,ALUM ARMATURE,ALUMINUM,ALUMINUM,NON_FERROUS,32.0,0.0,1977.0,2009.0,0.1,194.67,
Merrillville,ALUMBRECWR,ALUM BARE EC WIRE,ALUMINUM,ALUMINUM,NON_FERROUS,441.0,0.0,0.0,441.0,0.5,220.06,
Merrillville,ALTRANSF,ALUM TRANSFORMERS,ALUMINUM,ALUMINUM,NON_FERROUS,155.0,0.0,8926.0,9081.0,0.09,817.29,
Merrillville,ALUTURN,ALUMINIUM TURNS,ALUMINUM,ALUMINUM,NON_FERROUS,1907.0,694.0,3252.0,4465.0,0.21,953.72,
Merrillville,ALUBREAK,ALUMINUM BREAK,ALUMINUM,ALUMINUM,NON_FERROUS,24123.0,0.0,1132.0,25255.0,0.1,2558.33,
Merrillville, ALBZTS1,ALUMINUM BRONZE TURNINGS,ALUMINUM,ALUMINUM,NON_FERROUS,0.0,0.0,974.0,974.0,,,
Merrillville,AL00UBC,ALUMINUM CANS,ALUMINUM,ALUMINUM,NON_FERROUS,1994.0,107.0,3836.0,5723.0,0.4,2289.2,
Merrillville,ALDCAST,ALUMINUM DIE-CAST,ALUMINUM,ALUMINUM,NON_FERROUS,3.0,0.0,0.0,3.0,0.4,1.2,
Merrillville,ALFOIL,ALUMINUM FOIL,ALUMINUM,ALUMINUM,NON_FERROUS,2.0,0.0,0.0,2.0,0.06,0.12,
Merrillville,ALUMLC,ALUMINUM MLC,ALUMINUM,ALUMINUM,NON_FERROUS,417.0,0.0,0.0,417.0,0.4,166.8,
Merrillville,ALMOLDS,ALUMINUM MOLDS,ALUMINUM,ALUMINUM,NON_FERROUS,0.0,0.0,0.0,0.0,,,
Merrillville,ALNCST,ALUMINUM NEW CAST,ALUMINUM,ALUMINUM,NON_FERROUS,38.0,0.0,0.0,38.0,0.4,15.2,
Merrillville,ALSHEET,ALUMINUM OLD SHEET,ALUMINUM,ALUMINUM,NON_FERROUS,2687.0,0.0,15425.0,18112.0,0.45,8224.66,
Merrillville,ALPAINT,ALUMINUM PAINTED SIDING,ALUMINUM,ALUMINUM,NON_FERROUS,4616.0,0.0,22694.0,27310.0,0.57,15613.13,
Merrillville,AL0RADS,ALUMINUM RADIATORS - CLEAN,ALUMINUM,ALUMINUM,NON_FERROUS,91.0,0.0,4228.0,4319.0,0.35,1511.65,
Merrillville,AL0RDFE,ALUMINUM RADIATORS - FE,ALUMINUM,ALUMINUM,NON_FERROUS,1010.0,0.0,0.0,1010.0,0.29,295.42,
Merrillville,ALWHEEL,ALUMINUM RIMS,ALUMINUM,ALUMINUM,NON_FERROUS,2996.0,0.0,1972.0,4968.0,0.7,3495.48,
Merrillville,ALTHERMEX,ALUMINUM THERMAL EXT,ALUMINUM,ALUMINUM,NON_FERROUS,2420.0,0.0,354.0,2774.0,0.58,1597.82,
Merrillville,ALTRSTK,ALUMINUM TRAILER STOCK,ALUMINUM,ALUMINUM,NON_FERROUS,0.0,0.0,8159.0,8159.0,,,
Merrillville,ALBRZ,ALUMINUM/BRONZE,ALUMINUM,ALUMINUM,NON_FERROUS,842.0,0.0,744.0,1586.0,2.29,3627.5,
Merrillville,PMLC,Aluminum Painted MLC,ALUMINUM,ALUMINUM,NON_FERROUS,0.0,0.0,0.0,0.0,,,
Merrillville,CASAL,CAST AL,ALUMINUM,ALUMINUM,NON_FERROUS,14.0,0.0,0.0,14.0,0.3,4.2,
Merrillville,ALWHLCR,CHROME RIMS,ALUMINUM,ALUMINUM,NON_FERROUS,753.0,0.0,0.0,753.0,0.45,335.99,
Merrillville,CCAL,CLEAN CAST ALUMINUM,ALUMINUM,ALUMINUM,NON_FERROUS,2213.0,0.0,5560.0,7773.0,0.41,3176.05,
Merrillville,DALRS,Dirty Aluminum Rims,ALUMINUM,ALUMINUM,NON_FERROUS,9.0,0.0,0.0,9.0,0.4,3.6,
Merrillville,InsECW,INSULATED EC WIRE,ALUMINUM,ALUMINUM,NON_FERROUS,131.0,0.0,0.0,131.0,0.3,39.5,
Merrillville,AL063FE,IRONY EXTRUSIONS,ALUMINUM,ALUMINUM,NON_FERROUS,1595.0,0.0,4009.0,5604.0,0.6,3349.51,
Merrillville,OLCAAL,OLD CAST AL,ALUMINUM,ALUMINUM,NON_FERROUS,0.0,0.0,0.0,0.0,,,
Merrillville,OCAL5,OLD CAST AL 5% FE,ALUMINUM,ALUMINUM,NON_FERROUS,663.0,0.0,1312.0,1975.0,0.35,691.25,
Merrillville,3003PTD,ZZ DO NOT USE - 3003 ALUMINUM PAINTED  ,ALUMINUM,ALUMINUM,NON_FERROUS,0.0,0.0,0.0,0.0,,,
Merrillville,356ALCAST,ZZ DO NOT USE - 356 ALUMINUM CASTINGS,ALUMINUM,ALUMINUM,NON_FERROUS,0.0,0.0,0.0,0.0,,,
Merrillville,AL0BECW,ZZ DO NOT USE - AL BARE EC WIRE,ALUMINUM,ALUMINUM,NON_FERROUS,0.0,0.0,2267.0,2267.0,,,
Merrillville,ALMTRNG,ZZ DO NOT USE - ALUMINUM TURNINGS,ALUMINUM,ALUMINUM,NON_FERROUS,1119.0,0.0,1962.0,3081.0,0.2,616.2,
Merrillville,ALBRKG,ZZ DO NOT USE ALUMINUM BREAKAGE,ALUMINUM,ALUMINUM,NON_FERROUS,0.0,0.0,1751.0,1751.0,,,
Merrillville,AL0CAST,ZZ DO NOT USE CAST ALUMINUM,ALUMINUM,ALUMINUM,NON_FERROUS,0.0,0.0,0.0,0.0,,,
Merrillville,DPBr,Dirty Plumbers Brass,BRASS TIER 1,BRASS,NON_FERROUS,17.0,0.0,0.0,17.0,0.5,8.5,
Merrillville,EDMW,EDM WIRE ,BRASS TIER 1,BRASS,NON_FERROUS,366.0,0.0,1131.0,1497.0,2.2,3293.4,
Merrillville,IyRdBr,Irony Red Brass,BRASS TIER 1,BRASS,NON_FERROUS,0.0,0.0,0.0,0.0,,,
Merrillville,IrYwBr,Irony Yellow Brass,BRASS TIER 1,BRASS,NON_FERROUS,1080.0,0.0,0.0,1080.0,1.35,1454.87,
Merrillville,BRREDSD,RED BRASS SOLIDS,BRASS TIER 1,BRASS,NON_FERROUS,1145.0,0.0,3628.0,4773.0,2.85,13615.94,
Merrillville,BR360BO,RED BRASS TURNINGS,BRASS TIER 1,BRASS,NON_FERROUS,40.0,0.0,0.0,40.0,2.8,112.0,
Merrillville,SEMREBR,SEMI RED BRASS,BRASS TIER 1,BRASS,NON_FERROUS,0.0,0.0,2946.0,2946.0,,,
Merrillville,BRSHEL,YELLOW BRASS SHELLS,BRASS TIER 1,BRASS,NON_FERROUS,0.0,0.0,0.0,0.0,,,
Merrillville,BRYELLO,YELLOW BRASS SOLIDS,BRASS TIER 1,BRASS,NON_FERROUS,1475.0,0.0,11937.0,13412.0,2.55,34195.24,
Merrillville,BRINDBT,YELLOW BRASS TURNINGS,BRASS TIER 1,BRASS,NON_FERROUS,97.0,0.0,0.0,97.0,1.84,178.4,
Merrillville,7030BR,70/30 Brass Shells,BRASS TIER 2,BRASS,NON_FERROUS,192.0,1222.0,2104.0,1074.0,2.3,2470.2,
Merrillville,BRAUTOR,BRASS AUTO RADIATORS - CLEAN,BRASS TIER 2,BRASS,NON_FERROUS,160.0,0.0,0.0,160.0,1.29,206.5,
Merrillville,BRAUTOF,BRASS AUTO RADIATORS - FE,BRASS TIER 2,BRASS,NON_FERROUS,221.0,0.0,0.0,221.0,0.91,201.75,
Merrillville,BRNZTRN,BRONZE TURNINGS,BRASS TIER 2,BRASS,NON_FERROUS,101.0,0.0,0.0,101.0,1.3,131.3,
Merrillville,CRNIBR7030,CHROME/NICKEL PLATED BRASS SHELLS,BRASS TIER 2,BRASS,NON_FERROUS,0.0,0.0,420.0,420.0,,,
Merrillville,DRKBS,Door Knobs,BRASS TIER 2,BRASS,NON_FERROUS,19.0,0.0,675.0,694.0,0.06,42.2,
Merrillville,BRHEATR,HEATER CORES,BRASS TIER 2,BRASS,NON_FERROUS,219.0,0.0,0.0,219.0,0.08,18.18,
Merrillville,IrBrTs,Irony Brass Turnings,BRASS TIER 2,BRASS,NON_FERROUS,0.0,0.0,0.0,0.0,,,
Merrillville,BR0PHOS,PHOS BRONZE SOLIDS,BRASS TIER 2,BRASS,NON_FERROUS,148.0,0.0,0.0,148.0,2.23,330.04,
Merrillville,Pwtr,Pewter,BRASS TIER 2,BRASS,NON_FERROUS,17.0,0.0,0.0,17.0,3.18,54.06,
Merrillville,SvrPBr,Silver Plated Brass,BRASS TIER 2,BRASS,NON_FERROUS,0.0,0.0,0.0,0.0,,,
Merrillville,CU00001,#1 COPPER,COPPER TIER 1,COPPER,NON_FERROUS,2549.0,0.0,21767.0,24316.0,4.89,118985.48,
Merrillville,CU00002,#2 COPPER,COPPER TIER 1,COPPER,NON_FERROUS,1569.0,0.0,8653.0,10222.0,4.8,49045.16,
Merrillville,CU00003,#3 COPPER,COPPER TIER 1,COPPER,NON_FERROUS,290.0,0.0,296.0,586.0,3.42,2002.42,
Merrillville,CU0003MICA,#3 Cu MICA 98%,COPPER TIER 1,COPPER,NON_FERROUS,0.0,0.0,418.0,418.0,,,
Merrillville,CUBB001,BARE BRIGHT COPPER,COPPER TIER 1,COPPER,NON_FERROUS,3911.0,0.0,51020.0,54931.0,4.64,254649.13,
Merrillville,BrCuSds,Beryllium Copper Solids,COPPER TIER 1,COPPER,NON_FERROUS,0.0,0.0,0.0,0.0,,,
Merrillville,CUBSBR,CU BUSS BAR,COPPER TIER 1,COPPER,NON_FERROUS,145.0,0.0,1030.0,1175.0,3.95,4645.13,
Merrillville,SVPBB,SILVER PLTD BUSS BAR,COPPER TIER 1,COPPER,NON_FERROUS,0.0,0.0,2151.0,2151.0,,,
Merrillville,SvPtCu,Silver Plated Copper,COPPER TIER 1,COPPER,NON_FERROUS,10.0,0.0,0.0,10.0,2.0,20.0,
Merrillville,TCUBSBR,TIN PLATED BUSBAR,COPPER TIER 1,COPPER,NON_FERROUS,0.0,0.0,664.0,664.0,,,
Merrillville,TNPDCWR,TIN PLTD COPPER WIRE,COPPER TIER 1,COPPER,NON_FERROUS,0.0,0.0,6138.0,6138.0,,,
Merrillville,CUIN160,#1 ICW 60%,COPPER TIER 2,COPPER,NON_FERROUS,1720.0,0.0,5820.0,7540.0,3.05,23033.95,
Merrillville,ICW80,#1 ICW 80%,COPPER TIER 2,COPPER,NON_FERROUS,1930.0,0.0,23710.0,25640.0,3.65,93562.92,
Merrillville,CUIN185,#1 ICW 85%,COPPER TIER 2,COPPER,NON_FERROUS,156.0,0.0,0.0,156.0,3.35,522.3,
Merrillville,CUIN188,#1 ICW 88%,COPPER TIER 2,COPPER,NON_FERROUS,1880.0,0.0,19340.0,21220.0,3.57,75855.13,
Merrillville,CUIN190,#1 ICW 90%,COPPER TIER 2,COPPER,NON_FERROUS,1085.0,0.0,0.0,1085.0,3.43,3717.86,
Merrillville,CUIN220,#2 ICW 20% - CHRISTMAS LIGHTS,COPPER TIER 2,COPPER,NON_FERROUS,65.0,0.0,680.0,745.0,0.2,149.0,
Merrillville,CUIN235,#2 ICW 35%,COPPER TIER 2,COPPER,NON_FERROUS,614.0,0.0,0.0,614.0,0.08,47.22,
Merrillville,CUIN245,#2 ICW 45%,COPPER TIER 2,COPPER,NON_FERROUS,904.0,0.0,6012.0,6916.0,1.17,8122.84,
Merrillville,CUIN255,#2 ICW 55%,COPPER TIER 2,COPPER,NON_FERROUS,0.0,0.0,0.0,0.0,,,
Merrillville,CUIN265,#2 ICW 65%,COPPER TIER 2,COPPER,NON_FERROUS,0.0,0.0,0.0,0.0,,,
Merrillville,CUIN280,#2 ICW 80%,COPPER TIER 2,COPPER,NON_FERROUS,154.0,0.0,453.0,607.0,2.51,1523.57,
Merrillville,ALBXCBL,AL BX CABLE,COPPER TIER 2,COPPER,NON_FERROUS,459.0,0.0,0.0,459.0,0.77,351.73,
Merrillville,ALBXWI,ALUM BX WIRE,COPPER TIER 2,COPPER,NON_FERROUS,0.0,0.0,0.0,0.0,,,
Merrillville,COMWIRECU,COMMUNICATION WIRE,COPPER TIER 2,COPPER,NON_FERROUS,3699.0,1034.0,15707.0,18372.0,1.83,33536.25,
Merrillville,HELXOE,HELIAX OPEN-EYE,COPPER TIER 2,COPPER,NON_FERROUS,0.0,0.0,0.0,0.0,,,
Merrillville,ICWHARWIR,ICW HARNESS WIRE,COPPER TIER 2,COPPER,NON_FERROUS,631.0,0.0,0.0,631.0,1.24,784.52,
Merrillville,RMXWIR,ROMEX WIRE,COPPER TIER 2,COPPER,NON_FERROUS,2022.0,0.0,438.0,2460.0,2.21,5442.5,
Merrillville,TCABLE,Teck Cable,COPPER TIER 2,COPPER,NON_FERROUS,0.0,0.0,0.0,0.0,,,
Merrillville,ROMWIRE,ZZ DO NOT USE - ROMEX,COPPER TIER 2,COPPER,NON_FERROUS,0.0,0.0,1425.0,1425.0,,,
Merrillville,OPNEYHLXCU,ZZ DO NOT USE HELIAX,COPPER TIER 2,COPPER,NON_FERROUS,0.0,0.0,0.0,0.0,,,
Merrillville,CUALTER,ALTERNATORS,COPPER TIER 3,COPPER,NON_FERROUS,107.0,0.0,620.0,727.0,0.2,146.49,
Merrillville,CUBALST,BALLAST,COPPER TIER 3,COPPER,NON_FERROUS,460.0,0.0,2236.0,2696.0,0.15,404.4,
Merrillville,COPARM,COPPER ARMATURES,COPPER TIER 3,COPPER,NON_FERROUS,465.0,0.0,549.0,1014.0,0.97,986.22,
Merrillville,CUFUS,COPPER FUSES,COPPER TIER 3,COPPER,NON_FERROUS,33.0,0.0,0.0,33.0,3.7,122.26,
Merrillville,CU TRANS,COPPER TRANSFORMERS,COPPER TIER 3,COPPER,NON_FERROUS,267.0,0.0,4070.0,4337.0,0.2,867.4,
Merrillville,CUALTRAN,COPPER/ALUMINUM TRANSFORMERS,COPPER TIER 3,COPPER,NON_FERROUS,61.0,0.0,0.0,61.0,0.12,7.32,
Merrillville,CuBkrs,Copper Breakers,COPPER TIER 3,COPPER,NON_FERROUS,0.0,0.0,0.0,0.0,,,
Merrillville,CUMOTORDC,DC MOTORS,COPPER TIER 3,COPPER,NON_FERROUS,17.0,0.0,790.0,807.0,0.0,0.0,
Merrillville,CUMOTOR,ELECTRIC MOTORS,COPPER TIER 3,COPPER,NON_FERROUS,1956.0,0.0,28672.0,30628.0,0.15,4594.2,
Merrillville,CUMOD,ELECTRIC MOTORS - FE,COPPER TIER 3,COPPER,NON_FERROUS,3850.0,0.0,0.0,3850.0,0.1,369.98,
Merrillville,CUELMOL,ELECTRIC MOTORS - LARGE,COPPER TIER 3,COPPER,NON_FERROUS,0.0,0.0,5373.0,5373.0,,,
Merrillville,PRELMTR,PREMIUM ELECTRIC MOTORS ,COPPER TIER 3,COPPER,NON_FERROUS,0.0,0.0,0.0,0.0,,,
Merrillville,CUSEALD,SEALED UNITS,COPPER TIER 3,COPPER,NON_FERROUS,5295.0,0.0,21301.0,26596.0,0.1,2630.34,
Merrillville,CUSTART,STARTERS,COPPER TIER 3,COPPER,NON_FERROUS,74.0,0.0,838.0,912.0,0.25,228.0,
Merrillville,STCSCOTRA,STEEL CASED COPPER TRANSFORMERS,COPPER TIER 3,COPPER,NON_FERROUS,266.0,0.0,3064.0,3330.0,0.18,607.72,
Merrillville,LEAUTOB,AUTO BATTERIES,LEAD,LEAD,NON_FERROUS,15717.0,0.0,37649.0,53366.0,0.1,5299.24,
Merrillville,LESTRIP,CLEAN LEAD,LEAD,LEAD,NON_FERROUS,0.0,0.0,0.0,0.0,,,
Merrillville,FEPBCNTWTS,FE PB COUNTER WEIGHTS,LEAD,LEAD,NON_FERROUS,0.0,0.0,0.0,0.0,,,
Merrillville,LERANGE,RANGE LEAD,LEAD,LEAD,NON_FERROUS,113.0,0.0,0.0,113.0,0.47,53.51,
Merrillville,SOFLEA,SOFT LEAD,LEAD,LEAD,NON_FERROUS,1280.0,0.0,589.0,1869.0,0.3,567.43,
Merrillville,LEFECAS,STEEL CASED BATTERIES,LEAD,LEAD,NON_FERROUS,0.0,0.0,5397.0,5397.0,,,
Merrillville,LEWHEEL,WHEEL WEIGHTS,LEAD,LEAD,NON_FERROUS,398.0,0.0,0.0,398.0,0.11,42.27,
Merrillville,304SSL,304 STAINLESS L,STAINLESS STEEL TIER 1,STAINLESS STEEL,NON_FERROUS,0.0,0.0,0.0,0.0,,,
Merrillville,304SSOS,304 STAINLESS OVERSIZED,STAINLESS STEEL TIER 1,STAINLESS STEEL,NON_FERROUS,1358.0,0.0,0.0,1358.0,0.25,339.5,
Merrillville,NISS300,304 STAINLESS SOLIDS,STAINLESS STEEL TIER 1,STAINLESS STEEL,NON_FERROUS,25188.0,3709.0,19434.0,40913.0,0.28,11422.91,
Merrillville,NI300BO,304 STAINLESS STEEL TURNINGS,STAINLESS STEEL TIER 1,STAINLESS STEEL,NON_FERROUS,728.0,0.0,1371.0,2099.0,0.24,503.76,
Merrillville,304STNPLY,304 STAINLESS WITH POLY,STAINLESS STEEL TIER 1,STAINLESS STEEL,NON_FERROUS,0.0,0.0,0.0,0.0,,,
Merrillville,NISS316,316 STAINLESS STEEL SOLIDS,STAINLESS STEEL TIER 1,STAINLESS STEEL,NON_FERROUS,43390.0,5185.0,13119.0,51324.0,0.56,28880.01,
Merrillville,409SS,409 STAINLESS,STAINLESS STEEL TIER 1,STAINLESS STEEL,NON_FERROUS,6698.0,0.0,9.0,6707.0,0.12,794.11,
Merrillville,NIMIXD,STAINLESS STEEL - FE,STAINLESS STEEL TIER 1,STAINLESS STEEL,NON_FERROUS,13865.0,0.0,0.0,13865.0,0.32,4402.14,
Merrillville,201,201 STAINLESS CLIP,STAINLESS STEEL TIER 2,STAINLESS STEEL,NON_FERROUS,0.0,0.0,0.0,0.0,,,
Merrillville,NICARBD,CARBIDE,STAINLESS STEEL TIER 2,STAINLESS STEEL,NON_FERROUS,33.0,0.0,0.0,33.0,20.0,660.0,
Merrillville,HAST276,HAST C-276 SOLIDS,STAINLESS STEEL TIER 2,STAINLESS STEEL,NON_FERROUS,0.0,0.0,0.0,0.0,,,
Merrillville,NIINCON,INCONEL,STAINLESS STEEL TIER 2,STAINLESS STEEL,NON_FERROUS,0.0,0.0,0.0,0.0,,,
Merrillville,MO2RE2,MO2-RE2,STAINLESS STEEL TIER 2,STAINLESS STEEL,NON_FERROUS,884.0,0.0,0.0,884.0,2.12,1877.97,
Merrillville,TTSS,TITANIUM TURNINGS,STAINLESS STEEL TIER 2,STAINLESS STEEL,NON_FERROUS,33.0,0.0,0.0,33.0,0.15,4.95,
Merrillville,TUNGMOTAINS,TUNGSTEN MOLY TA INSERTS,STAINLESS STEEL TIER 2,STAINLESS STEEL,NON_FERROUS,0.0,0.0,0.0,0.0,,,
Merrillville,ZNDICST,ZINC DIE CAST,ZINC,ZINC,NON_FERROUS,984.0,0.0,0.0,984.0,0.51,497.51,
Merrillville,ACPUM,AC PUMPS,OTHER,OTHER,Other,81.0,0.0,405.0,486.0,0.26,127.28,
Merrillville,MA00001,MAGNESIUM,OTHER,OTHER,Other,5.0,0.0,0.0,5.0,0.0,0.0,
Merrillville,CB2,CARDBOARD,ZWASTE,ZWASTE,WA,4017.0,0.0,0.0,4017.0,0.07,279.18,
Merrillville,WASTE,WASTE,ZWASTE,ZWASTE,WA,12660.0,0.0,0.0,12660.0,0.0,0.0,
Milton,CLPBNDS,#1 BUNDLES,STEEL,STEEL,FERROUS,0.0,0.0,0.0,0.0,,,
Milton,1018ST,1018 STEEL,STEEL,STEEL,FERROUS,0.0,0.0,0.0,0.0,,,
Milton,4140SOLS,4140 SOLIDS,STEEL,STEEL,FERROUS,3255.0,3004.0,0.0,251.0,0.08,20.18,
Milton,AAAPRT,AA AUTO PARTS,STEEL,STEEL,FERROUS,0.0,0.0,0.0,0.0,,,
Milton,FE0DEAT,AUTO BODY - COMPLETE,STEEL,STEEL,FERROUS,166580.0,92620.0,0.0,73960.0,0.09,6752.55,
Milton,AUCORESTEEL,AUTO BODY - CORE ,STEEL,STEEL,FERROUS,11370.0,0.0,0.0,11370.0,0.11,1217.73,
Milton,FE0AUTO,AUTO BODY - INCOMPLETE,STEEL,STEEL,FERROUS,440.0,0.0,0.0,440.0,0.09,38.28,
Milton,FEAUCST,AUTO CAST,STEEL,STEEL,FERROUS,14215.0,3903.0,37500.0,47812.0,0.13,6449.84,
Milton,Indbush,BUSHELING,STEEL,STEEL,FERROUS,59997.0,1355983.0,1406800.0,110814.0,0.13,14727.18,
Milton,CLSHST,CLEAN SHEET,STEEL,STEEL,FERROUS,30508.0,159151.0,335420.0,206777.0,0.09,18051.63,
Milton,FENST,FENCING,STEEL,STEEL,FERROUS,16440.0,11300.0,0.0,5140.0,0.02,89.95,
Milton,ACUT,FULL A/C UNIT,STEEL,STEEL,FERROUS,1668.0,644.0,0.0,1024.0,0.15,153.6,
Milton,INDHVYM,HEAVY MELT,STEEL,STEEL,FERROUS,85372.0,394984.0,568660.0,259048.0,0.1,25723.47,
Milton,UNPHMS,HEAVY MELT - UNPREPARED,STEEL,STEEL,FERROUS,38558.0,96565.0,107340.0,49333.0,0.07,3527.31,
Milton,las,LAS,STEEL,STEEL,FERROUS,1771.0,18388.0,0.0,-16617.0,0.04,0.0,NEGATIVE (reclassified or short)
Milton,OVSZMAC,OVERSIZED MACHINERY,STEEL,STEEL,FERROUS,59560.0,56320.0,0.0,3240.0,0.03,89.42,
Milton,PTDBUSH,PAINTED BUSH,STEEL,STEEL,FERROUS,22660.0,22660.0,0.0,0.0,0.1,0.0,
Milton,INDP&S,PLATE & STRUCTUAL,STEEL,STEEL,FERROUS,45346.0,100008.0,97320.0,42658.0,0.08,3382.78,
Milton,REBAR,REBAR,STEEL,STEEL,FERROUS,5302.0,0.0,0.0,5302.0,0.06,315.47,
Milton,SHIRST,SHEET IRON,STEEL,STEEL,FERROUS,254339.0,604569.0,1283760.0,933530.0,0.07,69734.69,
Milton,SKST,SKELATAL ,STEEL,STEEL,FERROUS,0.0,76320.0,36040.0,-40280.0,,,NEGATIVE (reclassified or short)
Milton,STBD,STEEL BANDING (fe),STEEL,STEEL,FERROUS,0.0,244300.0,244300.0,0.0,,,
Milton,STBXCAB,STEEL BX CABLE,STEEL,STEEL,FERROUS,0.0,0.0,0.0,0.0,,,
Milton,STBXW,STEEL BX WIRE (fe),STEEL,STEEL,FERROUS,429.0,0.0,0.0,429.0,0.41,176.79,
Milton,INDCLIPS,STEEL CLIPS,STEEL,STEEL,FERROUS,0.0,0.0,0.0,0.0,,,
Milton,STLCOL,STEEL COIL,STEEL,STEEL,FERROUS,11489.0,0.0,0.0,11489.0,0.06,639.94,
Milton,STMTRBLK,STEEL MOTOR BLOCKS,STEEL,STEEL,FERROUS,10649.0,1780.0,0.0,8869.0,0.14,1220.37,
Milton,TURNSTEEL,STEEL TURNING,STEEL,STEEL,FERROUS,261102.0,1264376.0,1091060.0,87786.0,0.03,2853.04,
Milton,STWR,STEEL WIRE,STEEL,STEEL,FERROUS,440.0,1201360.0,1201360.0,440.0,0.05,21.6,
Milton,UNPREP,UNPREPARED P&S ,STEEL,STEEL,FERROUS,38240.0,3285.0,0.0,34955.0,0.06,2051.86,
Milton,UNHMS,ZZ DO NOT USE - UNPREPARED HMS (uhms),STEEL,STEEL,FERROUS,0.0,11936.0,65100.0,53164.0,,,
Milton,FETURN,ZZ DO NOT USE STEEL TURNINGS,STEEL,STEEL,FERROUS,0.0,596869.0,759340.0,162471.0,,,
Milton,1010ALEXT,1010 BARE EXTRUSION,ALUMINUM,ALUMINUM,NON_FERROUS,169.0,25.0,0.0,144.0,0.65,93.6,
Milton,Al01100,1100 SERIES,ALUMINUM,ALUMINUM,NON_FERROUS,12.0,1634.0,2309.0,687.0,0.08,56.95,
Milton,AL02024,2000 SERIES ALUMINUM,ALUMINUM,ALUMINUM,NON_FERROUS,329.0,0.0,0.0,329.0,0.2,65.8,
Milton,2024ALCST,2024 AL CASTINGS,ALUMINUM,ALUMINUM,NON_FERROUS,1.0,0.0,0.0,1.0,0.2,0.2,
Milton,PTD3003,3003 AL PAINTED,ALUMINUM,ALUMINUM,NON_FERROUS,0.0,0.0,0.0,0.0,,,
Milton,AL3003,3003 AL SOLIDS,ALUMINUM,ALUMINUM,NON_FERROUS,783.0,9180.0,9180.0,783.0,0.72,566.74,
Milton,30ALP,3003 ALUMINUM WITH POLY,ALUMINUM,ALUMINUM,NON_FERROUS,0.0,1662.0,1676.0,14.0,,,
Milton,3105ALSOL,3105 AL SOLIDS,ALUMINUM,ALUMINUM,NON_FERROUS,0.0,0.0,0.0,0.0,,,
Milton,319ALFLASHING,319 AL FLASHINGS ,ALUMINUM,ALUMINUM,NON_FERROUS,2113.0,4458.0,5015.0,2670.0,0.36,953.19,
Milton,319CSTAL,319 CASTINGS,ALUMINUM,ALUMINUM,NON_FERROUS,0.0,0.0,0.0,0.0,,,
Milton,Al0356,356 ALUMINUM (ARCHIVED),ALUMINUM,ALUMINUM,NON_FERROUS,0.0,1483.0,0.0,-1483.0,,,NEGATIVE (reclassified or short)
Milton,380ALTRN,380 ALUMINUM TURNINGS,ALUMINUM,ALUMINUM,NON_FERROUS,0.0,2843.0,667.0,-2176.0,,,NEGATIVE (reclassified or short)
Milton,380NCAL,380 BARE NEW CAST ALUMINUM,ALUMINUM,ALUMINUM,NON_FERROUS,0.0,21377.0,23997.0,2620.0,,,
Milton,380NCRUB,380 NEW CAST W/ 5% RUBBER ATTACHMENTS,ALUMINUM,ALUMINUM,NON_FERROUS,1226.0,9856.0,6355.0,-2275.0,0.3,0.0,NEGATIVE (reclassified or short)
Milton,380PTDNC,380 PTD NEW CAST,ALUMINUM,ALUMINUM,NON_FERROUS,30.0,5256.0,11382.0,6156.0,0.3,1844.95,
Milton,AL05052,5052 ALUMINUM,ALUMINUM,ALUMINUM,NON_FERROUS,16511.0,75346.0,63167.0,4332.0,1.57,6815.54,
Milton,AL5052SHPOLY,5052 ALUMINUM SHEET W/POLY,ALUMINUM,ALUMINUM,NON_FERROUS,708.0,3109.0,2996.0,595.0,1.46,868.82,
Milton,6022ALUM,6022 ALUMINUM,ALUMINUM,ALUMINUM,NON_FERROUS,0.0,0.0,625.0,625.0,,,
Milton,6061ALR,6061 AL RIMS,ALUMINUM,ALUMINUM,NON_FERROUS,957.0,0.0,0.0,957.0,0.5,482.52,
Milton,AL06061,6061 ALUMINUM - SPC,ALUMINUM,ALUMINUM,NON_FERROUS,1359.0,15060.0,19814.0,6113.0,0.73,4462.49,
Milton,ALEXTRU,6061 ALUMINUM EXTRUSIONS,ALUMINUM,ALUMINUM,NON_FERROUS,718.0,2960.0,1358.0,-884.0,0.7,0.0,NEGATIVE (reclassified or short)
Milton,6061PTDSPCAL,6061 PAINTED SPC,ALUMINUM,ALUMINUM,NON_FERROUS,0.0,516.0,1914.0,1398.0,,,
Milton,AL6061TURNS,6061 TURNINGS,ALUMINUM,ALUMINUM,NON_FERROUS,20455.0,92492.0,95980.0,23943.0,0.34,8243.57,
Milton,6063ALS,6063 AL SOLIDS,ALUMINUM,ALUMINUM,NON_FERROUS,442.0,436.0,0.0,6.0,0.8,4.82,
Milton,AL06063,6063 BARE ALUMINUM EXTRUSION,ALUMINUM,ALUMINUM,NON_FERROUS,13303.0,27089.0,35696.0,21910.0,1.17,25687.28,
Milton,AL06310,6063 PAINTED EXTRUSION,ALUMINUM,ALUMINUM,NON_FERROUS,908.0,7733.0,8294.0,1469.0,0.68,1000.39,
Milton,6063PIAL,6063 PIPE,ALUMINUM,ALUMINUM,NON_FERROUS,0.0,0.0,0.0,0.0,,,
Milton,6105 turnings,6105 TURNINGS,ALUMINUM,ALUMINUM,NON_FERROUS,0.0,0.0,0.0,0.0,,,
Milton,AL07000,7000 SERIES ALUMINUM,ALUMINUM,ALUMINUM,NON_FERROUS,0.0,0.0,0.0,0.0,,,
Milton,AL07075,7075 ALUMINUM,ALUMINUM,ALUMINUM,NON_FERROUS,1346.0,0.0,0.0,1346.0,0.58,781.76,
Milton,ALCURAEND,ACR AL/CU RADIATOR ENDS,ALUMINUM,ALUMINUM,NON_FERROUS,268.0,0.0,0.0,268.0,0.2,53.81,
Milton,AL0ACSR,ACSR WIRE,ALUMINUM,ALUMINUM,NON_FERROUS,1340.0,866.0,0.0,474.0,0.23,111.34,
Milton,5086,AL 5086,ALUMINUM,ALUMINUM,NON_FERROUS,150.0,150.0,1092.0,1092.0,0.85,928.2,
Milton,CASTAL356,AL CAST - 356,ALUMINUM,ALUMINUM,NON_FERROUS,0.0,15433.0,18194.0,2761.0,,,
Milton,ALDUST,AL DUST,ALUMINUM,ALUMINUM,NON_FERROUS,0.0,0.0,0.0,0.0,,,
Milton,ALTANKS,AL TANKS,ALUMINUM,ALUMINUM,NON_FERROUS,0.0,0.0,0.0,0.0,,,
Milton,ALCURAD,AL/CU RADIATORS - CLEAN,ALUMINUM,ALUMINUM,NON_FERROUS,1464.0,551.0,1724.0,2637.0,1.4,3691.01,
Milton,ALCURFE,AL/CU RADIATORS - FE,ALUMINUM,ALUMINUM,NON_FERROUS,562.0,2.0,0.0,560.0,1.05,589.68,
Milton,ALUARM,ALUM ARMATURE,ALUMINUM,ALUMINUM,NON_FERROUS,0.0,0.0,0.0,0.0,,,
Milton,ALUMBRECWR,ALUM BARE EC WIRE,ALUMINUM,ALUMINUM,NON_FERROUS,0.0,761.0,1358.0,597.0,,,
Milton,ALUMDROSS,ALUM DROSS,ALUMINUM,ALUMINUM,NON_FERROUS,29465.0,97763.0,99800.0,31502.0,0.19,5900.32,
Milton,ALTRANSF,ALUM TRANSFORMERS,ALUMINUM,ALUMINUM,NON_FERROUS,3848.0,4872.0,0.0,-1024.0,0.09,0.0,NEGATIVE (reclassified or short)
Milton,ALUTURN,ALUMINIUM TURNS,ALUMINUM,ALUMINUM,NON_FERROUS,12955.0,86025.0,93054.0,19984.0,0.25,4996.0,
Milton,ALUBREAK,ALUMINUM BREAK,ALUMINUM,ALUMINUM,NON_FERROUS,14009.0,6746.0,13160.0,20423.0,0.09,1782.93,
Milton,AL00UBC,ALUMINUM CANS,ALUMINUM,ALUMINUM,NON_FERROUS,592.0,171.0,0.0,421.0,0.2,84.2,
Milton,ALDCAST,ALUMINUM DIE-CAST,ALUMINUM,ALUMINUM,NON_FERROUS,0.0,0.0,0.0,0.0,,,
Milton,ALFOIL,ALUMINUM FOIL,ALUMINUM,ALUMINUM,NON_FERROUS,0.0,0.0,0.0,0.0,,,
Milton,ALLITHO,ALUMINUM LITHO,ALUMINUM,ALUMINUM,NON_FERROUS,0.0,5569.0,11563.0,5994.0,,,
Milton,ALUMLC,ALUMINUM MLC,ALUMINUM,ALUMINUM,NON_FERROUS,3322.0,20788.0,15632.0,-1834.0,0.71,0.0,NEGATIVE (reclassified or short)
Milton,ALMOLDS,ALUMINUM MOLDS,ALUMINUM,ALUMINUM,NON_FERROUS,0.0,0.0,0.0,0.0,,,
Milton,ALMOTOR,ALUMINUM MOTOR BLOCKS WHOLE,ALUMINUM,ALUMINUM,NON_FERROUS,6353.0,376.0,0.0,5977.0,0.13,772.23,
Milton,ALNCST,ALUMINUM NEW CAST,ALUMINUM,ALUMINUM,NON_FERROUS,184.0,135.0,0.0,49.0,0.3,14.7,
Milton,ALSHEET,ALUMINUM OLD SHEET,ALUMINUM,ALUMINUM,NON_FERROUS,1881.0,1268.0,8066.0,8679.0,0.3,2588.08,
Milton,ALPAINT,ALUMINUM PAINTED SIDING,ALUMINUM,ALUMINUM,NON_FERROUS,2518.0,407.0,4141.0,6252.0,0.4,2491.42,
Milton,AL0RADS,ALUMINUM RADIATORS - CLEAN,ALUMINUM,ALUMINUM,NON_FERROUS,403.0,47.0,1688.0,2044.0,0.2,411.66,
Milton,AL0RDFE,ALUMINUM RADIATORS - FE,ALUMINUM,ALUMINUM,NON_FERROUS,1877.0,46.0,0.0,1831.0,0.15,268.06,
Milton,ALWHEEL,ALUMINUM RIMS,ALUMINUM,ALUMINUM,NON_FERROUS,145.0,16886.0,33158.0,16417.0,0.5,8208.5,
Milton,ALSKMS,ALUMINUM SPILLS,ALUMINUM,ALUMINUM,NON_FERROUS,0.0,0.0,0.0,0.0,,,
Milton,ALTHERMEX,ALUMINUM THERMAL EXT,ALUMINUM,ALUMINUM,NON_FERROUS,1242.0,2204.0,1772.0,810.0,0.33,268.43,
Milton,ALBRZ,ALUMINUM/BRONZE,ALUMINUM,ALUMINUM,NON_FERROUS,381.0,224.0,0.0,157.0,2.31,362.91,
Milton,PMLC,Aluminum Painted MLC,ALUMINUM,ALUMINUM,NON_FERROUS,0.0,249.0,0.0,-249.0,,,NEGATIVE (reclassified or short)
Milton,CASAL,CAST AL,ALUMINUM,ALUMINUM,NON_FERROUS,0.0,0.0,0.0,0.0,,,
Milton,ALWHLCR,CHROME RIMS,ALUMINUM,ALUMINUM,NON_FERROUS,1159.0,251.0,742.0,1650.0,0.37,618.42,
Milton,CCAL,CLEAN CAST ALUMINUM,ALUMINUM,ALUMINUM,NON_FERROUS,0.0,0.0,0.0,0.0,,,
Milton,CUALTRNMX,COPPER / AL TURNINGS MIX,ALUMINUM,ALUMINUM,NON_FERROUS,0.0,0.0,0.0,0.0,,,
Milton,CATR,Cast Aluminum - Transmissions,ALUMINUM,ALUMINUM,NON_FERROUS,1316.0,236.0,0.0,1080.0,0.3,324.0,
Milton,DALRS,Dirty Aluminum Rims,ALUMINUM,ALUMINUM,NON_FERROUS,819.0,11371.0,8180.0,-2372.0,0.41,0.0,NEGATIVE (reclassified or short)
Milton,BOTTAL,FURNACE BOTTOMS - ALUMINUM,ALUMINUM,ALUMINUM,NON_FERROUS,3824.0,2304.0,0.0,1520.0,0.14,215.54,
Milton,InsECW,INSULATED EC WIRE,ALUMINUM,ALUMINUM,NON_FERROUS,1840.0,1273.0,379.0,946.0,0.35,331.86,
Milton,AL063FE,IRONY EXTRUSIONS,ALUMINUM,ALUMINUM,NON_FERROUS,1691.0,603.0,1161.0,2249.0,0.25,555.95,
Milton,MXDAL,MIXED ALUMINUM,ALUMINUM,ALUMINUM,NON_FERROUS,18.0,7773.0,2913.0,-4842.0,0.4,0.0,NEGATIVE (reclassified or short)
Milton,MXBRAL,MIXED BRASS ALUM SPILLS,ALUMINUM,ALUMINUM,NON_FERROUS,0.0,0.0,0.0,0.0,,,
Milton,OLYFLA,OILY FLASHINGS,ALUMINUM,ALUMINUM,NON_FERROUS,0.0,0.0,0.0,0.0,,,
Milton,OLCAAL,OLD CAST AL,ALUMINUM,ALUMINUM,NON_FERROUS,2.0,0.0,0.0,2.0,0.25,0.5,
Milton,OCAL5,OLD CAST AL 5% FE,ALUMINUM,ALUMINUM,NON_FERROUS,2097.0,0.0,0.0,2097.0,0.35,733.95,
Milton,PTD5052,PTD 5052 ALUMINUM,ALUMINUM,ALUMINUM,NON_FERROUS,9.0,785.0,822.0,46.0,1.5,69.0,
Milton,NWCSTAL,ZZ - DO NOT USE NEW CAST ALUMINUM,ALUMINUM,ALUMINUM,NON_FERROUS,0.0,0.0,0.0,0.0,,,
Milton,AL03003,ZZ DO NOT USE - 3003 ALUMINUM,ALUMINUM,ALUMINUM,NON_FERROUS,0.0,9320.0,9298.0,-22.0,,,NEGATIVE (reclassified or short)
Milton,3003PTD,ZZ DO NOT USE - 3003 ALUMINUM PAINTED  ,ALUMINUM,ALUMINUM,NON_FERROUS,0.0,0.0,0.0,0.0,,,
Milton,356ALCAST,ZZ DO NOT USE - 356 ALUMINUM CASTINGS,ALUMINUM,ALUMINUM,NON_FERROUS,0.0,1572.0,816.0,-756.0,,,NEGATIVE (reclassified or short)
Milton,AL0BECW,ZZ DO NOT USE - AL BARE EC WIRE,ALUMINUM,ALUMINUM,NON_FERROUS,0.0,59.0,572.0,513.0,,,
Milton,ALMFURN,ZZ DO NOT USE - AL FURNACE BOTTOMS,ALUMINUM,ALUMINUM,NON_FERROUS,0.0,1520.0,0.0,-1520.0,,,NEGATIVE (reclassified or short)
Milton,ALMDROSS,ZZ DO NOT USE - ALUMINUM DROSS,ALUMINUM,ALUMINUM,NON_FERROUS,0.0,15259.0,30380.0,15121.0,,,
Milton,ALMTRNG,ZZ DO NOT USE - ALUMINUM TURNINGS,ALUMINUM,ALUMINUM,NON_FERROUS,0.0,15448.0,34012.0,18564.0,,,
Milton,ALBRKG,ZZ DO NOT USE ALUMINUM BREAKAGE,ALUMINUM,ALUMINUM,NON_FERROUS,0.0,1239.0,10500.0,9261.0,,,
Milton,AL0CAST,ZZ DO NOT USE CAST ALUMINUM,ALUMINUM,ALUMINUM,NON_FERROUS,0.0,0.0,0.0,0.0,,,
Milton,ALMFLASH,ZZZ DO NOT USE - ALUMINUM FLASHINGS - 319,ALUMINUM,ALUMINUM,NON_FERROUS,0.0,604.0,3484.0,2880.0,,,
Milton,DRTYBRS,DIRTY BRASS,BRASS TIER 1,BRASS,NON_FERROUS,536.0,135.0,0.0,401.0,0.82,328.1,
Milton,DPBr,Dirty Plumbers Brass,BRASS TIER 1,BRASS,NON_FERROUS,0.0,0.0,0.0,0.0,,,
Milton,EDMW,EDM WIRE ,BRASS TIER 1,BRASS,NON_FERROUS,365.0,10961.0,11290.0,694.0,1.67,1161.06,
Milton,IrYwBr,Irony Yellow Brass,BRASS TIER 1,BRASS,NON_FERROUS,0.0,0.0,0.0,0.0,,,
Milton,BRFAUC,LOW GRADE FAUCET BRASS,BRASS TIER 1,BRASS,NON_FERROUS,199.0,35.0,0.0,164.0,0.62,101.58,
Milton,OXEDMWR,OXIDIZED EDM WIRE,BRASS TIER 1,BRASS,NON_FERROUS,290.0,768.0,1454.0,976.0,1.5,1465.76,
Milton,RDBM,RED BALL MILL,BRASS TIER 1,BRASS,NON_FERROUS,0.0,0.0,0.0,0.0,,,
Milton,BRREDSD,RED BRASS SOLIDS,BRASS TIER 1,BRASS,NON_FERROUS,37.0,0.0,0.0,37.0,2.73,101.05,
Milton,BR360BO,RED BRASS TURNINGS,BRASS TIER 1,BRASS,NON_FERROUS,0.0,0.0,0.0,0.0,,,
Milton,SEMREBR,SEMI RED BRASS,BRASS TIER 1,BRASS,NON_FERROUS,0.0,0.0,1203.0,1203.0,,,
Milton,YELBM,YELLOW BALL MILL,BRASS TIER 1,BRASS,NON_FERROUS,0.0,0.0,0.0,0.0,,,
Milton,BRSHEL,YELLOW BRASS SHELLS,BRASS TIER 1,BRASS,NON_FERROUS,15.0,0.0,0.0,15.0,1.53,22.95,
Milton,BRYELLO,YELLOW BRASS SOLIDS,BRASS TIER 1,BRASS,NON_FERROUS,1082.0,1477.0,3854.0,3459.0,1.56,5396.39,
Milton,BRINDBT,YELLOW BRASS TURNINGS,BRASS TIER 1,BRASS,NON_FERROUS,0.0,483.0,0.0,-483.0,,,NEGATIVE (reclassified or short)
Milton,BR00230,230 BRASS SOLIDS,BRASS TIER 2,BRASS,NON_FERROUS,0.0,0.0,0.0,0.0,,,
Milton,360BS,360 BRASS SOLIDS,BRASS TIER 2,BRASS,NON_FERROUS,69.0,259.0,138.0,-52.0,3.42,0.0,NEGATIVE (reclassified or short)
Milton,360 brass turnings,360 BRASS TURNINGS,BRASS TIER 2,BRASS,NON_FERROUS,344.0,1589.0,1326.0,81.0,2.45,198.45,
Milton,6040NAVBR,60/40 NAVAL BRASS,BRASS TIER 2,BRASS,NON_FERROUS,0.0,0.0,0.0,0.0,,,
Milton,BRAUTOR,BRASS AUTO RADIATORS - CLEAN,BRASS TIER 2,BRASS,NON_FERROUS,289.0,13.0,0.0,276.0,1.49,411.1,
Milton,BRAUTOF,BRASS AUTO RADIATORS - FE,BRASS TIER 2,BRASS,NON_FERROUS,38.0,0.0,0.0,38.0,1.0,38.0,
Milton,BRBM,BRASS BALL MILL,BRASS TIER 2,BRASS,NON_FERROUS,0.0,0.0,0.0,0.0,,,
Milton,BRHVBRK,BRASS BREAKAGE,BRASS TIER 2,BRASS,NON_FERROUS,0.0,5295.0,5441.0,146.0,,,
Milton,BRDROSS,BRASS DROSS,BRASS TIER 2,BRASS,NON_FERROUS,0.0,0.0,0.0,0.0,,,
Milton,BRINDUST,BRASS DUST,BRASS TIER 2,BRASS,NON_FERROUS,0.0,0.0,0.0,0.0,,,
Milton,BRFHGGF,BRASS FINES - HGGF,BRASS TIER 2,BRASS,NON_FERROUS,0.0,0.0,0.0,0.0,,,
Milton,BRFLLGGF,BRASS FINES - LGGF,BRASS TIER 2,BRASS,NON_FERROUS,0.0,0.0,0.0,0.0,,,
Milton,BRFLASH,BRASS FLASHINGS,BRASS TIER 2,BRASS,NON_FERROUS,0.0,0.0,0.0,0.0,,,
Milton,BRFC,BRASS FURNACE CUTTINGS,BRASS TIER 2,BRASS,NON_FERROUS,0.0,0.0,0.0,0.0,,,
Milton,BRSLAG,BRASS SLAG,BRASS TIER 2,BRASS,NON_FERROUS,0.0,0.0,0.0,0.0,,,
Milton,BRSPL01,BRASS SPILLS,BRASS TIER 2,BRASS,NON_FERROUS,0.0,0.0,0.0,0.0,,,
Milton,BRASTUR,BRASS TURNINGS,BRASS TIER 2,BRASS,NON_FERROUS,0.0,0.0,0.0,0.0,,,
Milton,BRNZTRN,BRONZE TURNINGS,BRASS TIER 2,BRASS,NON_FERROUS,162.0,162.0,0.0,0.0,1.5,0.0,
Milton,DRTYBRSTRN,DIRTY BRASS TURNINGS,BRASS TIER 2,BRASS,NON_FERROUS,161.0,0.0,0.0,161.0,1.5,241.5,
Milton,DRKBS,Door Knobs,BRASS TIER 2,BRASS,NON_FERROUS,18.0,7.0,0.0,11.0,0.06,0.66,
Milton,BREDMC,EDM CHOPS,BRASS TIER 2,BRASS,NON_FERROUS,613.0,0.0,1027.0,1640.0,1.58,2591.2,
Milton,ELECBR,ELECTRICAL BRASS,BRASS TIER 2,BRASS,NON_FERROUS,0.0,0.0,0.0,0.0,,,
Milton,MIXBR,MIXED BRASS,BRASS TIER 2,BRASS,NON_FERROUS,227.0,1883.0,1828.0,172.0,1.01,173.08,
Milton,BR0PHOS,PHOS BRONZE SOLIDS,BRASS TIER 2,BRASS,NON_FERROUS,20.0,0.0,0.0,20.0,2.0,40.0,
Milton,CU00001,#1 COPPER,COPPER TIER 1,COPPER,NON_FERROUS,694.0,755.0,4206.0,4145.0,3.17,13145.87,
Milton,CU00002,#2 COPPER,COPPER TIER 1,COPPER,NON_FERROUS,1093.0,2514.0,5993.0,4572.0,2.71,12370.0,
Milton,CU00003,#3 COPPER,COPPER TIER 1,COPPER,NON_FERROUS,567.0,52.0,0.0,515.0,2.66,1367.99,
Milton,CU0003MICA,#3 Cu MICA 98%,COPPER TIER 1,COPPER,NON_FERROUS,0.0,0.0,0.0,0.0,,,
Milton,CUBB001,BARE BRIGHT COPPER,COPPER TIER 1,COPPER,NON_FERROUS,252.0,2618.0,14340.0,11974.0,3.76,45035.41,
Milton,BRYTRN,BERYLLIUM TURNINGS,COPPER TIER 1,COPPER,NON_FERROUS,0.0,0.0,0.0,0.0,,,
Milton,BRCU,BRASS/COPPER MIX,COPPER TIER 1,COPPER,NON_FERROUS,215.0,1637.0,1884.0,462.0,1.14,526.63,
Milton,BrCuSds,Beryllium Copper Solids,COPPER TIER 1,COPPER,NON_FERROUS,130.0,3507.0,3458.0,81.0,1.76,142.28,
Milton,CUREFIN,COPPER REFINERY,COPPER TIER 1,COPPER,NON_FERROUS,0.0,0.0,0.0,0.0,,,
Milton,INCU T,COPPER TURNINGS,COPPER TIER 1,COPPER,NON_FERROUS,265.0,246.0,0.0,19.0,2.92,55.5,
Milton,CUBSBR,CU BUSS BAR,COPPER TIER 1,COPPER,NON_FERROUS,0.0,137.0,0.0,-137.0,,,NEGATIVE (reclassified or short)
Milton,SVPBB,SILVER PLTD BUSS BAR,COPPER TIER 1,COPPER,NON_FERROUS,70.0,0.0,0.0,70.0,2.1,147.0,
Milton,SvPtCu,Silver Plated Copper,COPPER TIER 1,COPPER,NON_FERROUS,0.0,0.0,0.0,0.0,,,
Milton,TCUBSBR,TIN PLATED BUSBAR,COPPER TIER 1,COPPER,NON_FERROUS,129.0,56.0,0.0,73.0,0.82,59.82,
Milton,TNPDCWR,TIN PLTD COPPER WIRE,COPPER TIER 1,COPPER,NON_FERROUS,186.0,15.0,0.0,171.0,2.0,342.0,
Milton,BERYCU,ZZ - DO NOT USE BERYLLIUM COPPER,COPPER TIER 1,COPPER,NON_FERROUS,0.0,0.0,0.0,0.0,,,
Milton,CUIN160,#1 ICW 60%,COPPER TIER 2,COPPER,NON_FERROUS,0.0,0.0,0.0,0.0,,,
Milton,CUIN172,#1 ICW 72%,COPPER TIER 2,COPPER,NON_FERROUS,0.0,0.0,0.0,0.0,,,
Milton,ICW80,#1 ICW 80%,COPPER TIER 2,COPPER,NON_FERROUS,320.0,11587.0,0.0,-11267.0,2.73,0.0,NEGATIVE (reclassified or short)
Milton,CUIN185,#1 ICW 85%,COPPER TIER 2,COPPER,NON_FERROUS,0.0,0.0,0.0,0.0,,,
Milton,CUIN188,#1 ICW 88%,COPPER TIER 2,COPPER,NON_FERROUS,59.0,447.0,12174.0,11786.0,2.81,33110.41,
Milton,CUIN190,#1 ICW 90%,COPPER TIER 2,COPPER,NON_FERROUS,0.0,0.0,0.0,0.0,,,
Milton,CUIN220,#2 ICW 20% - CHRISTMAS LIGHTS,COPPER TIER 2,COPPER,NON_FERROUS,273.0,124.0,0.0,149.0,0.23,34.27,
Milton,CUIN235,#2 ICW 35%,COPPER TIER 2,COPPER,NON_FERROUS,1495.0,1604.0,2887.0,2778.0,0.41,1140.37,
Milton,CUIN245,#2 ICW 45%,COPPER TIER 2,COPPER,NON_FERROUS,148.0,23.0,0.0,125.0,0.55,68.75,
Milton,ELIN50,#2 ICW 50%,COPPER TIER 2,COPPER,NON_FERROUS,0.0,0.0,0.0,0.0,,,
Milton,CUIN255,#2 ICW 55%,COPPER TIER 2,COPPER,NON_FERROUS,0.0,0.0,0.0,0.0,,,
Milton,CUIN265,#2 ICW 65%,COPPER TIER 2,COPPER,NON_FERROUS,102.0,267.0,2089.0,1924.0,1.45,2788.07,
Milton,CUIN280,#2 ICW 80%,COPPER TIER 2,COPPER,NON_FERROUS,117.0,4.0,0.0,113.0,1.65,186.45,
Milton,ALBXCBL,AL BX CABLE,COPPER TIER 2,COPPER,NON_FERROUS,54.0,50.0,0.0,4.0,1.25,5.0,
Milton,ALBXWI,ALUM BX WIRE,COPPER TIER 2,COPPER,NON_FERROUS,0.0,189.0,0.0,-189.0,,,NEGATIVE (reclassified or short)
Milton,COMWIRECU,COMMUNICATION WIRE,COPPER TIER 2,COPPER,NON_FERROUS,430.0,1325.0,4199.0,3304.0,1.11,3656.21,
Milton,HELXOE,HELIAX OPEN-EYE,COPPER TIER 2,COPPER,NON_FERROUS,5.0,5.0,0.0,0.0,0.55,0.0,
Milton,ICWHARWIR,ICW HARNESS WIRE,COPPER TIER 2,COPPER,NON_FERROUS,269.0,103.0,643.0,809.0,1.16,934.72,
Milton,RMXWIR,ROMEX WIRE,COPPER TIER 2,COPPER,NON_FERROUS,664.0,1357.0,2559.0,1866.0,2.24,4186.56,
Milton,TARBSWR,TAR BASED WIRE,COPPER TIER 2,COPPER,NON_FERROUS,334.0,0.0,0.0,334.0,1.57,524.28,
Milton,TCABLE,Teck Cable,COPPER TIER 2,COPPER,NON_FERROUS,0.0,0.0,0.0,0.0,,,
Milton,ROMWIRE,ZZ DO NOT USE - ROMEX,COPPER TIER 2,COPPER,NON_FERROUS,0.0,2.0,882.0,880.0,,,
Milton,OPNEYHLXCU,ZZ DO NOT USE HELIAX,COPPER TIER 2,COPPER,NON_FERROUS,0.0,0.0,780.0,780.0,,,
Milton,CUALTER,ALTERNATORS,COPPER TIER 3,COPPER,NON_FERROUS,1721.0,10.0,0.0,1711.0,0.13,229.1,
Milton,CUBALST,BALLAST,COPPER TIER 3,COPPER,NON_FERROUS,1893.0,528.0,0.0,1365.0,0.07,90.36,
Milton,COPARM,COPPER ARMATURES,COPPER TIER 3,COPPER,NON_FERROUS,15.0,0.0,0.0,15.0,0.1,1.5,
Milton,CUFUS,COPPER FUSES,COPPER TIER 3,COPPER,NON_FERROUS,11.0,0.0,0.0,11.0,0.15,1.65,
Milton,CU TRANS,COPPER TRANSFORMERS,COPPER TIER 3,COPPER,NON_FERROUS,156.0,0.0,0.0,156.0,0.12,18.42,
Milton,CUALTRAN,COPPER/ALUMINUM TRANSFORMERS,COPPER TIER 3,COPPER,NON_FERROUS,416.0,60.0,0.0,356.0,0.07,24.21,
Milton,CuBkrs,Copper Breakers,COPPER TIER 3,COPPER,NON_FERROUS,10.0,0.0,0.0,10.0,0.07,0.7,
Milton,CuSt,Cu/Steel Mix,COPPER TIER 3,COPPER,NON_FERROUS,56.0,47.0,0.0,9.0,0.5,4.5,
Milton,CUMOTOR,ELECTRIC MOTORS,COPPER TIER 3,COPPER,NON_FERROUS,6140.0,1602.0,0.0,4538.0,0.07,330.82,
Milton,CUMOD,ELECTRIC MOTORS - FE,COPPER TIER 3,COPPER,NON_FERROUS,678.0,203.0,1609.0,2084.0,0.03,62.52,
Milton,CUELMOL,ELECTRIC MOTORS - LARGE,COPPER TIER 3,COPPER,NON_FERROUS,0.0,29.0,0.0,-29.0,,,NEGATIVE (reclassified or short)
Milton,PRELMTR,PREMIUM ELECTRIC MOTORS ,COPPER TIER 3,COPPER,NON_FERROUS,143.0,0.0,0.0,143.0,0.06,8.58,
Milton,CUSEALD,SEALED UNITS,COPPER TIER 3,COPPER,NON_FERROUS,4879.0,1691.0,3118.0,6306.0,0.06,397.28,
Milton,CUSTART,STARTERS,COPPER TIER 3,COPPER,NON_FERROUS,1235.0,24.0,0.0,1211.0,0.12,150.77,
Milton,STCSCOTRA,STEEL CASED COPPER TRANSFORMERS,COPPER TIER 3,COPPER,NON_FERROUS,0.0,0.0,0.0,0.0,,,
Milton,LEAUTOB,AUTO BATTERIES,LEAD,LEAD,NON_FERROUS,14367.0,6734.0,6132.0,13765.0,0.14,1995.92,
Milton,LESTRIP,CLEAN LEAD,LEAD,LEAD,NON_FERROUS,237.0,6.0,0.0,231.0,0.28,63.59,
Milton,PBFINES,FINES - LEAD,LEAD,LEAD,NON_FERROUS,35539.0,35539.0,0.0,0.0,0.0,0.0,
Milton,Graphdst,GRAPHITE DUST,LEAD,LEAD,NON_FERROUS,0.0,0.0,0.0,0.0,,,
Milton,LDPPE,LEAD PIPE,LEAD,LEAD,NON_FERROUS,594.0,0.0,0.0,594.0,0.09,54.29,
Milton,LEADSOLD,LEAD SOLIDS,LEAD,LEAD,NON_FERROUS,0.0,0.0,0.0,0.0,,,
Milton,LIOB,LITHIUM ION BATTERIES,LEAD,LEAD,NON_FERROUS,40295.0,78369.0,38074.0,0.0,0.05,0.0,
Milton,LERANGE,RANGE LEAD,LEAD,LEAD,NON_FERROUS,0.0,0.0,0.0,0.0,,,
Milton,SOFLEA,SOFT LEAD,LEAD,LEAD,NON_FERROUS,335.0,101.0,0.0,234.0,0.21,49.44,
Milton,LEFECAS,STEEL CASED BATTERIES,LEAD,LEAD,NON_FERROUS,1074.0,0.0,4189.0,5263.0,0.05,263.15,
Milton,LEWHEEL,WHEEL WEIGHTS,LEAD,LEAD,NON_FERROUS,4869.0,1509.0,0.0,3360.0,0.02,67.54,
Milton,LDFNE,ZZ DO NOT USE - LEAD FINES (pb),LEAD,LEAD,NON_FERROUS,4526.0,13247.0,30842.0,22121.0,0.0,0.0,
Milton,174SOLIDS,17-4 SOLIDS,STAINLESS STEEL TIER 1,STAINLESS STEEL,NON_FERROUS,0.0,15961.0,17849.0,1888.0,,,
Milton,NI174BO,17-4 STAINLESS STEEL TURNINGS,STAINLESS STEEL TIER 1,STAINLESS STEEL,NON_FERROUS,3760.0,89551.0,116839.0,31048.0,0.04,1285.39,
Milton,2507SSS,2507 SS SOLIDS,STAINLESS STEEL TIER 1,STAINLESS STEEL,NON_FERROUS,0.0,0.0,479.0,479.0,,,
Milton,304SSL,304 STAINLESS L,STAINLESS STEEL TIER 1,STAINLESS STEEL,NON_FERROUS,14.0,46.0,0.0,-32.0,0.2,0.0,NEGATIVE (reclassified or short)
Milton,304SSOS,304 STAINLESS OVERSIZED,STAINLESS STEEL TIER 1,STAINLESS STEEL,NON_FERROUS,9400.0,9400.0,0.0,0.0,0.2,0.0,
Milton,NISS300,304 STAINLESS SOLIDS,STAINLESS STEEL TIER 1,STAINLESS STEEL,NON_FERROUS,1302.0,109847.0,106013.0,-2532.0,0.26,0.0,NEGATIVE (reclassified or short)
Milton,NI300BO,304 STAINLESS STEEL TURNINGS,STAINLESS STEEL TIER 1,STAINLESS STEEL,NON_FERROUS,3306.0,22120.0,18098.0,-716.0,0.29,0.0,NEGATIVE (reclassified or short)
Milton,304STNPLY,304 STAINLESS WITH POLY,STAINLESS STEEL TIER 1,STAINLESS STEEL,NON_FERROUS,0.0,6763.0,4823.0,-1940.0,,,NEGATIVE (reclassified or short)
Milton,316SSO,316 STAINLESS STEEL OVERSIZED,STAINLESS STEEL TIER 1,STAINLESS STEEL,NON_FERROUS,6900.0,0.0,0.0,6900.0,0.68,4709.25,
Milton,NISS316,316 STAINLESS STEEL SOLIDS,STAINLESS STEEL TIER 1,STAINLESS STEEL,NON_FERROUS,0.0,4814.0,9489.0,4675.0,,,
Milton,NI316BO,316 STAINLESS STEEL TURNINGS,STAINLESS STEEL TIER 1,STAINLESS STEEL,NON_FERROUS,1147.0,16519.0,16790.0,1418.0,0.41,586.2,
Milton,NIMIXD,STAINLESS STEEL - FE,STAINLESS STEEL TIER 1,STAINLESS STEEL,NON_FERROUS,0.0,22633.0,32400.0,9767.0,,,
Milton,NI138T,13-8 STAINLESS STEEL TURNINGS,STAINLESS STEEL TIER 2,STAINLESS STEEL,NON_FERROUS,0.0,0.0,0.0,0.0,,,
Milton,155SSS,15-5 STAINLESS SOLIDS,STAINLESS STEEL TIER 2,STAINLESS STEEL,NON_FERROUS,0.0,0.0,0.0,0.0,,,
Milton,NI15-5,15-5 STAINLESS STEEL TURNINGS,STAINLESS STEEL TIER 2,STAINLESS STEEL,NON_FERROUS,8603.0,0.0,0.0,8603.0,0.02,172.06,
Milton,201,201 STAINLESS CLIP,STAINLESS STEEL TIER 2,STAINLESS STEEL,NON_FERROUS,0.0,0.0,2327.0,2327.0,,,
Milton,201SSCOIL,201 STAINLESS COIL,STAINLESS STEEL TIER 2,STAINLESS STEEL,NON_FERROUS,0.0,0.0,0.0,0.0,,,
Milton,2205 Solids,2205 SOLIDS,STAINLESS STEEL TIER 2,STAINLESS STEEL,NON_FERROUS,3172.0,3172.0,0.0,0.0,0.4,0.0,
Milton,2205 STAINLESS,2205 STAINLESS STEEL TURNINGS,STAINLESS STEEL TIER 2,STAINLESS STEEL,NON_FERROUS,0.0,4533.0,4486.0,-47.0,,,NEGATIVE (reclassified or short)
Milton,NISS301,301 STAINLESS STEEL SOLIDS,STAINLESS STEEL TIER 2,STAINLESS STEEL,NON_FERROUS,0.0,0.0,0.0,0.0,,,
Milton,NISS309,309 STAINLESS STEEL SOLIDS,STAINLESS STEEL TIER 2,STAINLESS STEEL,NON_FERROUS,0.0,0.0,0.0,0.0,,,
Milton,NISS310,310 STAINLESS STEEL SOLIDS,STAINLESS STEEL TIER 2,STAINLESS STEEL,NON_FERROUS,0.0,0.0,0.0,0.0,,,
Milton,NISS400,400 STAINLESS STEEL SOLIDS,STAINLESS STEEL TIER 2,STAINLESS STEEL,NON_FERROUS,0.0,0.0,0.0,0.0,,,
Milton,410SSTRN,410 SS TURNINGS,STAINLESS STEEL TIER 2,STAINLESS STEEL,NON_FERROUS,483.0,699.0,682.0,466.0,0.05,23.3,
Milton,410SSS,410 STAINLESS SOLIDS,STAINLESS STEEL TIER 2,STAINLESS STEEL,NON_FERROUS,0.0,2258.0,2258.0,0.0,,,
Milton,416SSS,416 SS SOLIDS,STAINLESS STEEL TIER 2,STAINLESS STEEL,NON_FERROUS,0.0,0.0,0.0,0.0,,,
Milton,416SST,416 SS TURNINGS,STAINLESS STEEL TIER 2,STAINLESS STEEL,NON_FERROUS,202.0,202.0,0.0,0.0,0.03,0.0,
Milton,430SSP,430 STAINLESS STEEL PIPE,STAINLESS STEEL TIER 2,STAINLESS STEEL,NON_FERROUS,83.0,0.0,0.0,83.0,0.25,20.75,
Milton,440SSS,440 STAINLESS SOLIDS,STAINLESS STEEL TIER 2,STAINLESS STEEL,NON_FERROUS,0.0,0.0,0.0,0.0,,,
Milton,446SS,446 STAINLESS STEEL,STAINLESS STEEL TIER 2,STAINLESS STEEL,NON_FERROUS,0.0,0.0,0.0,0.0,,,
Milton,465TRNS,465 TURNINGS,STAINLESS STEEL TIER 2,STAINLESS STEEL,NON_FERROUS,0.0,929.0,929.0,0.0,,,
Milton,NICARBD,CARBIDE,STAINLESS STEEL TIER 2,STAINLESS STEEL,NON_FERROUS,44.0,1020.0,1591.0,615.0,7.73,4752.29,
Milton,H13Solids,H-13 SOLIDS,STAINLESS STEEL TIER 2,STAINLESS STEEL,NON_FERROUS,1496.0,73972.0,1450.0,-71026.0,0.04,0.0,NEGATIVE (reclassified or short)
Milton,TSH13TRN,H-13 TURNINGS,STAINLESS STEEL TIER 2,STAINLESS STEEL,NON_FERROUS,0.0,1309.0,1066.0,-243.0,,,NEGATIVE (reclassified or short)
Milton,NIINCON,INCONEL,STAINLESS STEEL TIER 2,STAINLESS STEEL,NON_FERROUS,151.0,0.0,0.0,151.0,1.7,256.65,
Milton,INCTR,INCONEL TURNINGS,STAINLESS STEEL TIER 2,STAINLESS STEEL,NON_FERROUS,0.0,100.0,113.0,13.0,,,
Milton,MIXSS,MIXED STAINLESS STEEL,STAINLESS STEEL TIER 2,STAINLESS STEEL,NON_FERROUS,646.0,15275.0,16564.0,1935.0,0.05,96.75,
Milton,NIMONEL,MONEL,STAINLESS STEEL TIER 2,STAINLESS STEEL,NON_FERROUS,0.0,0.0,0.0,0.0,,,
Milton,MNT,MONEL TURNINGS,STAINLESS STEEL TIER 2,STAINLESS STEEL,NON_FERROUS,0.0,831.0,771.0,-60.0,,,NEGATIVE (reclassified or short)
Milton,NI00001,NICKEL,STAINLESS STEEL TIER 2,STAINLESS STEEL,NON_FERROUS,41.0,0.0,0.0,41.0,1.0,41.0,
Milton,NITITAN,TITANIUM SOLIDS,STAINLESS STEEL TIER 2,STAINLESS STEEL,NON_FERROUS,0.0,0.0,0.0,0.0,,,
Milton,TTSS,TITANIUM TURNINGS,STAINLESS STEEL TIER 2,STAINLESS STEEL,NON_FERROUS,625.0,0.0,0.0,625.0,0.25,158.25,
Milton,NITOOLS,TOOL STEEL,STAINLESS STEEL TIER 2,STAINLESS STEEL,NON_FERROUS,114.0,634.0,620.0,100.0,1.37,136.86,
Milton,TUNGMOTAINS,TUNGSTEN MOLY TA INSERTS,STAINLESS STEEL TIER 2,STAINLESS STEEL,NON_FERROUS,0.0,834.0,263.0,-571.0,,,NEGATIVE (reclassified or short)
Milton,UPFECHMO,UNPREPARED FE/CHROME/MOLY,STAINLESS STEEL TIER 2,STAINLESS STEEL,NON_FERROUS,93792.0,37331.0,4539.0,61000.0,0.07,4532.3,
Milton,ZNOX,ZINC OXIDE,ZINC,ZINC,NON_FERROUS,0.0,0.0,0.0,0.0,,,
Milton,ZI00001,ZINC SOLIDS,ZINC,ZINC,NON_FERROUS,440.0,31.0,0.0,409.0,0.23,94.36,
Milton,ZNTURN,ZINC TURNINGS,ZINC,ZINC,NON_FERROUS,146.0,0.0,0.0,146.0,0.15,21.9,
Milton,ACPUM,AC PUMPS,OTHER,OTHER,Other,988.0,11.0,550.0,1527.0,0.09,143.39,
Milton,BARRELS,BARRELS,OTHER,OTHER,Other,10000.0,0.0,0.0,10000.0,0.05,474.0,
Milton,BRKERTIN,BROKERED TIN,OTHER,OTHER,Other,0.0,0.0,0.0,0.0,,,
Milton,PRCATAL,CATALYTIC CONVERTOR,OTHER,OTHER,Other,579.0,0.0,71.0,650.0,8.49,5519.15,
Milton,CO6FE,CO/6 HIGH FE,OTHER,OTHER,Other,2878.0,2878.0,0.0,0.0,0.7,0.0,
Milton,MA00001,MAGNESIUM,OTHER,OTHER,Other,330.0,330.0,0.0,0.0,0.01,0.0,
Milton,MAGCST,MAGNESIUM CASTINGS,OTHER,OTHER,Other,3778.0,3778.0,0.0,0.0,0.09,0.0,
Milton,MGNSMTRNS,MAGNESIUM TURNINGS,OTHER,OTHER,Other,16287.0,2417.0,0.0,13870.0,0.02,264.92,
Milton,ELPLUG,PLUG ENDS,OTHER,OTHER,Other,41.0,0.0,0.0,41.0,0.04,1.64,
Milton,CB2,CARDBOARD,ZWASTE,ZWASTE,WA,37077.0,32057.0,1501.0,6521.0,0.0,0.0,
Milton,WASTE,WASTE,ZWASTE,ZWASTE,WA,2851.0,0.0,0.0,2851.0,0.0,0.0,
