Material Name,Material Code,Commodity Name,Hold Total,Total Wip Weight,Total Wip Cost,Total FG Weight,Total FG Cost,Total Net Weight,Total Cost,Average Cost,Commodity Type
1010 BARE EXTRUSION,1010ALEXT,ALUMINUM,0,198,128.7000,0,0,198,128.7000,0.6500,NON_FERROUS
1018 STEEL,1018ST,STEEL,0,0,0,0,0,0,0,0,FERROUS
1100 SERIES,Al01100,ALUMINUM,0,12,0.9950,0,0,12,0.9950,0.0829,NON_FERROUS
13-8 STAINLESS STEEL TURNINGS,NI138T,STAINLESS STEEL TIER 2,0,0,0,0,0,0,0,0,NON_FERROUS
15-5 STAINLESS SOLIDS,155SSS,STAINLESS STEEL TIER 2,0,0,0,0,0,0,0,0,NON_FERROUS
15-5 STAINLESS STEEL TURNINGS,NI15-5,STAINLESS STEEL TIER 2,0,8603,172.0600,0,0,8603,172.0600,0.0200,NON_FERROUS
17-4 SOLIDS,174SOLIDS,STAINLESS STEEL TIER 1,0,0,0,0,0,0,0,0,NON_FERROUS
17-4 STAINLESS STEEL TURNINGS,NI174BO,STAINLESS STEEL TIER 1,0,2451,121.2283,1309,34.3825,3760,155.6108,0.0414,NON_FERROUS
"#1 BUNDLES",CLPBNDS,STEEL,0,0,0,0,0,0,0,0,FERROUS
"#1 COPPER",CU00001,COPPER TIER 1,0,703,2233.0054,0,0,703,2233.0054,3.1764,NON_FERROUS
"#1 ICW 60%",CUIN160,COPPER TIER 2,0,0,0,0,0,0,0,0,NON_FERROUS
"#1 ICW 72%",CUIN172,COPPER TIER 2,0,0,0,0,0,0,0,0,NON_FERROUS
"#1 ICW 80%",ICW80,COPPER TIER 2,0,365,989.0500,0,0,365,989.0500,2.7097,NON_FERROUS
"#1 ICW 85%",CUIN185,COPPER TIER 2,0,0,0,0,0,0,0,0,NON_FERROUS
"#1 ICW 88%",CUIN188,COPPER TIER 2,0,62,173.8500,0,0,62,173.8500,2.8040,NON_FERROUS
"#1 ICW 90%",CUIN190,COPPER TIER 2,0,0,0,0,0,0,0,0,NON_FERROUS
2000 SERIES ALUMINUM,AL02024,ALUMINUM,0,329,65.8000,0,0,329,65.8000,0.2000,NON_FERROUS
201 STAINLESS CLIP,201,STAINLESS STEEL TIER 2,0,0,0,0,0,0,0,0,NON_FERROUS
201 STAINLESS COIL,201SSCOIL,STAINLESS STEEL TIER 2,0,0,0,0,0,0,0,0,NON_FERROUS
2024 AL CASTINGS,2024ALCST,ALUMINUM,0,1,0.2000,0,0,1,0.2000,0.2000,NON_FERROUS
2205 SOLIDS,2205 Solids,STAINLESS STEEL TIER 2,0,13,5.2000,3159,1263.6000,3172,1268.8000,0.4000,NON_FERROUS
2205 STAINLESS STEEL TURNINGS,2205 STAINLESS,STAINLESS STEEL TIER 2,0,0,0,0,0,0,0,0,NON_FERROUS
230 BRASS SOLIDS,BR00230,BRASS TIER 2,0,0,0,0,0,0,0,0,NON_FERROUS
2507 SS SOLIDS,2507SSS,STAINLESS STEEL TIER 1,0,0,0,0,0,0,0,0,NON_FERROUS
"#2 COPPER",CU00002,COPPER TIER 1,0,1435,4102.9243,0,0,1435,4102.9243,2.8592,NON_FERROUS
"#2 ICW 20% - CHRISTMAS LIGHTS",CUIN220,COPPER TIER 2,0,273,62.7800,0,0,273,62.7800,0.2300,NON_FERROUS
"#2 ICW 35%",CUIN235,COPPER TIER 2,0,1578,651.0477,0,0,1578,651.0477,0.4126,NON_FERROUS
"#2 ICW 45%",CUIN245,COPPER TIER 2,0,178,97.9000,0,0,178,97.9000,0.5500,NON_FERROUS
"#2 ICW 50%",ELIN50,COPPER TIER 2,0,0,0,0,0,0,0,0,NON_FERROUS
"#2 ICW 55%",CUIN255,COPPER TIER 2,0,0,0,0,0,0,0,0,NON_FERROUS
"#2 ICW 65%",CUIN265,COPPER TIER 2,0,134,194.2086,0,0,134,194.2086,1.4493,NON_FERROUS
"#2 ICW 80%",CUIN280,COPPER TIER 2,0,128,211.2000,0,0,128,211.2000,1.6500,NON_FERROUS
3003 AL PAINTED,PTD3003,ALUMINUM,0,0,0,0,0,0,0,0,NON_FERROUS
3003 AL SOLIDS,AL3003,ALUMINUM,0,783,566.7059,0,0,783,566.7059,0.7238,NON_FERROUS
3003 ALUMINUM WITH POLY,30ALP,ALUMINUM,0,0,0,0,0,0,0,0,NON_FERROUS
301 STAINLESS STEEL SOLIDS,NISS301,STAINLESS STEEL TIER 2,0,0,0,0,0,0,0,0,NON_FERROUS
304 STAINLESS L,304SSL,STAINLESS STEEL TIER 1,0,14,2.8000,0,0,14,2.8000,0.2000,NON_FERROUS
304 STAINLESS OVERSIZED,304SSOS,STAINLESS STEEL TIER 1,0,9400,1880.0000,0,0,9400,1880.0000,0.2000,NON_FERROUS
304 STAINLESS SOLIDS,NISS300,STAINLESS STEEL TIER 1,0,11321,3339.4527,0,0,11321,3339.4527,0.2950,NON_FERROUS
304 STAINLESS STEEL TURNINGS,NI300BO,STAINLESS STEEL TIER 1,0,477,137.7013,2829,816.6816,3306,954.3829,0.2887,NON_FERROUS
304 STAINLESS WITH POLY,304STNPLY,STAINLESS STEEL TIER 1,0,0,0,0,0,0,0,0,NON_FERROUS
309 STAINLESS STEEL SOLIDS,NISS309,STAINLESS STEEL TIER 2,0,0,0,0,0,0,0,0,NON_FERROUS
3105 AL SOLIDS,3105ALSOL,ALUMINUM,0,0,0,0,0,0,0,0,NON_FERROUS
310 STAINLESS STEEL SOLIDS,NISS310,STAINLESS STEEL TIER 2,0,0,0,0,0,0,0,0,NON_FERROUS
316 STAINLESS STEEL OVERSIZED,316SSO,STAINLESS STEEL TIER 1,0,6900,4709.4526,0,0,6900,4709.4526,0.6825,NON_FERROUS
316 STAINLESS STEEL SOLIDS,NISS316,STAINLESS STEEL TIER 1,0,0,0,0,0,0,0,0,NON_FERROUS
316 STAINLESS STEEL TURNINGS,NI316BO,STAINLESS STEEL TIER 1,0,84,34.7269,1063,439.4608,1147,474.1877,0.4134,NON_FERROUS
"319 AL FLASHINGS ",319ALFLASHING,ALUMINUM,0,0,0,2113,754.2692,2113,754.2692,0.3570,NON_FERROUS
319 CASTINGS,319CSTAL,ALUMINUM,0,0,0,0,0,0,0,0,NON_FERROUS
360 BRASS SOLIDS,360BS,BRASS TIER 2,0,69,235.9800,0,0,69,235.9800,3.4200,NON_FERROUS
360 BRASS TURNINGS,360 brass turnings,BRASS TIER 2,0,344,842.8000,0,0,344,842.8000,2.4500,NON_FERROUS
380 ALUMINUM TURNINGS,380ALTRN,ALUMINUM,0,0,0,0,0,0,0,0,NON_FERROUS
380 BARE NEW CAST ALUMINUM,380NCAL,ALUMINUM,0,0,0,0,0,0,0,0,NON_FERROUS
380 NEW CAST W/ 5% RUBBER ATTACHMENTS,380NCRUB,ALUMINUM,0,0,0,1847,553.3485,1847,553.3485,0.2996,NON_FERROUS
380 PTD NEW CAST,380PTDNC,ALUMINUM,0,0,0,666,199.7910,666,199.7910,0.3000,NON_FERROUS
"#3 COPPER",CU00003,COPPER TIER 1,0,276,734.9597,298,789.7000,574,1524.6597,2.6562,NON_FERROUS
"#3 Cu MICA 98%",CU0003MICA,COPPER TIER 1,0,0,0,0,0,0,0,0,NON_FERROUS
400 STAINLESS STEEL SOLIDS,NISS400,STAINLESS STEEL TIER 2,0,0,0,0,0,0,0,0,NON_FERROUS
410 SS TURNINGS,410SSTRN,STAINLESS STEEL TIER 2,0,483,24.1500,0,0,483,24.1500,0.0500,NON_FERROUS
410 STAINLESS SOLIDS,410SSS,STAINLESS STEEL TIER 2,0,0,0,0,0,0,0,0,NON_FERROUS
4140 SOLIDS,4140SOLS,STEEL,0,251,20.1695,3004,241.3905,3255,261.5600,0.0804,FERROUS
416 SS SOLIDS,416SSS,STAINLESS STEEL TIER 2,0,0,0,0,0,0,0,0,NON_FERROUS
416 SS TURNINGS,416SST,STAINLESS STEEL TIER 2,0,202,6.0600,0,0,202,6.0600,0.0300,NON_FERROUS
430 STAINLESS STEEL PIPE,430SSP,STAINLESS STEEL TIER 2,0,83,20.7500,0,0,83,20.7500,0.2500,NON_FERROUS
440 STAINLESS SOLIDS,440SSS,STAINLESS STEEL TIER 2,0,0,0,0,0,0,0,0,NON_FERROUS
446 STAINLESS STEEL,446SS,STAINLESS STEEL TIER 2,0,0,0,0,0,0,0,0,NON_FERROUS
465 TURNINGS,465TRNS,STAINLESS STEEL TIER 2,0,0,0,0,0,0,0,0,NON_FERROUS
5052 ALUMINUM,AL05052,ALUMINUM,0,2318,3858.0914,11895,18125.3537,14213,21983.4451,1.5467,NON_FERROUS
5052 ALUMINUM SHEET W/POLY,AL5052SHPOLY,ALUMINUM,0,1938,2940.3113,0,0,1938,2940.3113,1.5172,NON_FERROUS
6022 ALUMINUM,6022ALUM,ALUMINUM,0,0,0,0,0,0,0,0,NON_FERROUS
60/40 NAVAL BRASS,6040NAVBR,BRASS TIER 2,0,0,0,0,0,0,0,0,NON_FERROUS
6061 AL RIMS,6061ALR,ALUMINUM,0,357,262.0608,600,220.4400,957,482.5008,0.5042,NON_FERROUS
6061 ALUMINUM EXTRUSIONS,ALEXTRU,ALUMINUM,0,828,579.6000,0,0,828,579.6000,0.7000,NON_FERROUS
6061 ALUMINUM - SPC,AL06061,ALUMINUM,0,100,90.4103,1997,1792.8613,2097,1883.2716,0.8981,NON_FERROUS
6061 PAINTED SPC,6061PTDSPCAL,ALUMINUM,0,0,0,0,0,0,0,0,NON_FERROUS
6061 TURNINGS,AL6061TURNS,ALUMINUM,0,20455,7042.0390,0,0,20455,7042.0390,0.3443,NON_FERROUS
6063 AL SOLIDS,6063ALS,ALUMINUM,0,0,0,442,354.9195,442,354.9195,0.8030,NON_FERROUS
6063 BARE ALUMINUM EXTRUSION,AL06063,ALUMINUM,0,4404,4233.5763,8899,11362.3321,13303,15595.9084,1.1724,NON_FERROUS
6063 PAINTED EXTRUSION,AL06310,ALUMINUM,0,210,105.0000,700,514.3472,910,619.3472,0.6806,NON_FERROUS
6063 PIPE,6063PIAL,ALUMINUM,0,0,0,0,0,0,0,0,NON_FERROUS
6105 TURNINGS,6105 turnings,ALUMINUM,0,0,0,0,0,0,0,0,NON_FERROUS
7000 SERIES ALUMINUM,AL07000,ALUMINUM,0,0,0,0,0,0,0,0,NON_FERROUS
7075 ALUMINUM,AL07075,ALUMINUM,0,0,0,1346,781.8168,1346,781.8168,0.5808,NON_FERROUS
AA AUTO PARTS,AAAPRT,STEEL,0,0,0,0,0,0,0,0,FERROUS
AC PUMPS,ACPUM,OTHER,0,988,92.7244,0,0,988,92.7244,0.0939,Other
ACR AL/CU RADIATOR ENDS,ALCURAEND,ALUMINUM,0,281,60.3041,0,0,281,60.3041,0.2146,NON_FERROUS
ACSR WIRE,AL0ACSR,ALUMINUM,0,866,216.5000,474,98.2371,1340,314.7371,0.2349,NON_FERROUS
AL 5086,5086,ALUMINUM,0,150,127.5000,0,0,150,127.5000,0.8500,NON_FERROUS
AL BX CABLE,ALBXCBL,COPPER TIER 2,0,54,67.5000,0,0,54,67.5000,1.2500,NON_FERROUS
AL CAST - 356,CASTAL356,ALUMINUM,0,0,0,0,0,0,0,0,NON_FERROUS
AL/CU RADIATORS - CLEAN,ALCURAD,ALUMINUM,0,1766,2471.9562,0,0,1766,2471.9562,1.3997,NON_FERROUS
AL/CU RADIATORS - FE,ALCURFE,ALUMINUM,0,486,528.8768,135,127.7933,621,656.6701,1.0574,NON_FERROUS
AL DUST,ALDUST,ALUMINUM,0,0,0,0,0,0,0,0,NON_FERROUS
AL TANKS,ALTANKS,ALUMINUM,0,0,0,0,0,0,0,0,NON_FERROUS
ALTERNATORS,CUALTER,COPPER TIER 3,0,1105,164.3211,682,76.0287,1787,240.3498,0.1345,NON_FERROUS
ALUM ARMATURE,ALUARM,ALUMINUM,0,0,0,0,0,0,0,0,NON_FERROUS
ALUM BARE EC WIRE,ALUMBRECWR,ALUMINUM,0,0,0,0,0,0,0,0,NON_FERROUS
ALUM BX WIRE,ALBXWI,COPPER TIER 2,0,19,1.9000,0,0,19,1.9000,0.1000,NON_FERROUS
ALUM DROSS,ALUMDROSS,ALUMINUM,0,33906,5961.8957,0,0,33906,5961.8957,0.1758,NON_FERROUS
ALUMINIUM TURNS,ALUTURN,ALUMINUM,0,15156,3742.2184,3252,802.5730,18408,4544.7914,0.2469,NON_FERROUS
ALUMINUM BREAK,ALUBREAK,ALUMINUM,0,14855,1294.9076,0,0,14855,1294.9076,0.0872,NON_FERROUS
ALUMINUM/BRONZE,ALBRZ,ALUMINUM,0,381,880.7000,0,0,381,880.7000,2.3115,NON_FERROUS
ALUMINUM CANS,AL00UBC,ALUMINUM,0,606,121.2000,0,0,606,121.2000,0.2000,NON_FERROUS
ALUMINUM DIE-CAST,ALDCAST,ALUMINUM,0,0,0,0,0,0,0,0,NON_FERROUS
ALUMINUM FOIL,ALFOIL,ALUMINUM,0,8,0.4800,0,0,8,0.4800,0.0600,NON_FERROUS
ALUMINUM LITHO,ALLITHO,ALUMINUM,0,0,0,0,0,0,0,0,NON_FERROUS
ALUMINUM MLC,ALUMLC,ALUMINUM,0,2105,1523.5197,1217,830.8136,3322,2354.3333,0.7087,NON_FERROUS
ALUMINUM MOLDS,ALMOLDS,ALUMINUM,0,0,0,0,0,0,0,0,NON_FERROUS
ALUMINUM MOTOR BLOCKS WHOLE,ALMOTOR,ALUMINUM,0,6715,868.1348,0,0,6715,868.1348,0.1293,NON_FERROUS
ALUMINUM NEW CAST,ALNCST,ALUMINUM,0,39,11.7000,0,0,39,11.7000,0.3000,NON_FERROUS
ALUMINUM OLD SHEET,ALSHEET,ALUMINUM,0,2032,606.2226,0,0,2032,606.2226,0.2983,NON_FERROUS
Aluminum Painted MLC,PMLC,ALUMINUM,0,0,0,0,0,0,0,0,NON_FERROUS
ALUMINUM PAINTED SIDING,ALPAINT,ALUMINUM,0,430,171.8040,2142,853.3015,2572,1025.1055,0.3986,NON_FERROUS
ALUMINUM RADIATORS - CLEAN,AL0RADS,ALUMINUM,0,491,103.1550,0,0,491,103.1550,0.2101,NON_FERROUS
ALUMINUM RADIATORS - FE,AL0RDFE,ALUMINUM,0,1887,276.2847,0,0,1887,276.2847,0.1464,NON_FERROUS
ALUMINUM RIMS,ALWHEEL,ALUMINUM,0,218,109.0000,0,0,218,109.0000,0.5000,NON_FERROUS
ALUMINUM SPILLS,ALSKMS,ALUMINUM,0,0,0,0,0,0,0,0,NON_FERROUS
ALUMINUM THERMAL EXT,ALTHERMEX,ALUMINUM,0,834,266.0000,505,174.6861,1339,440.6861,0.3291,NON_FERROUS
ALUM TRANSFORMERS,ALTRANSF,ALUMINUM,0,124,6.4888,3724,336.1235,3848,342.6123,0.0890,NON_FERROUS
AUTO BATTERIES,LEAUTOB,LEAD,0,1967,200.2288,12620,1904.3163,14587,2104.5451,0.1443,NON_FERROUS
AUTO BODY - COMPLETE,FE0DEAT,STEEL,0,94820,8612.4706,0,0,94820,8612.4706,0.0908,FERROUS
"AUTO BODY - CORE ",AUCORESTEEL,STEEL,0,26370,2585.2823,0,0,26370,2585.2823,0.0980,FERROUS
AUTO BODY - INCOMPLETE,FE0AUTO,STEEL,0,440,38.3000,0,0,440,38.3000,0.0870,FERROUS
AUTO CAST,FEAUCST,STEEL,0,14881,2022.2855,0,0,14881,2022.2855,0.1359,FERROUS
BALLAST,CUBALST,COPPER TIER 3,0,1935,127.9139,0,0,1935,127.9139,0.0661,NON_FERROUS
BARE BRIGHT COPPER,CUBB001,COPPER TIER 1,0,285,1071.5500,0,0,285,1071.5500,3.7598,NON_FERROUS
BARRELS,BARRELS,OTHER,0,10000,474.0000,0,0,10000,474.0000,0.0474,Other
Beryllium Copper Solids,BrCuSds,COPPER TIER 1,0,130,228.3448,0,0,130,228.3448,1.7565,NON_FERROUS
BERYLLIUM TURNINGS,BRYTRN,COPPER TIER 1,0,0,0,0,0,0,0,0,NON_FERROUS
BRASS AUTO RADIATORS - CLEAN,BRAUTOR,BRASS TIER 2,0,302,451.1303,0,0,302,451.1303,1.4938,NON_FERROUS
BRASS AUTO RADIATORS - FE,BRAUTOF,BRASS TIER 2,0,38,38.0000,0,0,38,38.0000,1.0000,NON_FERROUS
BRASS BALL MILL,BRBM,BRASS TIER 2,0,0,0,0,0,0,0,0,NON_FERROUS
BRASS BREAKAGE,BRHVBRK,BRASS TIER 2,0,0,0,0,0,0,0,0,NON_FERROUS
BRASS/COPPER MIX,BRCU,COPPER TIER 1,0,228,259.9030,0,0,228,259.9030,1.1399,NON_FERROUS
BRASS DROSS,BRDROSS,BRASS TIER 2,0,0,0,0,0,0,0,0,NON_FERROUS
BRASS DUST,BRINDUST,BRASS TIER 2,0,0,0,0,0,0,0,0,NON_FERROUS
BRASS FINES - HGGF,BRFHGGF,BRASS TIER 2,0,0,0,0,0,0,0,0,NON_FERROUS
BRASS FINES - LGGF,BRFLLGGF,BRASS TIER 2,0,0,0,0,0,0,0,0,NON_FERROUS
BRASS FLASHINGS,BRFLASH,BRASS TIER 2,0,0,0,0,0,0,0,0,NON_FERROUS
BRASS FURNACE CUTTINGS,BRFC,BRASS TIER 2,0,0,0,0,0,0,0,0,NON_FERROUS
BRASS SLAG,BRSLAG,BRASS TIER 2,0,0,0,0,0,0,0,0,NON_FERROUS
BRASS SPILLS,BRSPL01,BRASS TIER 2,0,0,0,0,0,0,0,0,NON_FERROUS
BRASS TURNINGS,BRASTUR,BRASS TIER 2,0,0,0,0,0,0,0,0,NON_FERROUS
BROKERED TIN,BRKERTIN,OTHER,0,0,0,0,0,0,0,0,Other
BRONZE TURNINGS,BRNZTRN,BRASS TIER 2,0,162,243.0000,0,0,162,243.0000,1.5000,NON_FERROUS
BUSHELING,Indbush,STEEL,0,122477,16340.4751,0,0,122477,16340.4751,0.1334,FERROUS
CARBIDE,NICARBD,STAINLESS STEEL TIER 2,0,50,400.0000,0,0,50,400.0000,8.0000,NON_FERROUS
CARDBOARD,CB2,ZWASTE,0,37077,0.0000,0,0,37077,0.0000,0.0000,WA
CAST AL,CASAL,ALUMINUM,0,0,0,0,0,0,0,0,NON_FERROUS
Cast Aluminum - Transmissions,CATR,ALUMINUM,0,1495,448.5000,0,0,1495,448.5000,0.3000,NON_FERROUS
CATALYTIC CONVERTOR,PRCATAL,OTHER,0,579,4916.2840,0,0,579,4916.2840,8.4910,Other
CHROME RIMS,ALWHLCR,ALUMINUM,0,612,183.6000,547,250.7518,1159,434.3518,0.3748,NON_FERROUS
CLEAN CAST ALUMINUM,CCAL,ALUMINUM,0,0,0,0,0,0,0,0,NON_FERROUS
CLEAN LEAD,LESTRIP,LEAD,0,237,65.2445,0,0,237,65.2445,0.2753,NON_FERROUS
CLEAN SHEET,CLSHST,STEEL,0,53898,5066.0755,0,0,53898,5066.0755,0.0940,FERROUS
CO/6 HIGH FE,CO6FE,OTHER,0,2878,2014.6000,0,0,2878,2014.6000,0.7000,Other
COMMUNICATION WIRE,COMWIRECU,COPPER TIER 2,0,2164,2574.8039,1786,2125.0461,3950,4699.8500,1.1898,NON_FERROUS
COPPER / AL TURNINGS MIX,CUALTRNMX,ALUMINUM,0,0,0,0,0,0,0,0,NON_FERROUS
COPPER/ALUMINUM TRANSFORMERS,CUALTRAN,COPPER TIER 3,0,438,29.6100,0,0,438,29.6100,0.0676,NON_FERROUS
COPPER ARMATURES,COPARM,COPPER TIER 3,0,15,1.5000,0,0,15,1.5000,0.1000,NON_FERROUS
Copper Breakers,CuBkrs,COPPER TIER 3,0,10,0.7000,0,0,10,0.7000,0.0700,NON_FERROUS
COPPER FUSES,CUFUS,COPPER TIER 3,0,11,1.6500,0,0,11,1.6500,0.1500,NON_FERROUS
COPPER REFINERY,CUREFIN,COPPER TIER 1,0,0,0,0,0,0,0,0,NON_FERROUS
COPPER TRANSFORMERS,CU TRANS,COPPER TIER 3,0,159,19.0200,0,0,159,19.0200,0.1196,NON_FERROUS
COPPER TURNINGS,INCU T,COPPER TIER 1,0,265,774.0000,0,0,265,774.0000,2.9208,NON_FERROUS
CU BUSS BAR,CUBSBR,COPPER TIER 1,0,0,0,0,0,0,0,0,NON_FERROUS
Cu/Steel Mix,CuSt,COPPER TIER 3,0,56,28.0000,0,0,56,28.0000,0.5000,NON_FERROUS
Dirty Aluminum Rims,DALRS,ALUMINUM,0,5279,6445.1795,0,0,5279,6445.1795,1.2209,NON_FERROUS
DIRTY BRASS,DRTYBRS,BRASS TIER 1,0,547,444.0707,0,0,547,444.0707,0.8118,NON_FERROUS
DIRTY BRASS TURNINGS,DRTYBRSTRN,BRASS TIER 2,0,161,241.5000,0,0,161,241.5000,1.5000,NON_FERROUS
Dirty Plumbers Brass,DPBr,BRASS TIER 1,0,0,0,0,0,0,0,0,NON_FERROUS
Door Knobs,DRKBS,BRASS TIER 2,0,18,1.0800,0,0,18,1.0800,0.0600,NON_FERROUS
EDM CHOPS,BREDMC,BRASS TIER 2,0,613,968.5400,0,0,613,968.5400,1.5800,NON_FERROUS
"EDM WIRE ",EDMW,BRASS TIER 1,0,365,610.6622,0,0,365,610.6622,1.6730,NON_FERROUS
ELECTRICAL BRASS,ELECBR,BRASS TIER 2,0,0,0,0,0,0,0,0,NON_FERROUS
ELECTRIC MOTORS,CUMOTOR,COPPER TIER 3,0,4021,260.6714,2937,238.1850,6958,498.8564,0.0717,NON_FERROUS
ELECTRIC MOTORS - FE,CUMOD,COPPER TIER 3,0,839,25.1700,0,0,839,25.1700,0.0300,NON_FERROUS
ELECTRIC MOTORS - LARGE,CUELMOL,COPPER TIER 3,0,0,0,0,0,0,0,0,NON_FERROUS
FENCING,FENST,STEEL,0,16440,287.2667,0,0,16440,287.2667,0.0175,FERROUS
FINES - LEAD,PBFINES,LEAD,0,0,0,51358,0.0000,51358,0.0000,0.0000,NON_FERROUS
FULL A/C UNIT,ACUT,STEEL,0,1668,250.2000,0,0,1668,250.2000,0.1500,FERROUS
FURNACE BOTTOMS - ALUMINUM,BOTTAL,ALUMINUM,0,3824,542.2000,0,0,3824,542.2000,0.1418,NON_FERROUS
GRAPHITE DUST,Graphdst,LEAD,0,0,0,0,0,0,0,0,NON_FERROUS
H-13 SOLIDS,H13Solids,STAINLESS STEEL TIER 2,0,75,5.7492,1421,56.8400,1496,62.5892,0.0418,NON_FERROUS
H-13 TURNINGS,TSH13TRN,STAINLESS STEEL TIER 2,0,0,0,0,0,0,0,0,NON_FERROUS
HEAVY MELT,INDHVYM,STEEL,0,89145,8942.2207,1392,90.6455,90537,9032.8662,0.0998,FERROUS
HEAVY MELT - UNPREPARED,UNPHMS,STEEL,0,58558,4280.1690,0,0,58558,4280.1690,0.0731,FERROUS
HELIAX OPEN-EYE,HELXOE,COPPER TIER 2,0,5,2.7500,0,0,5,2.7500,0.5500,NON_FERROUS
ICW HARNESS WIRE,ICWHARWIR,COPPER TIER 2,0,282,329.0052,0,0,282,329.0052,1.1667,NON_FERROUS
INCONEL,NIINCON,STAINLESS STEEL TIER 2,0,151,256.6500,0,0,151,256.6500,1.6997,NON_FERROUS
INCONEL TURNINGS,INCTR,STAINLESS STEEL TIER 2,0,0,0,0,0,0,0,0,NON_FERROUS
INSULATED EC WIRE,InsECW,ALUMINUM,0,320,113.5000,1725,603.7500,2045,717.2500,0.3507,NON_FERROUS
IRONY EXTRUSIONS,AL063FE,ALUMINUM,0,3,1.0500,1691,417.9666,1694,419.0166,0.2474,NON_FERROUS
Irony Yellow Brass,IrYwBr,BRASS TIER 1,0,0,0,0,0,0,0,0,NON_FERROUS
LAS,las,STEEL,0,1771,70.8400,0,0,1771,70.8400,0.0400,FERROUS
LEAD PIPE,LDPPE,LEAD,0,60,6.0000,534,48.2630,594,54.2630,0.0914,NON_FERROUS
LEAD SOLIDS,LEADSOLD,LEAD,0,0,0,0,0,0,0,0,NON_FERROUS
LITHIUM ION BATTERIES,LIOB,LEAD,0,0,0,42832,2205.3416,42832,2205.3416,0.0515,NON_FERROUS
LOW GRADE FAUCET BRASS,BRFAUC,BRASS TIER 1,0,208,128.9325,0,0,208,128.9325,0.6199,NON_FERROUS
MAGNESIUM,MA00001,OTHER,0,330,3.3000,0,0,330,3.3000,0.0100,Other
MAGNESIUM CASTINGS,MAGCST,OTHER,0,1022,172.3479,2756,162.4021,3778,334.7500,0.0886,Other
MAGNESIUM TURNINGS,MGNSMTRNS,OTHER,0,2875,28.7500,13870,286.1253,16745,314.8753,0.0188,Other
MIXED ALUMINUM,MXDAL,ALUMINUM,0,220,77.9000,0,0,220,77.9000,0.3541,NON_FERROUS
MIXED BRASS,MIXBR,BRASS TIER 2,0,227,228.4286,0,0,227,228.4286,1.0063,NON_FERROUS
MIXED BRASS ALUM SPILLS,MXBRAL,ALUMINUM,0,0,0,0,0,0,0,0,NON_FERROUS
MIXED STAINLESS STEEL,MIXSS,STAINLESS STEEL TIER 2,0,646,32.3000,0,0,646,32.3000,0.0500,NON_FERROUS
MONEL,NIMONEL,STAINLESS STEEL TIER 2,0,0,0,0,0,0,0,0,NON_FERROUS
MONEL TURNINGS,MNT,STAINLESS STEEL TIER 2,0,0,0,0,0,0,0,0,NON_FERROUS
NICKEL,NI00001,STAINLESS STEEL TIER 2,0,41,41.0000,0,0,41,41.0000,1.0000,NON_FERROUS
OILY FLASHINGS,OLYFLA,ALUMINUM,0,0,0,0,0,0,0,0,NON_FERROUS
OLD CAST AL,OLCAAL,ALUMINUM,0,2,0.5000,0,0,2,0.5000,0.2500,NON_FERROUS
OLD CAST AL 5% FE,OCAL5,ALUMINUM,0,0,0,1895,663.2500,1895,663.2500,0.3500,NON_FERROUS
OVERSIZED MACHINERY,OVSZMAC,STEEL,0,59560,1640.9020,0,0,59560,1640.9020,0.0276,FERROUS
OXIDIZED EDM WIRE,OXEDMWR,BRASS TIER 1,0,290,435.5154,0,0,290,435.5154,1.5018,NON_FERROUS
PAINTED BUSH,PTDBUSH,STEEL,0,0,0,0,0,0,0,0,FERROUS
PHOS BRONZE SOLIDS,BR0PHOS,BRASS TIER 2,0,20,40.0000,0,0,20,40.0000,2.0000,NON_FERROUS
PLATE & STRUCTUAL,INDP&S,STEEL,0,45346,3595.4804,0,0,45346,3595.4804,0.0793,FERROUS
PLUG ENDS,ELPLUG,OTHER,0,41,1.6400,0,0,41,1.6400,0.0400,Other
"PREMIUM ELECTRIC MOTORS ",PRELMTR,COPPER TIER 3,0,143,8.5800,0,0,143,8.5800,0.0600,NON_FERROUS
PTD 5052 ALUMINUM,PTD5052,ALUMINUM,0,9,13.5000,0,0,9,13.5000,1.5000,NON_FERROUS
RANGE LEAD,LERANGE,LEAD,0,0,0,0,0,0,0,0,NON_FERROUS
REBAR,REBAR,STEEL,0,5302,315.6265,0,0,5302,315.6265,0.0595,FERROUS
RED BALL MILL,RDBM,BRASS TIER 1,0,0,0,0,0,0,0,0,NON_FERROUS
RED BRASS SOLIDS,BRREDSD,BRASS TIER 1,0,37,101.0500,0,0,37,101.0500,2.7311,NON_FERROUS
RED BRASS TURNINGS,BR360BO,BRASS TIER 1,0,0,0,0,0,0,0,0,NON_FERROUS
ROMEX WIRE,RMXWIR,COPPER TIER 2,0,669,1500.4940,0,0,669,1500.4940,2.2429,NON_FERROUS
SEALED UNITS,CUSEALD,COPPER TIER 3,0,1935,119.3285,3334,211.5671,5269,330.8956,0.0628,NON_FERROUS
SEMI RED BRASS,SEMREBR,BRASS TIER 1,0,0,0,0,0,0,0,0,NON_FERROUS
SHEET IRON,SHIRST,STEEL,0,195545,15603.2450,0,-9.5249,195545,15593.7201,0.0797,FERROUS
Silver Plated Copper,SvPtCu,COPPER TIER 1,0,0,0,0,0,0,0,0,NON_FERROUS
SILVER PLTD BUSS BAR,SVPBB,COPPER TIER 1,0,70,147.0000,0,0,70,147.0000,2.1000,NON_FERROUS
"SKELATAL ",SKST,STEEL,0,0,0,0,0,0,0,0,FERROUS
SOFT LEAD,SOFLEA,LEAD,0,1,0.3000,334,70.4890,335,70.7890,0.2113,NON_FERROUS
STAINLESS STEEL - FE,NIMIXD,STAINLESS STEEL TIER 1,0,1941,194.1000,0,0,1941,194.1000,0.1000,NON_FERROUS
STARTERS,CUSTART,COPPER TIER 3,0,674,101.1000,579,55.3529,1253,156.4529,0.1249,NON_FERROUS
STEEL BANDING (fe),STBD,STEEL,0,0,0,0,0,0,0,0,FERROUS
STEEL BX CABLE,STBXCAB,STEEL,0,0,0,0,0,0,0,0,FERROUS
STEEL BX WIRE (fe),STBXW,STEEL,0,429,176.8103,0,0,429,176.8103,0.4121,FERROUS
STEEL CASED BATTERIES,LEFECAS,LEAD,0,0,0,2051,102.5500,2051,102.5500,0.0500,NON_FERROUS
STEEL CASED COPPER TRANSFORMERS,STCSCOTRA,COPPER TIER 3,0,0,0,0,0,0,0,0,NON_FERROUS
STEEL CLIPS,INDCLIPS,STEEL,0,0,0,0,0,0,0,0,FERROUS
STEEL COIL,STLCOL,STEEL,0,0,0,11489,639.5635,11489,639.5635,0.0557,FERROUS
STEEL MOTOR BLOCKS,STMTRBLK,STEEL,0,32649,3470.1123,0,0,32649,3470.1123,0.1063,FERROUS
STEEL TURNING,TURNSTEEL,STEEL,0,92322,3128.2394,0,0,92322,3128.2394,0.0339,FERROUS
STEEL WIRE,STWR,STEEL,0,440,21.6071,0,0,440,21.6071,0.0491,FERROUS
TAR BASED WIRE,TARBSWR,COPPER TIER 2,0,334,524.2776,0,0,334,524.2776,1.5697,NON_FERROUS
Teck Cable,TCABLE,COPPER TIER 2,0,0,0,0,0,0,0,0,NON_FERROUS
TIN PLATED BUSBAR,TCUBSBR,COPPER TIER 1,0,129,105.7089,0,0,129,105.7089,0.8194,NON_FERROUS
TIN PLTD COPPER WIRE,TNPDCWR,COPPER TIER 1,0,187,374.0000,0,0,187,374.0000,2.0000,NON_FERROUS
TITANIUM SOLIDS,NITITAN,STAINLESS STEEL TIER 2,0,0,0,0,0,0,0,0,NON_FERROUS
TITANIUM TURNINGS,TTSS,STAINLESS STEEL TIER 2,0,0,0,625,158.2212,625,158.2212,0.2532,NON_FERROUS
TOOL STEEL,NITOOLS,STAINLESS STEEL TIER 2,0,114,156.0154,0,0,114,156.0154,1.3686,NON_FERROUS
TUNGSTEN MOLY TA INSERTS,TUNGMOTAINS,STAINLESS STEEL TIER 2,0,0,0,0,0,0,0,0,NON_FERROUS
UNPREPARED FE/CHROME/MOLY,UPFECHMO,STAINLESS STEEL TIER 2,0,3638,255.6285,90154,6714.5995,93792,6970.2280,0.0743,NON_FERROUS
"UNPREPARED P&S ",UNPREP,STEEL,0,58240,3767.5277,0,0,58240,3767.5277,0.0647,FERROUS
WASTE,WASTE,ZWASTE,0,2851,0.0000,0,0,2851,0.0000,0.0000,WA
WHEEL WEIGHTS,LEWHEEL,LEAD,0,615,12.5007,4254,85.3650,4869,97.8657,0.0201,NON_FERROUS
YELLOW BALL MILL,YELBM,BRASS TIER 1,0,0,0,0,0,0,0,0,NON_FERROUS
YELLOW BRASS SHELLS,BRSHEL,BRASS TIER 1,0,15,22.9500,0,0,15,22.9500,1.5300,NON_FERROUS
YELLOW BRASS SOLIDS,BRYELLO,BRASS TIER 1,0,1131,1773.8286,0,0,1131,1773.8286,1.5684,NON_FERROUS
YELLOW BRASS TURNINGS,BRINDBT,BRASS TIER 1,0,0,0,0,0,0,0,0,NON_FERROUS
ZINC OXIDE,ZNOX,ZINC,0,0,0,0,0,0,0,0,NON_FERROUS
ZINC SOLIDS,ZI00001,ZINC,0,242,56.8793,198,44.6476,440,101.5269,0.2307,NON_FERROUS
ZINC TURNINGS,ZNTURN,ZINC,0,146,21.9000,0,0,146,21.9000,0.1500,NON_FERROUS
ZZ DO NOT USE - 3003 ALUMINUM,AL03003,ALUMINUM,0,0,0,0,0,0,0,0,NON_FERROUS
"ZZ DO NOT USE - 3003 ALUMINUM PAINTED  ",3003PTD,ALUMINUM,0,0,0,0,0,0,0,0,NON_FERROUS
ZZ DO NOT USE - 356 ALUMINUM CASTINGS,356ALCAST,ALUMINUM,0,0,0,0,0,0,0,0,NON_FERROUS
ZZ DO NOT USE - AL BARE EC WIRE,AL0BECW,ALUMINUM,0,0,0,0,0,0,0,0,NON_FERROUS
ZZ DO NOT USE - AL FURNACE BOTTOMS,ALMFURN,ALUMINUM,0,0,0,0,0,0,0,0,NON_FERROUS
ZZ DO NOT USE ALUMINUM BREAKAGE,ALBRKG,ALUMINUM,0,0,0,0,0,0,0,0,NON_FERROUS
ZZ DO NOT USE - ALUMINUM DROSS,ALMDROSS,ALUMINUM,0,0,0,0,0,0,0,0,NON_FERROUS
ZZ DO NOT USE - ALUMINUM TURNINGS,ALMTRNG,ALUMINUM,0,0,0,0,0,0,0,0,NON_FERROUS
ZZ - DO NOT USE BERYLLIUM COPPER,BERYCU,COPPER TIER 1,0,0,0,0,0,0,0,0,NON_FERROUS
ZZ DO NOT USE CAST ALUMINUM,AL0CAST,ALUMINUM,0,0,0,0,0,0,0,0,NON_FERROUS
ZZ DO NOT USE HELIAX,OPNEYHLXCU,COPPER TIER 2,0,0,0,0,0,0,0,0,NON_FERROUS
ZZ DO NOT USE - LEAD FINES (pb),LDFNE,LEAD,0,0,0,4526,0.0000,4526,0.0000,0.0000,NON_FERROUS
ZZ - DO NOT USE NEW CAST ALUMINUM,NWCSTAL,ALUMINUM,0,0,0,0,0,0,0,0,NON_FERROUS
ZZ DO NOT USE - ROMEX,ROMWIRE,COPPER TIER 2,0,0,0,0,0,0,0,0,NON_FERROUS
ZZ DO NOT USE STEEL TURNINGS,FETURN,STEEL,0,0,0,0,0,0,0,0,FERROUS
ZZ DO NOT USE - UNPREPARED HMS (uhms),UNHMS,STEEL,0,0,0,0,0,0,0,0,FERROUS
ZZZ DO NOT USE - ALUMINUM FLASHINGS - 319,ALMFLASH,ALUMINUM,0,0,0,0,0,0,0,0,NON_FERROUS
