Date,aluminium
2021-06-16,2488.25
2021-06-17,2420.0
2021-06-18,2401.75
2021-06-21,2420.5
2021-06-22,2439.25
2021-06-23,2447.25
2021-06-24,2454.0
2021-06-25,2502.0
2021-06-28,2511.5
2021-06-29,2569.0
2021-06-30,2548.75
2021-07-01,2534.75
2021-07-02,2585.75
2021-07-06,2556.0
2021-07-07,2524.0
2021-07-08,2467.0
2021-07-09,2521.75
2021-07-12,2511.25
2021-07-13,2559.25
2021-07-14,2542.5
2021-07-15,2534.75
2021-07-16,2506.25
2021-07-19,2440.0
2021-07-20,2485.25
2021-07-21,2478.0
2021-07-22,2508.75
2021-07-23,2531.25
2021-07-26,2542.0
2021-07-27,2515.25
2021-07-28,2557.0
2021-07-29,2620.75
2021-07-30,2624.25
2021-08-02,2647.0
2021-08-03,2607.75
2021-08-04,2589.25
2021-08-05,2610.25
2021-08-06,2601.25
2021-08-09,2570.75
2021-08-10,2596.75
2021-08-11,2607.75
2021-08-12,2593.5
2021-08-13,2618.0
2021-08-16,2616.25
2021-08-17,2613.75
2021-08-18,2572.5
2021-08-19,2562.75
2021-08-20,2566.5
2021-08-23,2620.0
2021-08-24,2647.5
2021-08-25,2648.5
2021-08-26,2655.5
2021-08-27,2680.0
2021-08-30,2673.0
2021-08-31,2746.25
2021-09-01,2717.5
2021-09-02,2723.25
2021-09-03,2753.75
2021-09-07,2787.75
2021-09-08,2818.5
2021-09-09,2864.25
2021-09-10,2948.0
2021-09-13,2929.5
2021-09-14,2866.5
2021-09-15,2928.25
2021-09-16,2918.0
2021-09-17,2919.5
2021-09-20,2896.5
2021-09-21,2883.5
2021-09-22,2976.0
2021-09-23,2987.5
2021-09-24,2958.0
2021-09-27,2923.25
2021-09-28,2974.25
2021-09-29,2965.25
2021-09-30,2903.0
2021-10-01,2902.25
2021-10-04,2957.25
2021-10-05,2966.5
2021-10-06,2942.0
2021-10-07,2991.0
2021-10-08,3011.25
2021-10-11,3111.5
2021-10-12,3108.75
2021-10-13,3038.75
2021-10-14,3130.5
2021-10-15,3171.0
2021-10-18,3202.5
2021-10-19,3138.25
2021-10-20,3108.75
2021-10-21,2935.5
2021-10-22,2907.75
2021-10-25,2908.0
2021-10-26,2866.5
2021-10-27,2716.5
2021-10-28,2794.5
2021-10-29,2758.5
2021-11-01,2776.25
2021-11-02,2754.75
2021-11-03,2712.5
2021-11-04,2616.25
2021-11-05,2595.75
2021-11-08,2604.75
2021-11-09,2560.5
2021-11-10,2567.0
2021-11-11,2634.0
2021-11-12,2645.25
2021-11-15,2607.75
2021-11-16,2540.5
2021-11-17,2598.5
2021-11-18,2603.0
2021-11-19,2662.75
2021-11-22,2657.5
2021-11-23,2648.0
2021-11-24,2664.5
2021-11-26,2581.25
2021-11-29,2596.0
2021-11-30,2591.25
2021-12-01,2628.5
2021-12-02,2585.25
2021-12-03,2596.25
2021-12-06,2566.75
2021-12-07,2601.75
2021-12-08,2576.25
2021-12-09,2579.5
2021-12-10,2550.75
2021-12-13,2601.75
2021-12-14,2569.0
2021-12-15,2540.0
2021-12-16,2611.25
2021-12-17,2653.75
2021-12-20,2602.0
2021-12-21,2716.75
2021-12-22,2803.75
2021-12-23,2808.0
2021-12-27,2808.0
2021-12-28,2808.0
2021-12-29,2781.25
2021-12-30,2782.5
2021-12-31,2752.5
2022-01-03,2752.5
2022-01-04,2802.75
2022-01-05,2876.0
2022-01-06,2890.0
2022-01-07,2884.5
2022-01-10,2898.75
2022-01-11,2951.0
2022-01-12,2973.75
2022-01-13,2944.0
2022-01-14,2962.75
2022-01-18,3001.0
2022-01-19,3038.25
2022-01-20,3102.25
2022-01-21,3026.0
2022-01-24,3015.5
2022-01-25,3077.75
2022-01-26,3078.0
2022-01-27,3090.25
2022-01-28,3128.25
2022-01-31,3078.25
2022-02-01,3077.5
2022-02-02,3029.0
2022-02-03,3080.0
2022-02-04,3114.25
2022-02-07,3167.75
2022-02-08,3240.25
2022-02-09,3313.0
2022-02-10,3319.0
2022-02-11,3282.25
2022-02-14,3272.0
2022-02-15,3272.5
2022-02-16,3320.0
2022-02-17,3315.75
2022-02-18,3304.5
2022-02-22,3342.0
2022-02-23,3345.75
2022-02-24,3457.5
2022-02-25,3406.0
2022-02-28,3417.0
2022-03-01,3516.0
2022-03-02,3615.5
2022-03-03,3767.75
2022-03-04,3873.0
2022-03-07,3745.5
2022-03-08,3485.5
2022-03-09,3286.5
2022-03-10,3361.25
2022-03-11,3446.5
2022-03-14,3321.5
2022-03-15,3204.5
2022-03-16,3238.75
2022-03-17,3316.25
2022-03-18,3357.25
2022-03-21,3469.75
2022-03-22,3460.25
2022-03-23,3572.75
2022-03-24,3593.5
2022-03-25,3571.5
2022-03-28,3585.5
2022-03-29,3431.5
2022-03-30,3553.5
2022-03-31,3500.0
2022-04-01,3466.5
2022-04-04,3441.5
2022-04-05,3430.5
2022-04-06,3405.0
2022-04-07,3352.75
2022-04-08,3340.75
2022-04-11,3209.75
2022-04-12,3229.5
2022-04-13,3206.75
2022-04-14,3250.5
2022-04-18,3250.5
2022-04-19,3212.5
2022-04-20,3237.5
2022-04-21,3264.0
2022-04-22,3203.0
2022-04-25,3054.5
2022-04-26,3040.25
2022-04-27,3066.5
2022-04-28,2997.75
2022-04-29,3049.75
2022-05-02,3049.75
2022-05-03,2900.0
2022-05-04,2958.5
2022-05-05,2896.5
2022-05-06,2831.0
2022-05-09,2740.75
2022-05-10,2743.25
2022-05-11,2769.25
2022-05-12,2730.75
2022-05-13,2774.0
2022-05-16,2808.75
2022-05-17,2860.0
2022-05-18,2831.25
2022-05-19,2884.0
2022-05-20,2927.25
2022-05-23,2933.25
2022-05-24,2874.5
2022-05-25,2848.5
2022-05-26,2833.25
2022-05-27,2850.0
2022-05-31,2763.5
2022-06-01,2692.25
2022-06-02,2692.0
2022-06-03,2692.0
2022-06-06,2747.5
2022-06-07,2742.5
2022-06-08,2786.75
2022-06-09,2727.75
2022-06-10,2638.75
2022-06-13,2601.0
2022-06-14,2531.25
2022-06-15,2562.25
2022-06-16,2474.25
2022-06-17,2461.0
2022-06-21,2490.0
2022-06-22,2434.75
2022-06-23,2436.0
2022-06-24,2411.5
2022-06-27,2460.75
2022-06-28,2440.5
2022-06-29,2422.75
2022-06-30,2401.5
2022-07-01,2389.25
2022-07-05,2342.0
2022-07-06,2354.75
2022-07-07,2386.75
2022-07-08,2383.75
2022-07-11,2341.25
2022-07-12,2321.75
2022-07-13,2330.75
2022-07-14,2367.0
2022-07-15,2380.0
2022-07-18,2461.5
2022-07-19,2397.5
2022-07-20,2435.25
2022-07-21,2427.5
2022-07-22,2483.0
2022-07-25,2426.25
2022-07-26,2435.5
2022-07-27,2427.5
2022-07-28,2457.0
2022-07-29,2463.5
2022-08-01,2407.25
2022-08-02,2386.5
2022-08-03,2349.5
2022-08-04,2372.75
2022-08-05,2396.75
2022-08-08,2427.5
2022-08-09,2470.75
2022-08-10,2472.75
2022-08-11,2505.25
2022-08-12,2421.75
2022-08-15,2377.0
2022-08-16,2381.0
2022-08-17,2397.75
2022-08-18,2393.5
2022-08-19,2371.75
2022-08-22,2377.25
2022-08-23,2412.5
2022-08-24,2420.25
2022-08-25,2422.5
2022-08-26,2484.0
2022-08-29,2481.25
2022-08-30,2373.5
2022-08-31,2341.75
2022-09-01,2277.25
2022-09-02,2276.5
2022-09-06,2248.0
2022-09-07,2221.0
2022-09-08,2240.25
2022-09-09,2275.75
2022-09-12,2272.5
2022-09-13,2299.5
2022-09-14,2259.25
2022-09-15,2290.75
2022-09-16,2264.25
2022-09-19,2235.5
2022-09-20,2228.25
2022-09-21,2179.75
2022-09-22,2207.75
2022-09-23,2157.5
2022-09-26,2126.25
2022-09-27,2098.75
2022-09-28,2114.25
2022-09-29,2192.75
2022-09-30,2157.25
2022-10-03,2213.0
2022-10-04,2347.25
2022-10-05,2359.25
2022-10-06,2355.0
2022-10-07,2295.75
2022-10-10,2258.0
2022-10-11,2245.25
2022-10-12,2312.25
2022-10-13,2388.0
2022-10-14,2337.75
2022-10-17,2259.75
2022-10-18,2204.5
2022-10-19,2187.0
2022-10-20,2228.25
2022-10-21,2223.5
2022-10-24,2192.75
2022-10-25,2228.5
2022-10-26,2352.5
2022-10-27,2307.25
2022-10-28,2210.75
2022-10-31,2229.0
2022-11-01,2259.5
2022-11-02,2266.5
2022-11-03,2282.25
2022-11-04,2380.25
2022-11-07,2354.5
2022-11-08,2391.25
2022-11-09,2329.75
2022-11-10,2351.5
2022-11-11,2475.0
2022-11-14,2460.75
2022-11-15,2437.0
2022-11-16,2412.5
2022-11-17,2393.0
2022-11-18,2428.0
2022-11-21,2379.5
2022-11-22,2428.75
2022-11-23,2392.0
2022-11-25,2367.25
2022-11-28,2362.0
2022-11-29,2365.25
2022-11-30,2460.5
2022-12-01,2472.25
2022-12-02,2535.0
2022-12-05,2509.0
2022-12-06,2503.5
2022-12-07,2484.25
2022-12-08,2496.5
2022-12-09,2465.25
2022-12-12,2409.25
2022-12-13,2458.25
2022-12-14,2431.0
2022-12-15,2383.0
2022-12-16,2388.5
2022-12-19,2364.25
2022-12-20,2377.0
2022-12-21,2402.0
2022-12-22,2421.5
2022-12-23,2413.5
2022-12-27,2411.25
2022-12-28,2396.0
2022-12-29,2426.5
2022-12-30,2410.25
2023-01-03,2325.25
2023-01-04,2270.0
2023-01-05,2262.75
2023-01-06,2285.25
2023-01-09,2443.25
2023-01-10,2465.0
2023-01-11,2506.25
2023-01-12,2551.0
2023-01-13,2602.0
2023-01-17,2628.25
2023-01-18,2643.75
2023-01-19,2589.75
2023-01-20,2608.75
2023-01-23,2650.5
2023-01-24,2665.0
2023-01-25,2670.75
2023-01-26,2656.5
2023-01-27,2638.75
2023-01-30,2595.0
2023-01-31,2639.0
2023-02-01,2608.5
2023-02-02,2605.5
2023-02-03,2550.0
2023-02-06,2515.75
2023-02-07,2518.5
2023-02-08,2468.25
2023-02-09,2487.5
2023-02-10,2429.0
2023-02-13,2389.0
2023-02-14,2381.0
2023-02-15,2354.75
2023-02-16,2362.5
2023-02-17,2343.75
2023-02-21,2411.5
2023-02-22,2361.5
2023-02-23,2339.75
2023-02-24,2294.5
2023-02-27,2327.0
2023-02-28,2323.5
2023-03-01,2379.25
2023-03-02,2367.25
2023-03-03,2369.75
2023-03-06,2368.75
2023-03-07,2328.75
2023-03-08,2327.5
2023-03-09,2306.0
2023-03-10,2291.75
2023-03-13,2299.5
2023-03-14,2316.75
2023-03-15,2242.5
2023-03-16,2233.25
2023-03-17,2229.25
2023-03-20,2240.5
2023-03-21,2243.75
2023-03-22,2266.25
2023-03-23,2298.5
2023-03-24,2308.0
2023-03-27,2341.75
2023-03-28,2370.25
2023-03-29,2360.0
2023-03-30,2363.5
2023-03-31,2383.75
2023-04-03,2378.75
2023-04-04,2348.25
2023-04-05,2315.5
2023-04-06,2325.0
2023-04-10,2324.75
2023-04-11,2295.25
2023-04-12,2316.0
2023-04-13,2365.75
2023-04-14,2379.0
2023-04-17,2377.75
2023-04-18,2428.75
2023-04-19,2442.5
2023-04-20,2422.25
2023-04-21,2386.75
2023-04-24,2375.25
2023-04-25,2329.25
2023-04-26,2318.5
2023-04-27,2311.5
2023-04-28,2359.75
2023-05-01,2390.75
2023-05-02,2382.75
2023-05-03,2330.75
2023-05-04,2300.5
2023-05-05,2329.5
2023-05-08,2314.25
2023-05-09,2333.75
2023-05-10,2284.75
2023-05-11,2216.5
2023-05-12,2238.25
2023-05-15,2250.25
2023-05-16,2260.0
2023-05-17,2295.75
2023-05-18,2286.75
2023-05-19,2300.0
2023-05-22,2290.5
2023-05-23,2255.0
2023-05-24,2230.0
2023-05-25,2233.25
2023-05-26,2245.0
2023-05-30,2227.75
2023-05-31,2255.5
2023-06-01,2299.25
2023-06-02,2269.5
2023-06-05,2240.5
2023-06-06,2204.75
2023-06-07,2207.25
2023-06-08,2240.75
2023-06-09,2254.25
2023-06-12,2211.25
2023-06-13,2220.75
2023-06-14,2243.75
2023-06-15,2227.75
2023-06-16,2252.5
2023-06-20,2217.5
2023-06-21,2223.0
2023-06-22,2203.0
2023-06-23,2168.25
2023-06-26,2149.5
2023-06-27,2170.0
2023-06-28,2148.25
2023-06-29,2126.0
2023-06-30,2114.75
2023-07-03,2112.75
2023-07-05,2119.25
2023-07-06,2103.0
2023-07-07,2111.25
2023-07-10,2115.5
2023-07-11,2127.5
2023-07-12,2193.75
2023-07-13,2242.0
2023-07-14,2235.0
2023-07-17,2207.0
2023-07-18,2164.25
2023-07-19,2137.25
2023-07-20,2143.25
2023-07-21,2148.0
2023-07-24,2153.75
2023-07-25,2184.0
2023-07-26,2155.5
2023-07-27,2151.75
2023-07-28,2178.5
2023-07-31,2230.5
2023-08-01,2198.5
2023-08-02,2150.5
2023-08-03,2168.25
2023-08-04,2172.0
2023-08-07,2166.75
2023-08-08,2133.0
2023-08-09,2122.75
2023-08-10,2154.75
2023-08-11,2115.25
2023-08-14,2081.0
2023-08-15,2075.5
2023-08-16,2073.25
2023-08-17,2090.5
2023-08-18,2081.0
2023-08-21,2082.75
2023-08-22,2114.25
2023-08-23,2131.0
2023-08-24,2111.25
2023-08-25,2108.75
2023-08-28,2139.25
2023-08-29,2125.25
2023-08-30,2165.25
2023-08-31,2175.5
2023-09-01,2216.25
2023-09-05,2180.0
2023-09-06,2175.5
2023-09-07,2171.25
2023-09-08,2154.75
2023-09-11,2179.25
2023-09-12,2192.25
2023-09-13,2201.25
2023-09-14,2202.25
2023-09-15,2167.25
2023-09-18,2202.0
2023-09-19,2188.75
2023-09-20,2236.0
2023-09-21,2188.75
2023-09-22,2215.5
2023-09-25,2209.0
2023-09-26,2228.25
2023-09-27,2232.75
2023-09-28,2271.75
2023-09-29,2329.5
2023-10-02,2310.25
2023-10-03,2287.0
2023-10-04,2242.25
2023-10-05,2224.5
2023-10-06,2227.25
2023-10-09,2224.75
2023-10-10,2198.0
2023-10-11,2196.25
2023-10-12,2185.5
2023-10-13,2181.5
2023-10-16,2169.25
2023-10-17,2166.5
2023-10-18,2175.75
2023-10-19,2184.0
2023-10-20,2177.0
2023-10-23,2174.25
2023-10-24,2184.0
2023-10-25,2213.25
2023-10-26,2193.5
2023-10-27,2222.75
2023-10-30,2263.75
2023-10-31,2251.5
2023-11-01,2235.25
2023-11-02,2221.25
2023-11-03,2246.0
2023-11-06,2275.5
2023-11-07,2251.5
2023-11-08,2251.25
2023-11-09,2232.0
2023-11-10,2206.0
2023-11-13,2216.5
2023-11-14,2204.0
2023-11-15,2199.75
2023-11-16,2179.75
2023-11-17,2177.5
2023-11-20,2208.0
2023-11-21,2219.25
2023-11-22,2188.0
2023-11-24,2200.25
2023-11-27,2184.75
2023-11-28,2188.5
2023-11-29,2171.5
2023-11-30,2160.25
2023-12-01,2174.5
2023-12-04,2148.75
2023-12-05,2126.0
2023-12-06,2109.75
2023-12-07,2092.5
2023-12-08,2109.0
2023-12-11,2093.25
2023-12-12,2093.25
2023-12-13,2113.5
2023-12-14,2175.0
2023-12-15,2207.5
2023-12-18,2237.75
2023-12-19,2211.25
2023-12-20,2187.75
2023-12-21,2184.25
2023-12-22,2268.0
2023-12-26,2251.5
2023-12-27,2327.5
2023-12-28,2319.0
2023-12-29,2332.25
2024-01-02,2278.75
2024-01-03,2251.0
2024-01-04,2218.25
2024-01-05,2203.0
2024-01-08,2168.5
2024-01-09,2182.5
2024-01-10,2178.5
2024-01-11,2179.75
2024-01-12,2167.5
2024-01-16,2161.75
2024-01-17,2148.75
2024-01-18,2136.5
2024-01-19,2127.5
2024-01-22,2127.5
2024-01-23,2184.25
2024-01-24,2186.25
2024-01-25,2194.5
2024-01-26,2226.0
2024-01-29,2219.5
2024-01-30,2227.5
2024-01-31,2235.5
2024-02-01,2209.25
2024-02-02,2196.75
2024-02-05,2176.75
2024-02-06,2199.0
2024-02-07,2188.5
2024-02-08,2189.75
2024-02-09,2182.0
2024-02-12,2191.25
2024-02-13,2186.0
2024-02-14,2202.0
2024-02-15,2186.5
2024-02-16,2176.25
2024-02-20,2148.5
2024-02-21,2175.5
2024-02-22,2144.25
2024-02-23,2131.25
2024-02-26,2129.25
2024-02-27,2131.75
2024-02-28,2132.0
2024-02-29,2167.5
2024-03-01,2188.5
2024-03-04,2174.75
2024-03-05,2166.25
2024-03-06,2189.75
2024-03-07,2201.5
2024-03-08,2193.5
2024-03-11,2210.5
2024-03-12,2216.5
2024-03-13,2211.0
2024-03-14,2193.0
2024-03-15,2214.0
2024-03-18,2213.5
2024-03-19,2203.5
2024-03-20,2212.75
2024-03-21,2237.0
2024-03-22,2251.25
2024-03-25,2268.0
2024-03-26,2246.0
2024-03-27,2247.0
2024-03-28,2284.25
2024-04-01,2289.25
2024-04-02,2326.5
2024-04-03,2372.0
2024-04-04,2386.75
2024-04-05,2395.25
2024-04-08,2405.5
2024-04-09,2407.25
2024-04-10,2397.25
2024-04-11,2398.75
2024-04-12,2436.25
2024-04-15,2521.25
2024-04-16,2515.75
2024-04-17,2590.5
2024-04-18,2601.5
2024-04-19,2680.0
2024-04-22,2660.75
2024-04-23,2572.0
2024-04-24,2600.75
2024-04-25,2526.0
2024-04-26,2554.75
2024-04-29,2566.0
2024-04-30,2561.25
2024-05-01,2537.75
2024-05-02,2491.75
2024-05-03,2512.25
2024-05-06,2554.25
2024-05-07,2527.0
2024-05-08,2503.75
2024-05-09,2510.5
2024-05-10,2488.25
2024-05-13,2493.75
2024-05-14,2491.5
2024-05-15,2533.5
2024-05-16,2529.0
2024-05-17,2533.5
2024-05-20,2557.5
2024-05-21,2651.0
2024-05-22,2568.0
2024-05-23,2550.25
2024-05-24,2588.25
2024-05-28,2654.75
2024-05-29,2703.5
2024-05-30,2648.0
2024-05-31,2591.5
2024-06-03,2601.75
2024-06-04,2599.5
2024-06-05,2558.25
2024-06-06,2592.75
2024-06-07,2507.75
2024-06-10,2499.5
2024-06-11,2459.25
2024-06-12,2496.75
2024-06-13,2477.0
2024-06-14,2440.75
2024-06-17,2425.5
2024-06-18,2416.5
2024-06-20,2441.75
2024-06-21,2432.25
2024-06-24,2423.0
2024-06-25,2421.25
2024-06-26,2434.5
2024-06-27,2436.0
2024-06-28,2457.25
2024-07-01,2444.25
2024-07-02,2450.0
2024-07-03,2483.75
2024-07-05,2457.5
2024-07-08,2456.25
2024-07-09,2420.25
2024-07-10,2400.0
2024-07-11,2390.25
2024-07-12,2388.25
2024-07-15,2362.0
2024-07-16,2314.5
2024-07-17,2313.25
2024-07-18,2292.75
2024-07-19,2263.5
2024-07-22,2210.5
2024-07-23,2211.5
2024-07-24,2219.0
2024-07-25,2188.0
2024-07-26,2212.0
2024-07-29,2163.5
2024-07-30,2125.0
2024-07-31,2189.0
2024-08-01,2176.25
2024-08-02,2155.0
2024-08-05,2134.75
2024-08-06,2181.0
2024-08-07,2177.25
2024-08-08,2167.0
2024-08-09,2182.25
2024-08-12,2199.0
2024-08-13,2211.0
2024-08-14,2211.0
2024-08-15,2237.0
2024-08-16,2235.5
2024-08-19,2308.75
2024-08-20,2357.0
2024-08-21,2346.75
2024-08-22,2350.25
2024-08-23,2419.5
2024-08-26,2412.5
2024-08-27,2418.25
2024-08-28,2363.0
2024-08-29,2344.75
2024-08-30,2342.5
2024-09-03,2294.5
2024-09-04,2293.0
2024-09-05,2269.5
2024-09-06,2258.0
2024-09-09,2257.5
2024-09-10,2259.5
2024-09-11,2300.0
2024-09-12,2334.5
2024-09-13,2380.0
2024-09-16,2437.5
2024-09-17,2430.25
2024-09-18,2437.5
2024-09-19,2463.25
2024-09-20,2402.25
2024-09-23,2408.0
2024-09-24,2484.5
2024-09-25,2451.75
2024-09-26,2543.0
2024-09-27,2579.0
2024-09-30,2534.25
2024-10-01,2564.75
2024-10-02,2580.5
2024-10-03,2551.25
2024-10-04,2583.75
2024-10-07,2590.5
2024-10-08,2496.25
2024-10-09,2463.0
2024-10-10,2520.75
2024-10-11,2569.75
2024-10-14,2533.75
2024-10-15,2515.5
2024-10-16,2525.25
2024-10-17,2503.75
2024-10-18,2566.25
2024-10-21,2541.5
2024-10-22,2574.5
2024-10-23,2612.25
2024-10-24,2597.25
2024-10-25,2629.0
2024-10-28,2590.5
2024-10-29,2606.0
2024-10-30,2563.0
2024-10-31,2560.5
2024-11-01,2546.25
2024-11-04,2560.75
2024-11-05,2616.75
2024-11-06,2548.75
2024-11-07,2654.5
2024-11-08,2561.75
2024-11-11,2502.5
2024-11-12,2471.0
2024-11-13,2452.25
2024-11-14,2428.5
2024-11-15,2566.75
2024-11-18,2535.5
2024-11-19,2575.25
2024-11-20,2573.25
2024-11-21,2570.5
2024-11-22,2556.0
2024-11-25,2580.75
2024-11-26,2555.25
2024-11-27,2556.5
2024-11-29,2562.0
2024-12-02,2559.0
2024-12-03,2590.5
2024-12-04,2625.25
2024-12-05,2614.25
2024-12-06,2549.0
2024-12-09,2524.5
2024-12-10,2518.25
2024-12-11,2535.0
2024-12-12,2535.5
2024-12-13,2521.25
2024-12-16,2488.75
2024-12-17,2464.0
2024-12-18,2467.0
2024-12-19,2448.25
2024-12-20,2481.0
2024-12-23,2477.25
2024-12-24,2532.0
2024-12-26,2507.0
2024-12-27,2530.0
2024-12-30,2545.25
2024-12-31,2521.75
2025-01-02,2498.25
2025-01-03,2458.0
2025-01-06,2469.25
2025-01-07,2491.75
2025-01-08,2467.0
2025-01-09,2507.5
2025-01-10,2549.25
2025-01-13,2568.5
2025-01-14,2571.75
2025-01-15,2608.25
2025-01-16,2655.5
2025-01-17,2686.75
2025-01-21,2663.5
2025-01-22,2638.5
2025-01-23,2634.5
2025-01-24,2657.75
2025-01-27,2602.75
2025-01-28,2563.0
2025-01-29,2612.25
2025-01-30,2618.75
2025-01-31,2586.0
2025-02-03,2617.0
2025-02-04,2631.0
2025-02-05,2601.5
2025-02-06,2620.75
2025-02-07,2623.75
2025-02-10,2636.25
2025-02-11,2620.75
2025-02-12,2587.5
2025-02-13,2571.75
2025-02-14,2612.25
2025-02-18,2638.25
2025-02-19,2652.5
2025-02-20,2692.25
2025-02-21,2694.0
2025-02-24,2620.25
2025-02-25,2585.5
2025-02-26,2597.25
2025-02-27,2596.25
2025-02-28,2561.5
2025-03-03,2567.75
2025-03-04,2575.75
2025-03-05,2610.0
2025-03-06,2656.75
2025-03-07,2661.5
2025-03-10,2651.0
2025-03-11,2649.0
2025-03-12,2648.75
2025-03-13,2645.25
2025-03-14,2624.5
2025-03-17,2633.25
2025-03-18,2596.75
2025-03-19,2604.0
2025-03-20,2597.5
2025-03-21,2553.5
2025-03-24,2538.5
2025-03-25,2526.75
2025-03-26,2533.5
2025-03-27,2479.0
2025-03-28,2459.5
2025-03-31,2432.25
2025-04-01,2400.5
2025-04-02,2366.5
2025-04-03,2296.25
2025-04-04,2209.5
2025-04-07,2199.25
2025-04-08,2190.75
2025-04-09,2166.25
2025-04-10,2251.0
2025-04-11,2300.0
2025-04-14,2306.75
2025-04-15,2317.5
2025-04-16,2310.5
2025-04-17,2307.5
2025-04-21,2330.5
2025-04-22,2303.25
2025-04-23,2345.75
2025-04-24,2390.0
2025-04-25,2351.25
2025-04-28,2347.5
2025-04-29,2354.0
2025-04-30,2292.75
2025-05-01,2293.25
2025-05-02,2307.75
2025-05-05,2306.75
2025-05-06,2310.25
2025-05-07,2269.75
2025-05-08,2294.25
2025-05-09,2309.25
2025-05-12,2382.0
2025-05-13,2400.75
2025-05-14,2457.25
2025-05-15,2403.5
2025-05-16,2389.75
2025-05-19,2355.25
2025-05-20,2372.25
2025-05-21,2374.25
2025-05-22,2350.25
2025-05-23,2357.5
2025-05-27,2373.5
2025-05-28,2358.25
2025-05-29,2344.25
2025-05-30,2348.5
2025-06-02,2381.75
2025-06-03,2371.0
2025-06-04,2390.75
2025-06-05,2404.0
2025-06-06,2365.75
2025-06-09,2394.75
2025-06-10,2419.25
2025-06-11,2443.0
2025-06-12,2439.75
2025-06-13,2436.0
2025-06-16,2441.0
2025-06-17,2479.5
2025-06-18,2503.75
2025-06-20,2470.75
2025-06-23,2528.5
2025-06-24,2507.75
2025-06-25,2497.25
2025-06-26,2510.5
2025-06-27,2507.5
2025-06-30,2515.25
2025-07-01,2518.25
2025-07-02,2530.0
2025-07-03,2524.75
2025-07-07,2467.25
2025-07-08,2469.5
2025-07-09,2486.25
2025-07-10,2504.5
2025-07-11,2491.25
2025-07-14,2470.25
2025-07-15,2447.5
2025-07-16,2433.25
2025-07-17,2428.75
2025-07-18,2507.25
2025-07-21,2552.0
2025-07-22,2584.25
2025-07-23,2566.75
2025-07-24,2564.25
2025-07-25,2546.5
2025-07-28,2533.5
2025-07-29,2507.0
2025-07-30,2502.5
2025-07-31,2446.75
2025-08-01,2432.0
2025-08-04,2427.0
2025-08-05,2432.75
2025-08-06,2483.25
2025-08-07,2500.0
2025-08-08,2501.75
2025-08-11,2469.5
2025-08-12,2507.75
2025-08-13,2510.5
2025-08-14,2501.5
2025-08-15,2480.75
2025-08-18,2458.5
2025-08-19,2428.0
2025-08-20,2459.75
2025-08-21,2484.5
2025-08-22,2505.25
2025-08-25,2527.0
2025-08-26,2541.25
2025-08-27,2506.0
2025-08-28,2516.25
2025-08-29,2514.75
2025-09-02,2514.5
2025-09-03,2505.5
2025-09-04,2488.75
2025-09-05,2495.25
2025-09-08,2511.0
2025-09-09,2516.0
2025-09-10,2518.25
2025-09-11,2587.75
2025-09-12,2583.75
2025-09-15,2591.0
2025-09-16,2614.75
2025-09-17,2583.75
2025-09-18,2579.0
2025-09-19,2559.75
2025-09-22,2530.25
2025-09-23,2522.0
2025-09-24,2533.5
2025-09-25,2551.0
2025-09-26,2544.75
2025-09-29,2583.5
2025-09-30,2594.0
2025-10-01,2597.5
2025-10-02,2596.5
2025-10-03,2612.75
2025-10-06,2636.25
2025-10-07,2662.0
2025-10-08,2681.25
2025-10-09,2727.75
2025-10-10,2603.5
2025-10-13,2653.5
2025-10-14,2636.0
2025-10-15,2643.0
2025-10-16,2686.25
2025-10-17,2683.0
2025-10-20,2689.25
2025-10-21,2681.25
2025-10-22,2708.0
2025-10-23,2768.75
2025-10-24,2776.75
2025-10-27,2800.25
2025-10-28,2821.5
2025-10-29,2829.25
2025-10-30,2815.25
2025-10-31,2824.75
2025-11-03,2852.25
2025-11-04,2778.25
2025-11-05,2762.75
2025-11-06,2771.5
2025-11-07,2775.0
2025-11-10,2803.0
2025-11-11,2786.0
2025-11-12,2815.75
2025-11-13,2830.0
2025-11-14,2786.5
2025-11-17,2732.25
2025-11-18,2684.0
2025-11-19,2713.5
2025-11-20,2728.75
2025-11-21,2695.25
2025-11-24,2740.5
2025-11-25,2725.0
2025-11-26,2790.25
2025-11-28,2808.0
2025-12-01,2843.25
2025-12-02,2849.75
2025-12-03,2867.5
2025-12-04,2877.75
2025-12-05,2861.0
2025-12-08,2837.25
2025-12-09,2796.25
2025-12-10,2804.5
2025-12-11,2825.0
2025-12-12,2788.0
2025-12-15,2763.5
2025-12-16,2775.75
2025-12-17,2816.0
2025-12-18,2823.75
2025-12-19,2868.0
2025-12-22,2850.25
2025-12-23,2857.5
2025-12-24,2865.75
2025-12-26,2924.75
2025-12-29,2835.5
2025-12-30,2899.25
2025-12-31,2906.25
2026-01-02,2938.0
2026-01-05,3010.0
2026-01-06,3053.75
2026-01-07,2993.75
2026-01-08,3001.25
2026-01-09,3037.0
2026-01-12,3086.25
2026-01-13,3102.75
2026-01-14,3086.75
2026-01-15,3069.5
2026-01-16,3034.75
2026-01-20,3015.75
2026-01-21,3032.25
2026-01-22,3060.75
2026-01-23,3097.5
2026-01-26,3137.0
2026-01-27,3111.5
2026-01-28,3165.75
2026-01-29,3138.5
2026-01-30,3034.5
2026-02-02,2926.75
2026-02-03,3015.0
2026-02-04,2973.25
2026-02-05,2925.25
2026-02-06,3004.0
2026-02-09,3028.75
2026-02-10,3001.0
2026-02-11,3023.0
2026-02-12,3026.75
2026-02-13,3015.75
2026-02-17,2971.5
2026-02-18,3017.0
2026-02-19,2992.5
2026-02-20,3021.75
2026-02-23,3014.75
2026-02-24,3020.75
2026-02-25,3081.75
2026-02-26,3071.75
2026-02-27,3044.25
2026-03-02,3109.25
2026-03-03,3165.75
2026-03-04,3279.75
2026-03-05,3215.75
2026-03-06,3327.5
2026-03-09,3292.0
2026-03-10,3322.0
2026-03-11,3369.5
2026-03-12,3464.0
2026-03-13,3383.25
2026-03-16,3289.5
2026-03-17,3291.5
2026-03-18,3282.25
2026-03-19,3119.75
2026-03-20,3102.0
2026-03-23,3076.0
2026-03-24,3138.0
2026-03-25,3135.0
2026-03-26,3161.5
2026-03-27,3187.5
2026-03-30,3336.25
2026-03-31,3405.5
2026-04-01,3452.25
2026-04-02,3411.0
2026-04-06,3422.0
2026-04-07,3396.75
2026-04-08,3374.25
2026-04-09,3373.75
2026-04-10,3429.75
2026-04-13,3582.0
2026-04-14,3572.75
2026-04-15,3613.75
2026-04-16,3647.75
2026-04-17,3596.75
2026-04-20,3546.0
2026-04-21,3555.25
2026-04-22,3599.0
2026-04-23,3616.75
2026-04-24,3607.75
2026-04-27,3579.75
2026-04-28,3557.5
2026-04-29,3466.75
2026-04-30,3450.5
2026-05-01,3496.25
2026-05-04,3489.5
2026-05-05,3565.25
2026-05-06,3498.0
2026-05-07,3480.0
2026-05-08,3507.0
2026-05-11,3592.5
2026-05-12,3652.5
2026-05-13,3837.75
2026-05-14,3892.0
2026-05-15,3791.5
2026-05-18,3850.0
2026-05-19,3874.0
2026-05-20,3910.75
2026-05-21,3941.0
2026-05-22,3963.5
2026-05-26,4046.0
2026-05-27,4195.0
2026-05-28,3911.25
2026-05-29,3917.75
2026-06-01,3980.75
2026-06-02,4054.25
2026-06-03,4026.25
2026-06-04,3996.75
2026-06-05,3950.25
2026-06-08,3953.5
2026-06-09,3881.5
2026-06-10,3779.75
2026-06-11,3794.5
2026-06-12,3858.75
2026-06-15,3382.5
