Date,copper
2021-06-21,9231.846249999999
2021-06-22,9335.463238620758
2021-06-23,9548.208892011642
2021-06-24,9505.2192897892
2021-06-25,9477.660909042357
2021-06-28,9431.364090881347
2021-06-29,9428.057926187515
2021-06-30,9472.150284137726
2021-07-01,9351.998267068862
2021-07-02,9440.182982969283
2021-07-06,9387.271732931136
2021-07-07,9543.799971590042
2021-07-08,9417.034573888779
2021-07-09,9595.608465900421
2021-07-12,9530.572159080504
2021-07-13,9511.8326704216
2021-07-14,9429.159630670547
2021-07-15,9552.618863677979
2021-07-16,9551.51610795021
2021-07-19,9282.55198858261
2021-07-20,9421.443494310379
2021-07-21,9441.284687452317
2021-07-22,9585.687869329451
2021-07-23,9714.657727241516
2021-07-26,10117.001676187514
2021-07-27,10022.202528409958
2021-07-28,9874.493181838989
2021-07-29,9964.88235795021
2021-07-30,9877.800397777557
2021-08-02,9770.876193218231
2021-08-03,9662.849232931136
2021-08-04,9546.004431800842
2021-08-05,9580.176193180083
2021-08-06,9580.176193180083
2021-08-09,9451.20633526802
2021-08-10,9593.404005689621
2021-08-11,9620.961335191727
2021-08-12,9603.324602260589
2021-08-13,9671.668125019072
2021-08-16,9528.367698869704
2021-08-17,9259.403579502105
2021-08-18,9074.216306858063
2021-08-19,8903.357499961852
2021-08-20,9115.001448869705
2021-08-23,9335.463238620758
2021-08-24,9380.658352298737
2021-08-25,9402.704005651474
2021-08-26,9360.816107912064
2021-08-27,9516.242642087936
2021-08-30,9614.347954559325
2021-08-31,9612.143494348526
2021-09-01,9398.295085229873
2021-09-02,9457.819715900421
2021-09-03,9536.083835229872
2021-09-07,9430.262386398315
2021-09-08,9329.95156247139
2021-09-09,9443.490198907852
2021-09-10,9806.149659080505
2021-09-13,9619.859630708694
2021-09-14,9519.548806781768
2021-09-15,9708.044346609115
2021-09-16,9432.466846609115
2021-09-17,9359.71440342903
2021-09-20,9076.420767068863
2021-09-21,9100.6708806324
2021-09-22,9375.146676149368
2021-09-23,9327.74710226059
2021-09-24,9452.308039751053
2021-09-27,9465.53585226059
2021-09-28,9358.611647701264
2021-09-29,9259.403579502105
2021-09-30,9016.896136398314
2021-10-01,9245.074062509537
2021-10-04,9361.91886363983
2021-10-05,9263.813551168441
2021-10-06,9164.605482969284
2021-10-07,9371.8394602108
2021-10-08,9442.387443180083
2021-10-11,9644.109744272231
2021-10-12,9543.799971590042
2021-10-13,9965.985113677978
2021-10-14,10210.697016992568
2021-10-15,10436.671534137726
2021-10-18,10428.955397777558
2021-10-19,10392.579176187515
2021-10-20,10485.172812509536
2021-10-21,10111.490000038146
2021-10-22,9978.110170459748
2021-10-25,10034.327585191726
2021-10-26,9891.027159042358
2021-10-27,9671.668125019072
2021-10-28,9783.00125
2021-10-29,9646.315255727768
2021-11-01,9704.737130670546
2021-11-02,9643.0080397892
2021-11-03,9537.18659095764
2021-11-04,9537.18659095764
2021-11-05,9587.892329540253
2021-11-08,9711.351562547683
2021-11-09,9656.235852298736
2021-11-10,9541.59551137924
2021-11-11,9710.248806819915
2021-11-12,9822.68468752861
2021-11-15,9715.760482969283
2021-11-16,9608.836278409957
2021-11-17,9420.34073858261
2021-11-18,9501.912073850632
2021-11-19,9719.067698907851
2021-11-22,9690.407613677979
2021-11-23,9752.136704559325
2021-11-24,9828.196363677978
2021-11-26,9439.080227241515
2021-11-29,9561.436704521178
2021-11-30,9431.364090881347
2021-12-01,9364.123323850632
2021-12-02,9477.660909042357
2021-12-03,9406.01122159004
2021-12-06,9561.436704521178
2021-12-07,9563.641164731978
2021-12-08,9680.485965862274
2021-12-09,9546.004431800842
2021-12-10,9442.387443180083
2021-12-13,9435.774062547684
2021-12-14,9378.453892087937
2021-12-15,9214.209517068863
2021-12-16,9480.968124980925
2021-12-17,9460.024176111221
2021-12-20,9453.41079547882
2021-12-21,9563.641164731978
2021-12-22,9677.17980116844
2021-12-23,9671.668125019072
2021-12-27,9843.628636398314
2021-12-28,9744.420568199157
2021-12-29,9704.737130670546
2021-12-30,9666.156448869704
2021-12-31,9821.581931800842
2022-01-03,9732.29551141739
2022-01-04,9845.833096609114
2022-01-05,9710.248806819915
2022-01-06,9585.687869329451
2022-01-07,9706.941590881348
2022-01-10,9577.971732969283
2022-01-11,9745.52227268219
2022-01-12,10061.885965938567
2022-01-13,9995.746903390884
2022-01-14,9725.681079540253
2022-01-18,9647.4169602108
2022-01-19,9838.116960248946
2022-01-20,10089.443295440673
2022-01-21,9948.347329502105
2022-01-24,9706.941590881348
2022-01-25,9795.126306781769
2022-01-26,9930.710596570969
2022-01-27,9728.98829547882
2022-01-28,9486.479801130294
2022-01-31,9519.548806781768
2022-02-01,9764.261761341095
2022-02-02,9900.948806858063
2022-02-03,9846.934801092148
2022-02-04,9884.413778409957
2022-02-07,9835.912500038146
2022-02-08,9831.50252837181
2022-02-09,10142.35454547882
2022-02-10,10268.017187452317
2022-02-11,9931.813352298735
2022-02-14,9937.325028448104
2022-02-15,9990.235227241516
2022-02-16,10010.077471628189
2022-02-17,9975.905710248946
2022-02-18,9963.779602222443
2022-02-22,9942.836704597472
2022-02-23,9880.004857988357
2022-02-24,9819.377471590042
2022-02-25,9859.060909118652
2022-02-28,9798.433522720336
2022-03-01,10111.490000038146
2022-03-02,10263.608267030715
2022-03-03,10519.344573888779
2022-03-04,10866.571761341094
2022-03-07,10410.215909118651
2022-03-08,10362.816335229872
2022-03-09,10061.885965938567
2022-03-10,10237.152642011642
2022-03-11,10176.526306858063
2022-03-14,9948.347329502105
2022-03-15,9924.097215938567
2022-03-16,10114.796164731979
2022-03-17,10340.7696306324
2022-03-18,10428.955397777558
2022-03-21,10365.020795440674
2022-03-22,10337.463465938568
2022-03-23,10499.502329502106
2022-03-24,10425.64818183899
2022-03-25,10330.849034061432
2022-03-28,10392.579176187515
2022-03-29,10398.089801092146
2022-03-30,10448.796590919494
2022-03-31,10456.512727279662
2022-04-01,10323.132897701264
2022-04-04,10530.367926187515
2022-04-05,10562.33417611122
2022-04-06,10435.568778409957
2022-04-07,10350.691278448105
2022-04-08,10405.805937452316
2022-04-11,10204.083636360168
2022-04-12,10370.532471590042
2022-04-13,10377.145852222442
2022-04-14,10399.192556819915
2022-04-18,10573.357528409957
2022-04-19,10392.579176187515
2022-04-20,10250.380454521179
2022-04-21,10369.429715862274
2022-04-22,10102.67110795021
2022-04-25,9808.354119291305
2022-04-26,9788.512926149368
2022-04-27,9820.48022731781
2022-04-28,9730.089999961852
2022-04-29,9689.30485795021
2022-05-02,9381.760056781768
2022-05-03,9415.93181816101
2022-05-04,9542.697215862274
2022-05-05,9446.796363601685
2022-05-06,9394.987869291304
2022-05-09,9243.971306781768
2022-05-10,9159.093806819916
2022-05-11,9286.961960248947
2022-05-12,9049.965142049788
2022-05-13,9216.413977279663
2022-05-16,9251.687443141936
2022-05-17,9346.486590919494
2022-05-18,9219.72119321823
2022-05-19,9446.796363601685
2022-05-20,9437.978522758483
2022-05-23,9584.585113601684
2022-05-24,9536.083835229872
2022-05-25,9429.159630670547
2022-05-26,9380.658352298737
2022-05-27,9488.684261341095
2022-05-31,9468.843068199158
2022-06-01,9546.004431800842
2022-06-02,10039.839261341094
2022-06-03,9871.18596590042
2022-06-06,9787.4101704216
2022-06-07,9787.4101704216
2022-06-08,9829.29806816101
2022-06-09,9676.077045440674
2022-06-10,9482.070880708694
2022-06-13,9295.779801092147
2022-06-14,9174.526079540252
2022-06-15,9187.753892049788
2022-06-16,9065.397414770126
2022-06-17,8857.060681800842
2022-06-21,8913.279147777557
2022-06-22,8711.555795440674
2022-06-23,8286.064488658905
2022-06-24,8289.371178975105
2022-06-27,8331.259076714516
2022-06-28,8342.281903390884
2022-06-29,8331.259076714516
2022-06-30,8189.060880670547
2022-07-01,7978.519687490463
2022-07-05,7550.823394875526
2022-07-06,7535.391122155189
2022-07-07,7896.94887784481
2022-07-08,7786.717982969284
2022-07-11,7578.381249999999
2022-07-12,7267.529758515358
2022-07-13,7331.463835229873
2022-07-14,7077.932514204978
2022-07-15,7130.843238620758
2022-07-18,7381.067869329452
2022-07-19,7256.506931838989
2022-07-20,7340.2822016954415
2022-07-21,7279.655340919494
2022-07-22,7382.170099434852
2022-07-25,7387.68177558422
2022-07-26,7457.127002825737
2022-07-27,7560.7445170688625
2022-07-28,7661.054289751052
2022-07-29,7901.358323888779
2022-08-01,7830.810340919495
2022-08-02,7770.1829545211785
2022-08-03,7648.9292329692835
2022-08-04,7678.691548304558
2022-08-05,7833.0148011302945
2022-08-08,7909.074460248947
2022-08-09,7920.0972869253155
2022-08-10,8058.988267030715
2022-08-11,8180.242514204979
2022-08-12,8104.183380708694
2022-08-15,8000.565866465568
2022-08-16,8017.1003692913055
2022-08-17,7932.222869329452
2022-08-18,8039.147073888778
2022-08-19,8120.717883534431
2022-08-22,8092.057798304558
2022-08-23,8167.0147016954415
2022-08-24,8070.0116193294525
2022-08-25,8180.242514204979
2022-08-26,8182.446974415779
2022-08-29,7995.0541903162
2022-08-30,7815.3780681991575
2022-08-31,7756.95566763401
2022-09-01,7527.674985795021
2022-09-02,7543.107258515358
2022-09-06,7647.8270028638835
2022-09-07,7579.483480105399
2022-09-08,7795.536349434852
2022-09-09,7894.74441763401
2022-09-12,7992.849730105399
2022-09-13,7894.74441763401
2022-09-14,7816.480298304557
2022-09-15,7767.978494310379
2022-09-16,7850.652059683799
2022-09-19,7842.935397701263
2022-09-20,7821.991974453926
2022-09-21,7742.625625019073
2022-09-22,7712.863309683799
2022-09-23,7432.876363639831
2022-09-26,7305.0082102108
2022-09-27,7325.952159080505
2022-09-28,7456.024772720337
2022-09-29,7583.892926149368
2022-09-30,7588.301846570968
2022-10-03,7623.57583805561
2022-10-04,7755.852911906242
2022-10-05,7787.820213074684
2022-10-06,7661.054289751052
2022-10-07,7523.2655397510525
2022-10-10,7613.655241484642
2022-10-11,7667.668196005821
2022-10-12,7593.813522720337
2022-10-13,7644.519786925315
2022-10-14,7607.041335229873
2022-10-17,7618.064161906242
2022-10-18,7510.038252863884
2022-10-19,7408.625724453926
2022-10-20,7608.143565335274
2022-10-21,7766.876264204979
2022-10-24,7670.975411944389
2022-10-25,7607.041335229873
2022-10-26,8001.668096570968
2022-10-27,7992.849730105399
2022-10-28,7641.213096609115
2022-10-31,7525.470525584221
2022-11-01,7737.1139488697045
2022-11-02,7728.295582404136
2022-11-03,7620.26914773941
2022-11-04,8189.060880670547
2022-11-07,8001.668096570968
2022-11-08,8169.219161906242
2022-11-09,8248.585511341094
2022-11-10,8368.737528409958
2022-11-11,8710.453565335274
2022-11-14,8498.81014204979
2022-11-15,8464.638380670547
2022-11-16,8351.10079547882
2022-11-17,8133.9456960439675
2022-11-18,8007.179772720337
2022-11-21,7873.800468764305
2022-11-22,7968.599090919494
2022-11-23,7975.2129971742625
2022-11-25,7995.0541903162
2022-11-28,7959.780724453925
2022-11-29,8002.770852298736
2022-11-30,8222.130411944388
2022-12-01,8408.4204403162
2022-12-02,8483.377869329452
2022-12-05,8354.40748579502
2022-12-06,8402.909289789199
2022-12-07,8499.91237215519
2022-12-08,8555.028082404137
2022-12-09,8545.1069602108
2022-12-12,8374.249204559326
2022-12-13,8464.638380670547
2022-12-14,8542.9025
2022-12-15,8295.985085229873
2022-12-16,8292.677869291305
2022-12-19,8340.077443180084
2022-12-20,8372.044218726158
2022-12-21,8390.783707385062
2022-12-22,8270.6316903162
2022-12-23,8384.169801130294
2022-12-27,8451.41056816101
2022-12-28,8448.10387784481
2022-12-29,8423.853238658905
2022-12-30,8389.681477279662
2023-01-03,8302.598991484641
2023-01-04,8244.176590919495
2023-01-05,8417.239332404137
2023-01-06,8616.757173285483
2023-01-09,8859.265142011642
2023-01-10,8966.189346570969
2023-01-11,9159.093806819916
2023-01-12,9228.539034061432
2023-01-13,9275.938607950211
2023-01-17,9292.473636398316
2023-01-18,9322.235426111221
2023-01-19,9317.82650568962
2023-01-20,9366.327784061432
2023-01-23,9378.453892087937
2023-01-24,9359.71440342903
2023-01-25,9347.588295402526
2023-01-26,9407.11397731781
2023-01-27,9312.314829540252
2023-01-30,9267.119715862274
2023-01-31,9322.235426111221
2023-02-01,9063.192954559327
2023-02-02,9025.713977241516
2023-02-03,8957.371505727768
2023-02-06,8914.380852260589
2023-02-07,9013.588920459746
2023-02-08,8914.380852260589
2023-02-09,9051.067897777557
2023-02-10,8879.107386398315
2023-02-13,9010.28170452118
2023-02-14,9060.988494348525
2023-02-15,8933.120340919495
2023-02-16,9183.344971628188
2023-02-17,9069.806335191726
2023-02-21,9335.463238620758
2023-02-22,9264.915255651473
2023-02-23,8979.417159080505
2023-02-24,8719.271931800842
2023-02-27,8838.321193141937
2023-02-28,9033.430113601684
2023-03-01,9188.856647777557
2023-03-02,9003.668323888778
2023-03-03,8990.440511379242
2023-03-06,9040.04454547882
2023-03-07,8788.717684664725
2023-03-08,8909.971931838989
2023-03-09,8938.632017068863
2023-03-10,8918.78977268219
2023-03-13,8971.701022720337
2023-03-14,8841.628409080506
2023-03-15,8502.11683236599
2023-03-16,8566.050909080504
2023-03-17,8627.780525584221
2023-03-20,8764.467045478821
2023-03-21,8859.265142011642
2023-03-22,8969.496562509536
2023-03-23,9140.354318161011
2023-03-24,9042.24900568962
2023-03-27,9048.862386322022
2023-03-28,9065.397414770126
2023-03-29,9072.010795402526
2023-03-30,9017.997840881348
2023-03-31,9048.862386322022
2023-04-03,8949.6553693676
2023-04-04,8782.103778409957
2023-04-05,8814.070553956031
2023-04-06,8875.800170459746
2023-04-10,8788.717684664725
2023-04-11,8872.492954521178
2023-04-12,9004.770028371811
2023-04-13,9091.8530397892
2023-04-14,9055.476818199157
2023-04-17,8963.984886360167
2023-04-18,9015.793380670548
2023-04-19,8977.212698869705
2023-04-20,8866.98127837181
2023-04-21,8774.387642049789
2023-04-24,8714.863011379242
2023-04-25,8478.968423285483
2023-04-26,8487.786789751053
2023-04-27,8519.754090919494
2023-04-28,8531.879147701264
2023-05-01,8635.49666194439
2023-05-02,8483.377869329452
2023-05-03,8447.00164773941
2023-05-04,8487.786789751053
2023-05-05,8535.18636363983
2023-05-08,8637.70112215519
2023-05-09,8573.767045440673
2023-05-10,8439.285511379241
2023-05-11,8151.582428975104
2023-05-12,8193.470326714516
2023-05-15,8239.767144875526
2023-05-16,8056.783806819915
2023-05-17,8251.892727279663
2023-05-18,8116.308437490463
2023-05-19,8206.698139224052
2023-05-22,8099.773934664726
2023-05-23,8028.123721590042
2023-05-24,7834.117031235694
2023-05-25,7893.641661906242
2023-05-26,8098.671704559326
2023-05-30,8064.499943180083
2023-05-31,8004.975312509537
2023-06-01,8171.42414773941
2023-06-02,8206.698139224052
2023-06-05,8294.882855124473
2023-06-06,8304.803451695441
2023-06-07,8277.245596570969
2023-06-08,8369.839758515358
2023-06-09,8353.30525568962
2023-06-12,8268.427230105399
2023-06-13,8440.387741484641
2023-06-14,8523.060781235694
2023-06-15,8590.302073888779
2023-06-16,8563.846448869705
2023-06-20,8550.618636360168
2023-06-21,8622.268849434851
2023-06-22,8572.664815335273
2023-06-23,8390.783707385062
2023-06-26,8347.793579540252
2023-06-27,8336.770752863884
2023-06-28,8202.288693180084
2023-06-29,8107.490071024894
2023-06-30,8247.483281235694
2023-07-03,8331.259076714516
2023-07-05,8275.041136360169
2023-07-06,8201.186463074684
2023-07-07,8304.803451695441
2023-07-10,8314.724573888778
2023-07-11,8275.041136360169
2023-07-12,8470.150056819915
2023-07-13,8663.054517068862
2023-07-14,8646.519488620757
2023-07-17,8448.10387784481
2023-07-18,8412.829886360169
2023-07-19,8376.453664770126
2023-07-20,8416.137102298737
2023-07-21,8384.169801130294
2023-07-24,8466.843366503716
2023-07-25,8602.427130670547
2023-07-26,8577.07426137924
2023-07-27,8517.549630708694
2023-07-28,8635.49666194439
2023-07-31,8806.354417595863
2023-08-01,8583.688167634009
2023-08-02,8438.183281273841
2023-08-03,8545.1069602108
2023-08-04,8476.763963074683
2023-08-07,8406.2159801054
2023-08-08,8262.91555395603
2023-08-09,8305.905681800841
2023-08-10,8269.5294602108
2023-08-11,8189.060880670547
2023-08-14,8211.107059645652
2023-08-15,8072.216079540252
2023-08-16,8050.169900565147
2023-08-17,8125.126803956032
2023-08-18,8154.889119291305
2023-08-21,8183.549204521179
2023-08-22,8268.427230105399
2023-08-23,8385.272031235694
2023-08-24,8305.905681800841
2023-08-25,8289.371178975105
2023-08-28,8276.143366465569
2023-08-29,8362.12362215519
2023-08-30,8344.486889224052
2023-08-31,8316.929034099578
2023-09-01,8405.11375
2023-09-05,8401.807059683799
2023-09-06,8264.018309683799
2023-09-07,8214.41427558422
2023-09-08,8114.103977279663
2023-09-11,8311.41735795021
2023-09-12,8271.734446043967
2023-09-13,8280.552812509537
2023-09-14,8338.975213074684
2023-09-15,8297.087315335273
2023-09-18,8248.585511341094
2023-09-19,8187.958650565147
2023-09-20,8259.60886363983
2023-09-21,8083.239431838989
2023-09-22,8081.03444600582
2023-09-25,8045.760454521179
2023-09-26,7991.7474999999995
2023-09-27,7996.156946043968
2023-09-28,8144.968522720336
2023-09-29,8214.41427558422
2023-10-02,8007.179772720337
2023-10-03,7970.803551130294
2023-10-04,7901.358323888779
2023-10-05,7819.786988620757
2023-10-06,7990.6452698946
2023-10-09,8030.328181800842
2023-10-10,8007.179772720337
2023-10-11,7967.496860814094
2023-10-12,7923.404502863884
2023-10-13,7892.539431800842
2023-10-16,7907.971704521179
2023-10-17,7882.618835229873
2023-10-18,7896.94887784481
2023-10-19,7917.892826714516
2023-10-20,7808.764161944389
2023-10-23,7877.107159080505
2023-10-24,7958.677968726158
2023-10-25,7874.902698869705
2023-10-26,7867.186562509536
2023-10-27,8011.589218764305
2023-10-30,8045.760454521179
2023-10-31,8028.123721590042
2023-11-01,8035.83985795021
2023-11-02,8084.341661944389
2023-11-03,8100.876164770126
2023-11-06,8178.038053994178
2023-11-07,8090.955568199157
2023-11-08,7998.361406254768
2023-11-09,8013.793678975105
2023-11-10,7900.25556816101
2023-11-13,8074.420539751052
2023-11-14,8118.512897701263
2023-11-15,8195.674786925316
2023-11-16,8167.0147016954415
2023-11-17,8239.767144875526
2023-11-20,8405.11375
2023-11-21,8409.523196043967
2023-11-22,8303.701221590041
2023-11-23,8331.259076714516
2023-11-24,8369.839758515358
2023-11-27,8294.882855124473
2023-11-28,8379.760880708694
2023-11-29,8346.691349434852
2023-11-30,8441.489971590041
2023-12-01,8617.859403390885
2023-12-04,8422.750482931137
2023-12-05,8316.929034099578
2023-12-06,8193.470326714516
2023-12-07,8343.384133496284
2023-12-08,8421.648252825737
2023-12-11,8333.463536925316
2023-12-12,8346.691349434852
2023-12-13,8346.691349434852
2023-12-14,8572.664815335273
2023-12-15,8564.948678975104
2023-12-18,8483.377869329452
2023-12-19,8589.19931816101
2023-12-20,8601.324900565147
2023-12-21,8616.757173285483
2023-12-22,8588.09708805561
2023-12-26,8588.09708805561
2023-12-27,8693.919062509536
2023-12-28,8626.67829547882
2023-12-29,8555.028082404137
2024-01-02,8529.674687490462
2024-01-03,8482.275639224052
2024-01-04,8445.89941763401
2024-01-05,8365.430838093756
2024-01-08,8376.453664770126
2024-01-09,8264.018309683799
2024-01-10,8335.667997136115
2024-01-11,8325.747400565147
2024-01-12,8245.278821024895
2024-01-16,8303.701221590041
2024-01-17,8228.744318199157
2024-01-18,8256.301647701262
2024-01-19,8348.895809645652
2024-01-22,8298.189545440673
2024-01-23,8356.611946005822
2024-01-24,8559.437002825736
2024-01-25,8521.958551130294
2024-01-26,8488.88954547882
2024-01-29,8538.493053956032
2024-01-30,8612.348252863883
2024-01-31,8603.529360775947
2024-02-01,8493.298465900421
2024-02-02,8424.955468764305
2024-02-05,8315.826803994178
2024-02-06,8338.975213074684
2024-02-07,8239.767144875526
2024-02-08,8169.219161906242
2024-02-09,8126.229559683799
2024-02-12,8219.92542611122
2024-02-13,8187.958650565147
2024-02-14,8158.1963352298735
2024-02-15,8281.655042614937
2024-02-16,8461.331690354347
2024-02-20,8524.163011341094
2024-02-21,8541.8002698946
2024-02-22,8592.506534099579
2024-02-23,8558.334772720336
2024-02-26,8430.466619291305
2024-02-27,8445.89941763401
2024-02-28,8438.183281273841
2024-02-29,8453.61555399418
2024-03-01,8498.81014204979
2024-03-04,8492.196235795021
2024-03-05,8474.559502863884
2024-03-06,8532.98190342903
2024-03-07,8641.008338093758
2024-03-08,8564.948678975104
2024-03-11,8647.621718726157
2024-03-12,8653.133394875525
2024-03-13,8934.222045402526
2024-03-14,8900.051335268021
2024-03-15,9066.500170497893
2024-03-18,9070.909090919495
2024-03-19,8947.449857912063
2024-03-20,8903.357499961852
2024-03-21,8920.995284137725
2024-03-22,8809.661633534432
2024-03-25,8833.912272720336
2024-03-26,8809.661633534432
2024-03-27,8801.945497174263
2024-03-28,8826.196136360168
2024-04-01,8919.892528409957
2024-04-02,8972.803778448104
2024-04-03,9243.971306781768
2024-04-04,9361.91886363983
2024-04-05,9346.486590919494
2024-04-08,9429.159630670547
2024-04-09,9449.000823812485
2024-04-10,9440.182982969283
2024-04-11,9374.0439204216
2024-04-12,9386.170028448105
2024-04-15,9654.031392087936
2024-04-16,9491.991477279662
2024-04-17,9573.562812547683
2024-04-18,9789.6146306324
2024-04-19,9925.1989204216
2024-04-22,9921.892755727768
2024-04-23,9899.846051130295
2024-04-24,9848.037556819916
2024-04-25,10076.215482931137
2024-04-26,10072.908266992568
2024-04-29,10271.324403390883
2024-04-30,10062.9876704216
2024-05-01,10036.532045402526
2024-05-02,9907.562187490463
2024-05-03,10082.829914808273
2024-05-06,10217.311448869705
2024-05-07,10197.470255727767
2024-05-08,10057.475994272232
2024-05-09,10157.786818199158
2024-05-10,10347.384062509536
2024-05-13,10592.097017068862
2024-05-14,10920.584715862273
2024-05-15,10955.859232969284
2024-05-16,10785.00147731781
2024-05-17,11148.76369321823
2024-05-20,11216.004460248947
2024-05-21,11285.449687490463
2024-05-22,10730.987471551894
2024-05-23,10618.552642087936
2024-05-24,10534.776846609115
2024-05-28,10748.625255727768
2024-05-29,10594.301477279663
2024-05-30,10299.984488620757
2024-05-31,10163.298494348526
2024-06-03,10311.007840919494
2024-06-04,10026.611448831558
2024-06-05,10184.24244321823
2024-06-06,10341.872386360168
2024-06-07,9908.664943218231
2024-06-10,10045.350937490462
2024-06-11,9971.495738582611
2024-06-12,10100.46664773941
2024-06-13,9937.325028448104
2024-06-14,10033.225880708695
2024-06-17,9968.189573888778
2024-06-18,10057.475994272232
2024-06-20,10180.935227279662
2024-06-21,9907.562187490463
2024-06-24,9980.314630670548
2024-06-25,9658.440312509536
2024-06-26,9628.677471551895
2024-06-27,9542.697215862274
2024-06-28,9679.384261379242
2024-07-01,9758.750085191727
2024-07-02,9765.364517068863
2024-07-03,10011.17917611122
2024-07-05,10270.222698907852
2024-07-08,10189.754119367599
2024-07-09,10092.750511379241
2024-07-10,10157.786818199158
2024-07-11,9939.529488658905
2024-07-12,10137.944573812485
2024-07-15,9984.723551092147
2024-07-16,9797.330766992569
2024-07-17,9698.123750038147
2024-07-18,9404.908465862274
2024-07-19,9301.291477241515
2024-07-22,9216.413977279663
2024-07-23,9140.354318161011
2024-07-24,9036.737329540252
2024-07-25,9066.500170497893
2024-07-26,9048.862386322022
2024-07-29,8955.16599427223
2024-07-30,8957.371505727768
2024-07-31,9171.218863601684
2024-08-01,8965.087642087936
2024-08-02,9003.668323888778
2024-08-05,8783.206008515357
2024-08-06,8843.832869291306
2024-08-07,8680.69125
2024-08-08,8697.225752825736
2024-08-09,8774.387642049789
2024-08-12,8939.733721551895
2024-08-13,8897.845823812484
2024-08-14,8873.595710248946
2024-08-15,9124.922045440673
2024-08-16,9099.569176149367
2024-08-19,9185.549431838988
2024-08-20,9148.07045452118
2024-08-21,9218.618437490462
2024-08-22,9129.330965862273
2024-08-23,9247.278522720337
2024-08-26,9284.757500038146
2024-08-27,9326.645397777556
2024-08-28,9138.14985795021
2024-08-29,9143.661534099578
2024-08-30,9138.14985795021
2024-09-03,8889.027982969284
2024-09-04,8861.469602222442
2024-09-05,8989.337755651473
2024-09-06,8850.447301168442
2024-09-09,9004.770028371811
2024-09-10,8907.767471628189
2024-09-11,9001.463863677978
2024-09-12,9111.694232931137
2024-09-13,9204.288920497895
2024-09-16,9288.063664731979
2024-09-17,9289.166420459747
2024-09-18,9343.179374980926
2024-09-19,9449.000823812485
2024-09-20,9439.080227241515
2024-09-23,9455.615255689621
2024-09-24,9765.364517068863
2024-09-25,9762.057301130295
2024-09-26,10099.363892011643
2024-09-27,10011.17917611122
2024-09-30,9911.971107912063
2024-10-01,9999.054119329452
2024-10-02,10132.433948907852
2024-10-03,9925.1989204216
2024-10-04,9970.394034099578
2024-10-07,9962.67789773941
2024-10-08,9726.783835268021
2024-10-09,9601.12014204979
2024-10-10,9667.259204597472
2024-10-11,9813.865795440674
2024-10-14,9619.859630708694
2024-10-15,9480.968124980925
2024-10-16,9549.31164773941
2024-10-17,9450.103579540253
2024-10-18,9581.278948907851
2024-10-21,9530.572159080504
2024-10-22,9585.687869329451
2024-10-23,9489.787017068862
2024-10-24,9522.856022720336
2024-10-25,9566.948380670547
2024-10-28,9550.413352222442
2024-10-29,9551.51610795021
2024-10-30,9540.492755651474
2024-10-31,9509.6282102108
2024-11-01,9584.585113601684
2024-11-04,9715.760482969283
2024-11-05,9811.661335229874
2024-11-06,9309.007613601683
2024-11-07,9722.373863601684
2024-11-08,9450.103579540253
2024-11-11,9283.65474431038
2024-11-12,9081.932443218231
2024-11-13,8963.984886360167
2024-11-14,8979.417159080505
2024-11-15,8930.915880708693
2024-11-18,9056.57852268219
2024-11-19,9105.080852298735
2024-11-20,9134.842642011641
2024-11-21,9067.601874980926
2024-11-22,8981.621619291305
2024-11-25,9020.202301092148
2024-11-26,8904.46025568962
2024-11-27,8966.189346570969
2024-11-29,8995.95218752861
2024-12-02,8984.928835229874
2024-12-03,9140.354318161011
2024-12-04,9131.53647731781
2024-12-05,9116.104204597472
2024-12-06,9123.820340957642
2024-12-09,9311.212073812485
2024-12-10,9311.212073812485
2024-12-11,9290.269176187514
2024-12-12,9248.381278448105
2024-12-13,9146.968750038146
2024-12-16,9134.842642011641
2024-12-17,9020.202301092148
2024-12-18,9038.941789751052
2024-12-19,8863.675113677979
2024-12-20,8908.86917611122
2024-12-23,8869.185738582612
2024-12-24,8927.608664770127
2024-12-26,8977.212698869705
2024-12-27,8956.26875
2024-12-30,8918.78977268219
2024-12-31,8787.615454559325
2025-01-02,8793.127130708694
2025-01-03,8905.56301141739
2025-01-06,9098.4664204216
2025-01-07,9172.321619329452
2025-01-08,9320.030965900422
2025-01-09,9434.671306819915
2025-01-10,9423.647954521179
2025-01-13,9469.944772682189
2025-01-14,9503.014829578398
2025-01-15,9611.040738620757
2025-01-16,9723.476619329453
2025-01-17,9562.539460248947
2025-01-21,9504.116534061432
2025-01-22,9417.034573888779
2025-01-23,9478.763664770126
2025-01-24,9457.819715900421
2025-01-27,9267.119715862274
2025-01-28,9304.598693180084
2025-01-29,9386.170028448105
2025-01-30,9453.41079547882
2025-01-31,9396.090625019073
2025-02-03,9466.638607988358
2025-02-04,9573.562812547683
2025-02-05,9776.3878693676
2025-02-06,9818.274715862273
2025-02-07,10100.46664773941
2025-02-10,10362.816335229872
2025-02-11,10129.126732969284
2025-02-12,10357.304659080504
2025-02-13,10513.83289773941
2025-02-14,10265.812727241515
2025-02-18,10108.182784099577
2025-02-19,10046.453693218231
2025-02-20,10158.88852268219
2025-02-21,10053.06707385063
2025-02-24,9958.26897731781
2025-02-25,9889.925454559325
2025-02-26,10013.383636322022
2025-02-27,10097.159431800841
2025-02-28,9952.757301168442
2025-03-03,10089.443295440673
2025-03-04,9981.417386398314
2025-03-05,10508.321221590042
2025-03-06,10535.878551092148
2025-03-07,10324.23565342903
2025-03-10,10228.334801168441
2025-03-11,10449.898295402527
2025-03-12,10628.473238658904
2025-03-13,10799.330994310378
2025-03-14,10735.397443218231
2025-03-17,10876.492357912062
2025-03-18,11007.667727279662
2025-03-19,11190.651590957641
2025-03-20,11210.492784099579
2025-03-21,11216.004460248947
2025-03-24,11164.195965938568
2025-03-25,11426.545653429032
2025-03-26,11499.298096609115
2025-03-27,11238.050113601685
2025-03-28,11271.120170497894
2025-03-31,11067.19235795021
2025-04-01,11064.98789773941
2025-04-02,11074.908494310379
2025-04-03,10606.426534061431
2025-04-04,9666.156448869704
2025-04-07,9191.061107988357
2025-04-08,9099.569176149367
2025-04-09,9205.390624980926
2025-04-10,9526.163238658904
2025-04-11,9937.325028448104
2025-04-14,10164.400198831558
2025-04-15,10165.502954559326
2025-04-16,10304.393409042357
2025-04-17,10431.159857988358
2025-04-21,10408.011448907851
2025-04-22,10737.601903429031
2025-04-23,10660.439488582611
2025-04-24,10692.406789751052
2025-04-25,10660.439488582611
2025-04-28,10665.95116473198
2025-04-29,10632.882159080506
2025-04-30,10053.06707385063
2025-05-01,10099.363892011643
2025-05-02,10201.879176149369
2025-05-05,10262.506562547684
2025-05-06,10438.875994348526
2025-05-07,10177.628011341094
2025-05-08,10055.271534061432
2025-05-09,10165.502954559326
2025-05-12,10093.852215862275
2025-05-13,10320.928437490462
2025-05-14,10165.502954559326
2025-05-15,10239.357102222442
2025-05-16,10043.146477279663
2025-05-19,10215.106988658905
2025-05-20,10184.24244321823
2025-05-21,10225.027585229873
2025-05-22,10248.175994310379
2025-05-23,10596.505937490463
2025-05-27,10383.760284099579
2025-05-28,10238.25539773941
2025-05-29,10259.199346609115
2025-05-30,10256.994886398315
2025-06-02,10658.23502837181
2025-06-03,10603.1203693676
2025-06-04,10724.374090919495
2025-06-05,10832.399999961852
2025-06-06,10648.314431800842
2025-06-09,10823.582159118652
2025-06-10,10767.363693141937
2025-06-11,10584.380880708693
2025-06-12,10629.574943141937
2025-06-13,10588.789801130295
2025-06-16,10640.598295440674
2025-06-17,10583.278124980927
2025-06-18,10681.383437452316
2025-06-20,10639.49659095764
2025-06-23,10676.974517030716
2025-06-24,10729.885767068863
2025-06-25,10831.29829547882
2025-06-26,11167.5021306324
2025-06-27,11174.116562509536
2025-06-30,11089.239062547684
2025-07-01,11128.921448831557
2025-07-02,11351.588750038147
2025-07-03,11236.948409118651
2025-07-04,11063.885142011643
2025-07-07,10988.928238620758
2025-07-08,12445.07985795021
2025-07-09,12000.849062509536
2025-07-10,12231.231448831557
2025-07-11,12262.095994272231
2025-07-14,12158.479005651474
2025-07-15,12226.822528409957
2025-07-16,12117.693863639832
2025-07-17,12094.545454559326
2025-07-18,12297.370511379242
2025-07-21,12369.020198831558
2025-07-22,12559.720198869705
2025-07-23,12775.773068199158
2025-07-24,12736.089630670547
2025-07-25,12706.327840957641
2025-07-28,12334.848437452316
2025-07-29,12353.58792611122
2025-07-30,12279.733778448104
2025-07-31,9547.10718752861
2025-08-01,9727.885539751052
2025-08-04,9733.39721590042
2025-08-05,9620.961335191727
2025-08-06,9680.485965862274
2025-08-07,9652.928636360168
2025-08-08,9822.68468752861
2025-08-11,9752.136704559325
2025-08-12,9939.529488658905
2025-08-13,9881.10656247139
2025-08-14,9842.525880670548
2025-08-15,9872.288721628189
2025-08-18,9825.990852222441
2025-08-19,9720.169403390884
2025-08-20,9757.648380708693
2025-08-21,9769.773437490463
2025-08-22,9805.047954597472
2025-08-25,9846.934801092148
2025-08-26,9811.661335229874
2025-08-27,9732.29551141739
2025-08-28,9840.321420459746
2025-08-29,9961.575142011641
2025-09-02,10074.011022720337
2025-09-03,10049.759857912062
2025-09-04,9894.334374980926
2025-09-05,9882.209318199157
2025-09-08,9899.846051130295
2025-09-09,9922.994460210799
2025-09-10,10031.021420497893
2025-09-11,10120.307840881347
2025-09-12,10115.898920459747
2025-09-15,10263.608267030715
2025-09-16,10214.004232931136
2025-09-17,10077.318238658905
2025-09-18,10011.17917611122
2025-09-19,10072.908266992568
2025-09-22,10081.727159080505
2025-09-23,10107.08002837181
2025-09-24,10477.456676149368
2025-09-25,10361.713579502106
2025-09-26,10395.885340881347
2025-09-29,10672.565596609114
2025-09-30,10593.198721551895
2025-10-01,10649.41718752861
2025-10-02,10798.228238582611
2025-10-03,11150.96815342903
2025-10-06,10994.439914770126
2025-10-07,11128.921448831557
2025-10-08,11124.512528409958
2025-10-09,11189.548835229873
2025-10-10,10689.099573812484
2025-10-13,11244.66454547882
2025-10-14,10980.110397777556
2025-10-15,10961.370909118652
2025-10-16,10930.506363677978
2025-10-17,10872.083437490463
2025-10-20,11018.691079578399
2025-10-21,10868.776221551894
2025-10-22,10937.11974431038
2025-10-23,11203.878352222442
2025-10-24,11229.232272758483
2025-10-27,11332.84926137924
2025-10-28,11332.84926137924
2025-10-29,11537.878778409957
2025-10-30,11195.06051137924
2025-10-31,11167.5021306324
2025-11-03,11126.716988620758
2025-11-04,10859.958380708695
2025-11-05,10941.528664731979
2025-11-06,10902.947982931137
2025-11-07,10886.414005727767
2025-11-10,11214.901704521179
2025-11-11,11130.024204559326
2025-11-12,11220.413380670547
2025-11-13,11216.004460248947
2025-11-14,11132.228664770126
2025-11-17,11023.099999999999
2025-11-18,10940.426960248946
2025-11-19,11040.736732931136
2025-11-20,10933.812528371811
2025-11-21,11041.839488658905
2025-11-24,10939.32420452118
2025-11-25,11021.997244272232
2025-11-26,11253.48238632202
2025-11-28,11432.0573295784
2025-12-01,11505.911477241516
2025-12-02,11378.043323812484
2025-12-03,11702.123153429031
2025-12-04,11665.746931838989
2025-12-05,11865.264772720337
2025-12-08,11826.684090919494
2025-12-09,11553.311051130295
2025-12-10,11630.47241473198
2025-12-11,11964.472840919494
2025-12-12,11648.110198907852
2025-12-15,11769.363920459748
2025-12-16,11655.82633526802
2025-12-17,11824.479630708694
2025-12-18,11831.093011341094
2025-12-19,11992.0301704216
2025-12-22,11987.62125
2025-12-23,12072.498749961853
2025-12-24,12122.102784061432
2025-12-26,12712.941221590041
2025-12-29,12104.466051130294
2025-12-30,12626.96096590042
2025-12-31,12412.010852298736
2026-01-02,12434.056505651473
2026-01-05,13061.271164770125
2026-01-06,13250.868409080505
2026-01-07,12806.63761363983
2026-01-08,12668.84886363983
2026-01-09,12909.152897777556
2026-01-12,13194.650994348525
2026-01-13,13161.580937452316
2026-01-14,13247.561193141937
2026-01-15,13113.079659080504
2026-01-16,12761.442499961853
2026-01-20,12727.27073858261
2026-01-21,12631.369886322022
2026-01-22,12660.029971551894
2026-01-23,13031.508323812484
2026-01-26,13192.446534137725
2026-01-27,12849.627215862274
2026-01-28,12990.723181800842
2026-01-29,13614.630624980926
2026-01-30,13000.64377837181
2026-02-02,12790.102585191726
2026-02-03,13365.508749999999
2026-02-04,12844.116590957641
2026-02-05,12784.590909042357
2026-02-06,12926.789630708694
2026-02-09,13106.466278448104
2026-02-10,12998.43931816101
2026-02-11,13115.284119291306
2026-02-12,12722.86181816101
2026-02-13,12770.261392049788
2026-02-17,12418.624232931137
2026-02-18,12772.46585226059
2026-02-19,12632.472642049788
2026-02-20,12855.138892011642
2026-02-23,12727.27073858261
2026-02-24,13057.963948831557
2026-02-25,13182.52488632202
2026-02-26,13110.875198869704
2026-02-27,13237.640596570967
2026-03-02,12995.132102222442
2026-03-03,12728.37349431038
2026-03-04,12908.05014204979
2026-03-05,12683.1783806324
2026-03-06,12691.997272720337
2026-03-09,12787.898124980926
2026-03-10,13016.076051092146
2026-03-11,12887.106193180083
2026-03-12,12840.809375019073
2026-03-13,12598.300880670547
2026-03-16,12765.852471628188
2026-03-17,12624.75650568962
2026-03-18,12244.459261341095
2026-03-19,11977.70065342903
2026-03-20,11778.182812547682
2026-03-23,11992.0301704216
2026-03-24,11954.552244348526
2026-03-25,12189.343551092148
2026-03-26,12007.462443141936
2026-03-27,12052.657556819915
2026-03-30,12072.498749961853
2026-03-31,12318.314460248946
2026-04-01,12398.7830397892
2026-04-02,12264.301505727768
2026-04-06,12309.49556816101
2026-04-07,12223.515312471389
2026-04-08,12697.508948869705
2026-04-09,12672.156079578399
2026-04-10,12942.22190342903
2026-04-13,13174.808749961852
2026-04-14,13383.145482931137
2026-04-15,13386.452698869705
2026-04-16,13374.327642087936
2026-04-17,13455.89792611122
2026-04-20,13307.085823812484
2026-04-21,13231.027215938568
2026-04-22,13492.274147701262
2026-04-23,13394.168835229873
2026-04-24,13279.528494310378
2026-04-27,13267.40343752861
2026-04-28,13039.225511417388
2026-04-29,12959.858636360168
2026-04-30,13064.578380708694
2026-05-01,13077.80619321823
2026-05-04,12775.773068199158
2026-05-05,13102.056306781767
2026-05-06,13528.650369291305
2026-05-07,13508.809176149367
2026-05-08,13776.670539789198
2026-05-11,14139.329999961852
2026-05-12,14296.960994348525
2026-05-13,14628.755909080504
2026-05-14,14478.842102298735
2026-05-15,13782.182215938568
2026-05-18,13827.37627837181
2026-05-19,13591.48221590042
2026-05-20,13868.162471628188
2026-05-21,13794.307272720336
2026-05-22,13981.700056819915
2026-05-26,14023.587954559325
2026-05-27,13900.128721551895
2026-05-28,14100.74931816101
2026-05-29,14020.280738620757
2026-06-01,14382.941250038146
2026-06-02,14659.620454521179
2026-06-03,14288.142102260588
2026-06-04,14354.281164808273
2026-06-05,13808.637840957641
2026-06-08,13954.142727317809
2026-06-09,13894.617045402527
2026-06-10,13776.670539789198
2026-06-11,13798.716193141936
2026-06-12,14176.808977279663
2026-06-15,14291.449318199157
2026-06-16,14305.778835191726
2026-06-17,14289.244857988357
2026-06-18,14088.624261379242
