,stainless
2021-08-13,9239.551182436297
2021-08-16,9209.92014135953
2021-08-17,9340.853963862648
2021-08-18,9658.261280914961
2021-08-19,9606.955364493739
2021-08-20,9555.92545068089
2021-08-23,9892.887923973241
2021-08-24,10060.056312498258
2021-08-25,9954.832728136938
2021-08-26,10072.981784957808
2021-08-27,9968.954146717706
2021-08-30,9865.497924843776
2021-08-31,9916.645295543267
2021-09-01,9505.467253859792
2021-09-02,9149.256137421224
2021-09-03,9035.051411780087
2021-09-06,8834.081127096242
2021-09-07,8894.044616943447
2021-09-08,8716.32905238102
2021-09-09,8447.715998785894
2021-09-10,8723.730327427125
2021-09-13,8678.991595468766
2021-09-14,8690.500328117747
2021-09-15,8420.3725865083
2021-09-16,8318.549295308612
2021-09-17,8337.553256732728
2021-09-20,8127.302602565106
2021-09-21,8193.562275178065
2021-09-22,8084.448101845527
2021-09-23,8031.307130236481
2021-09-24,7924.167138193781
2021-09-27,8253.129205640234
2021-09-28,8249.323110553298
2021-09-29,8057.852850615126
2021-09-30,8203.975431523251
2021-10-01,7984.786811104568
2021-10-04,8020.328663954858
2021-10-05,7679.91935235993
2021-10-06,7457.062767598285
2021-10-07,7488.273754460713
2021-10-08,7609.947437390587
2021-10-11,7637.504317376962
2021-10-12,7616.808076572857
2021-10-13,7565.171304988507
2021-10-14,7321.336952896572
2021-10-15,7204.877243856439
2021-10-18,7130.90654089218
2021-10-19,7297.866424020117
2021-10-20,7352.161969218427
2021-10-21,7070.698998592737
2021-10-22,7120.237151722498
2021-10-25,7058.884780908366
2021-10-26,6953.176866698828
2021-10-27,7046.43039966489
2021-10-28,7207.260168099984
2021-10-29,7355.570966960147
2021-11-01,7219.540318992568
2021-11-02,7169.314910460252
2021-11-03,7220.686866702215
2021-11-04,7376.469525868656
2021-11-05,7297.754154452444
2021-11-08,7266.753020379786
2021-11-09,7090.483130300801
2021-11-10,6904.793725517742
2021-11-11,7028.45376276324
2021-11-12,7240.609042153115
2021-11-15,7227.939195076213
2021-11-16,7388.436112748742
2021-11-17,7446.362997196219
2021-11-18,7339.997344039875
2021-11-19,7397.505245960458
2021-11-22,7651.407691113147
2021-11-23,7644.1149364311805
2021-11-24,7911.121244469566
2021-11-25,7465.89921452836
2021-11-26,7601.179537633694
2021-11-29,7614.535257057079
2021-11-30,7563.263460095103
2021-12-01,7577.34001181918
2021-12-02,7251.2709007083895
2021-12-03,7215.054528104228
2021-12-06,7270.896881772712
2021-12-07,7510.4881364092635
2021-12-08,7423.9405462349205
2021-12-09,7291.583138661255
2021-12-10,7210.182728963203
2021-12-13,7355.978058476499
2021-12-14,7408.277188638936
2021-12-15,7321.052552977829
2021-12-16,7403.15974580595
2021-12-17,7417.807809427138
2021-12-20,7576.690495283867
2021-12-21,7459.094214944741
2021-12-22,7404.189777800839
2021-12-23,7339.25371338653
2021-12-24,7105.051439675413
2021-12-27,7150.420380121185
2021-12-28,7190.517805988301
2021-12-29,7190.1514630808915
2021-12-30,7151.888063708251
2021-12-31,6931.018032075819
2022-01-03,6865.9104779553845
2022-01-04,6813.11084419283
2022-01-05,6692.560789211037
2022-01-06,6667.712672056923
2022-01-07,6726.276132364103
2022-01-10,7010.748466795389
2022-01-11,7036.633467417754
2022-01-12,7075.546023618131
2022-01-13,7062.785697501464
2022-01-14,6769.118888878883
2022-01-17,6764.055678651238
2022-01-18,6771.9353898691415
2022-01-19,7148.714974531854
2022-01-20,7117.295200034559
2022-01-21,7163.599435475797
2022-01-24,7156.947448404546
2022-01-25,6973.74886076012
2022-01-26,7150.527434193873
2022-01-27,7268.871086050091
2022-01-28,7395.5459489323075
2022-01-31,7247.554640246022
2022-02-01,7473.991082218546
2022-02-02,7245.332994462506
2022-02-03,7338.488015144381
2022-02-04,7700.337395334014
2022-02-07,7532.757539094298
2022-02-08,7438.072926291136
2022-02-09,7453.213007678129
2022-02-10,7369.728967140226
2022-02-11,7120.858719695065
2022-02-14,7130.463974547351
2022-02-15,6964.257659776965
2022-02-16,7036.20569559825
2022-02-17,6893.8793813535
2022-02-18,7132.366756994089
2022-02-21,7009.107119032095
2022-02-22,6958.374101882951
2022-02-23,7083.14854949747
2022-02-24,6892.382535677923
2022-02-25,6925.900994530659
2022-02-28,7127.241330910956
2022-03-01,6877.93791256705
2022-03-02,6904.863293508825
2022-03-03,6943.404214199076
2022-03-04,7062.972936010228
2022-03-07,6871.828090512314
2022-03-08,6673.557967837207
2022-03-09,6749.694101332281
2022-03-10,6792.923385054915
2022-03-11,6829.425455877729
2022-03-14,6880.665135497323
2022-03-15,6777.162456741991
2022-03-16,6810.840403845776
2022-03-17,6853.870094687871
2022-03-18,6745.663211696223
2022-03-21,7027.792056989329
2022-03-22,7100.43411793197
2022-03-23,6915.231633623672
2022-03-24,7014.913745625726
2022-03-25,6864.649737321491
2022-03-28,6983.672400432473
2022-03-29,7163.193142932692
2022-03-30,7033.59402598938
2022-03-31,7183.412675249516
2022-04-01,7247.900542689028
2022-04-04,7379.2564316634525
2022-04-05,7693.144002038366
2022-04-06,7650.38178395198
2022-04-07,7523.064303587193
2022-04-08,7375.752286167075
2022-04-11,7243.085468965181
2022-04-12,7229.599655664756
2022-04-13,7282.991262617825
2022-04-14,7326.35729345275
2022-04-15,7459.9776607711465
2022-04-18,7460.89510267066
2022-04-19,7702.609115097057
2022-04-20,7656.540825603765
2022-04-21,8128.453586915618
2022-04-22,8240.010948813671
2022-04-25,8084.425511758004
2022-04-26,7894.487915365766
2022-04-27,7977.607943823615
2022-04-28,7937.1004689070405
2022-04-29,8061.717063830389
2022-05-02,8144.9392824665665
2022-05-03,8130.540230594483
2022-05-04,7978.844754074214
2022-05-05,7715.495435461831
2022-05-06,7638.6606568430425
2022-05-09,7782.988646699702
2022-05-10,7818.533790351622
2022-05-11,7605.467475150499
2022-05-12,7633.313192162047
2022-05-13,7697.177802500536
2022-05-16,7547.397691984084
2022-05-17,7571.78210724723
2022-05-18,7580.264912711096
2022-05-19,7390.418257363183
2022-05-20,7447.728677807622
2022-05-23,7539.150852163772
2022-05-24,7720.08134974903
2022-05-25,7900.257567140607
2022-05-26,7662.642647713373
2022-05-27,7504.5997186985605
2022-05-30,7589.061226482131
2022-05-31,7674.261928258185
2022-06-01,7760.635046747356
2022-06-02,8447.286125721721
2022-06-03,8552.883549968155
2022-06-06,8768.288750123429
2022-06-07,8953.206472950551
2022-06-08,9081.232033578457
2022-06-09,9016.850873165971
2022-06-10,9167.504885826052
2022-06-13,9011.146121878495
2022-06-14,8962.751071556284
2022-06-15,8865.898324751059
2022-06-16,8880.463333884882
2022-06-17,9343.897597785251
2022-06-20,8965.558909773072
2022-06-21,9100.754963990046
2022-06-22,8781.406952129546
2022-06-23,8689.086647033748
2022-06-24,8898.771587024403
2022-06-27,8909.933643287672
2022-06-28,8699.286968948212
2022-06-29,8561.765422586557
2022-06-30,8689.595942226992
2022-07-01,8549.387818769825
2022-07-04,8588.880942605814
2022-07-05,8596.107867109899
2022-07-06,8472.108367458944
2022-07-07,8880.743074224987
2022-07-08,9004.263102666062
2022-07-11,8609.655066458414
2022-07-12,8643.706608428958
2022-07-13,8517.107482941816
2022-07-14,8677.274518998362
2022-07-15,8525.574010610479
2022-07-18,8502.642200372198
2022-07-19,8596.431667586448
2022-07-20,8760.663220096656
2022-07-21,8530.46499907345
2022-07-22,8466.397757167135
2022-07-25,8376.832615883515
2022-07-26,8255.6814793569
2022-07-27,8581.961876285422
2022-07-28,8657.516137078972
2022-07-29,8418.774679220858
2022-08-01,8589.474479079045
2022-08-02,8999.445925414859
2022-08-03,9205.149359177532
2022-08-04,8900.437127281755
2022-08-05,8804.477005192071
2022-08-08,9052.395488165857
2022-08-09,8910.791603262192
2022-08-10,8996.941534108008
2022-08-11,9150.422701281886
2022-08-12,8963.847010445752
2022-08-15,8950.625225715723
2022-08-16,8331.94122605404
2022-08-17,8144.535033947432
2022-08-18,8097.981714354732
2022-08-19,7876.944980282138
2022-08-22,8164.273389554373
2022-08-23,7909.561843933331
2022-08-24,7831.911678132938
2022-08-25,7853.234588520821
2022-08-26,8105.467995176781
2022-08-29,7851.600684351101
2022-08-30,8054.243372379257
2022-08-31,8054.74216546754
2022-09-01,7881.018010836788
2022-09-02,7960.420444980447
2022-09-05,7994.125676034845
2022-09-06,7887.740768587944
2022-09-07,7898.596248152408
2022-09-08,7830.497117534643
2022-09-09,7848.8351209639295
2022-09-12,7962.954085204632
2022-09-13,8244.981734674453
2022-09-14,8021.695301130545
2022-09-15,8406.582741416585
2022-09-16,8051.125358179833
2022-09-19,8022.9135420061175
2022-09-20,8126.327708474798
2022-09-21,8175.490565680737
2022-09-22,8062.6944415812095
2022-09-23,8024.468560511006
2022-09-26,7936.41851174873
2022-09-27,7832.675439317422
2022-09-28,7979.473385769366
2022-09-29,8041.214899140086
2022-09-30,7918.004900366384
2022-10-03,8075.298949331517
2022-10-04,8128.866704655046
2022-10-05,8274.510387046383
2022-10-06,8388.804945941363
2022-10-07,8235.522085439481
2022-10-10,8133.100681467659
2022-10-11,8266.860595031229
2022-10-12,8377.491552260752
2022-10-13,8372.26121344132
2022-10-14,8392.57293316957
2022-10-17,8630.939061120689
2022-10-18,8517.702962272184
2022-10-19,8619.657684341868
2022-10-20,8579.912820411522
2022-10-21,8537.43526787042
2022-10-24,8745.355021847745
2022-10-25,8904.508612936412
2022-10-26,9064.178757785516
2022-10-27,9327.33799101387
2022-10-28,9330.13102066483
2022-10-31,9469.925279746469
2022-11-01,9403.825621579494
2022-11-02,9469.727136241889
2022-11-03,9441.048257097598
2022-11-04,9459.711518382455
2022-11-07,9583.090855686893
2022-11-08,9410.220778015111
2022-11-09,9852.897043761743
2022-11-10,9635.182462921006
2022-11-11,9379.131856323007
2022-11-14,9620.126942826368
2022-11-15,9787.913337508764
2022-11-16,9921.907088529899
2022-11-17,10058.672276178992
2022-11-18,10054.310711151336
2022-11-21,9855.751359353599
2022-11-22,9870.621519879607
2022-11-23,9722.756017806767
2022-11-24,9932.426393516398
2022-11-25,9898.654086435867
2022-11-28,9718.532251466233
2022-11-29,9648.331722348454
2022-11-30,9734.980290506122
2022-12-01,9613.159736114141
2022-12-02,9438.914832826664
2022-12-05,9488.211439233875
2022-12-06,9538.034544676302
2022-12-07,9430.477246633725
2022-12-08,9331.517003792776
2022-12-09,9377.846248062386
2022-12-12,9081.67980803695
2022-12-13,8802.746953010243
2022-12-14,8662.990011324831
2022-12-15,8620.905900836373
2022-12-16,8678.783326384297
2022-12-19,8964.26578389855
2022-12-20,9133.894207666202
2022-12-21,9100.25221283499
2022-12-22,9094.948689917257
2022-12-23,8894.666123094332
2022-12-26,8889.581013355728
2022-12-27,8831.738696146893
2022-12-28,8893.347168333354
2022-12-29,8731.184739327577
2022-12-30,8830.290325153412
2023-01-02,9132.303104411767
2023-01-03,9108.939493301028
2023-01-04,9188.47070301597
2023-01-05,9327.826858825214
2023-01-06,9244.162743792283
2023-01-09,9288.428535370855
2023-01-10,9289.486973690968
2023-01-11,9307.990202716861
2023-01-12,9149.19812335151
2023-01-13,9152.645349387234
2023-01-16,9252.178955275642
2023-01-17,9551.422585493023
2023-01-18,9753.989184589831
2023-01-19,10226.535572666557
2023-01-20,10053.328311259189
2023-01-23,10246.876492322952
2023-01-24,10286.697415737835
2023-01-25,10793.76306694786
2023-01-26,10601.372575296631
2023-01-27,10405.199822398965
2023-01-30,10266.915191659427
2023-01-31,9795.620699260067
2023-02-01,9681.142481317995
2023-02-02,9518.89648670625
2023-02-03,9548.949110582307
2023-02-06,9619.597541436156
2023-02-07,10024.222524610524
2023-02-08,10234.819690643157
2023-02-09,10103.80799014034
2023-02-10,9904.01776260635
2023-02-13,10010.380626374594
2023-02-14,9721.602980724583
2023-02-15,10120.536743712639
2023-02-16,10385.464873597295
2023-02-17,10276.905352854408
2023-02-20,9894.355296528694
2023-02-21,10192.486304857111
2023-02-22,10165.114949420547
2023-02-23,10444.644398766
2023-02-24,10082.203432660906
2023-02-27,9948.215274471953
2023-02-28,9947.736998018228
2023-03-01,9956.416544512498
2023-03-02,9856.493935730668
2023-03-03,9991.146796343533
2023-03-06,9757.116069727026
2023-03-07,9724.942812739633
2023-03-08,9749.174238643387
2023-03-09,9858.767961754615
2023-03-10,10013.029055186069
2023-03-13,9766.199882222014
2023-03-14,9439.846353879537
2023-03-15,9707.95972807435
2023-03-16,9777.748905880455
2023-03-17,9616.140770607948
2023-03-20,9949.069337304194
2023-03-21,9972.84309524616
2023-03-22,10233.872755394623
2023-03-23,10247.441133467488
2023-03-24,10722.01987919045
2023-03-27,11143.28970741978
2023-03-28,11080.47624484928
2023-03-29,11318.540102904622
2023-03-30,11478.866051530846
2023-03-31,11828.589132200339
2023-04-03,11577.703726180413
2023-04-04,11752.235506776533
2023-04-05,12027.74247407657
2023-04-06,11568.381028646594
2023-04-07,11268.638514065582
2023-04-10,10771.448549376488
2023-04-11,10705.904672567402
2023-04-12,10874.842096884313
2023-04-13,11239.25123416014
2023-04-14,11255.784473684223
2023-04-17,11665.386976705795
2023-04-18,11313.92209971768
2023-04-19,10895.112219512825
2023-04-20,10879.99591879664
2023-04-21,10970.721287638175
2023-04-24,10961.02151538351
2023-04-25,10470.88948578257
2023-04-26,10448.62482734158
2023-04-27,10150.732138030742
2023-04-28,10300.032350985246
2023-05-01,10381.9225485668
2023-05-02,10167.333523419748
2023-05-03,10051.145360195322
2023-05-04,9817.528796914967
2023-05-05,9802.366204921967
2023-05-08,10009.34367516154
2023-05-09,9792.552201324408
2023-05-10,9900.364829142667
2023-05-11,9783.691196922748
2023-05-12,9612.573129633925
2023-05-15,9588.346496372225
2023-05-16,9370.437776371837
2023-05-17,9255.234709088863
2023-05-18,9012.521520288108
2023-05-19,9409.965783707785
2023-05-22,9415.743372622399
2023-05-23,9270.07923847786
2023-05-24,9312.392597485114
2023-05-25,9287.837599859959
2023-05-26,9241.185211717
2023-05-29,9365.638936314215
2023-05-30,9521.81368906829
2023-05-31,9409.550676188119
2023-06-01,9289.325205144374
2023-06-02,9231.65097562466
2023-06-05,8773.375477804875
2023-06-06,8483.737606428707
2023-06-07,8741.870323302472
2023-06-08,9063.2574840745
2023-06-09,9012.15464295015
2023-06-12,9125.953414499509
2023-06-13,9187.29092838169
2023-06-14,9830.997055167589
2023-06-15,10075.038961224733
2023-06-16,10045.019772662996
2023-06-19,9833.998237370735
2023-06-20,9490.232265881636
2023-06-21,9531.340302853172
2023-06-22,9372.179668327024
2023-06-23,9081.362659039116
2023-06-26,8951.355482015204
2023-06-27,8738.996697803474
2023-06-28,9068.706807983937
2023-06-29,9245.19829920822
2023-06-30,9242.06035796902
2023-07-03,9547.037090009966
2023-07-04,9561.771128278038
2023-07-05,9380.375105883484
2023-07-06,9699.145521655983
2023-07-07,9813.470181528215
2023-07-10,9590.021507962745
2023-07-11,9548.297513599615
2023-07-12,9364.197206224911
2023-07-13,9081.524278711046
2023-07-14,9267.360984979849
2023-07-17,9664.251304204174
2023-07-18,9369.26300059937
2023-07-19,9484.729198029414
2023-07-20,9348.108671354063
2023-07-21,9246.732501466944
2023-07-24,9125.251832872731
2023-07-25,8951.60280673421
2023-07-26,8959.717627190443
2023-07-27,8795.623719563711
2023-07-28,8846.780568159416
2023-07-31,8835.54047804464
2023-08-01,8787.675942479338
2023-08-02,8612.173197292896
2023-08-03,8501.957128870808
2023-08-04,8643.326393951522
2023-08-07,8737.883548573505
2023-08-08,8550.170683210845
2023-08-09,8567.514152946826
2023-08-10,8709.204589027857
2023-08-11,8393.099229146093
2023-08-14,8492.862658945585
2023-08-15,8368.318367635135
2023-08-16,8472.874116567322
2023-08-17,8330.119543230208
2023-08-18,8003.830236465534
2023-08-21,7720.44942765578
2023-08-22,7727.373782222849
2023-08-23,7770.478253261738
2023-08-24,7615.835635589912
2023-08-25,7722.558071874106
2023-08-28,7443.557559122587
2023-08-29,7431.504201843038
2023-08-30,7234.521348027644
2023-08-31,7130.125773209329
2023-09-01,7136.412693886208
2023-09-04,7001.1624826371335
2023-09-05,6940.9167403415995
2023-09-06,7095.472052090142
2023-09-07,7004.647664576211
2023-09-08,7133.738776124542
2023-09-11,6957.109484348693
2023-09-12,7037.700461268141
2023-09-13,7263.787506262829
2023-09-14,6877.416401836757
2023-09-15,6756.530232476977
2023-09-18,6841.924372415942
2023-09-19,6810.248518152814
2023-09-20,6865.081558486522
2023-09-21,6773.159080064198
2023-09-22,6784.991511591516
2023-09-25,6760.636154626146
2023-09-26,6935.828237119941
2023-09-27,6973.702138489207
2023-09-28,7024.65417065076
2023-09-29,6960.012439496991
2023-10-02,6884.461147629691
2023-10-03,6817.999922509121
2023-10-04,6876.4279523644955
2023-10-05,6811.782261445179
2023-10-06,6854.319537193961
2023-10-09,7174.073604574764
2023-10-10,7311.997138973873
2023-10-11,7258.437673324238
2023-10-12,7452.0204448127615
2023-10-13,7384.0649227463555
2023-10-16,7058.440797239701
2023-10-17,6902.159077217371
2023-10-18,6622.172558209779
2023-10-19,6569.972605070509
2023-10-20,6571.565337216283
2023-10-23,6817.892028854574
2023-10-24,6866.089416177491
2023-10-25,6831.882889807354
2023-10-26,6956.825741149073
2023-10-27,6624.723644564705
2023-10-30,6658.137422951572
2023-10-31,6771.157645702035
2023-11-01,6552.90600246031
2023-11-02,6719.154523112417
2023-11-03,6768.380122597387
2023-11-06,6705.592348194968
2023-11-07,6798.688292212111
2023-11-08,7146.552528686732
2023-11-09,7174.0916917973345
2023-11-10,7212.280652151941
2023-11-13,7138.435058624733
2023-11-14,7004.778613808342
2023-11-15,7133.029712240542
2023-11-16,6998.511643330073
2023-11-17,7008.4159173267335
2023-11-20,6933.859978072246
2023-11-21,7006.326142460623
2023-11-22,7056.90339748004
2023-11-23,7219.013131109535
2023-11-24,7137.123064513497
2023-11-27,7093.6207163173685
2023-11-28,6941.046026853602
2023-11-29,6872.260224926582
2023-11-30,6928.532670072654
2023-12-01,7043.987348706412
2023-12-04,6901.0865472528585
2023-12-05,7033.5263017578045
2023-12-06,7245.738497372505
2023-12-07,7310.891297975307
2023-12-08,7618.5111435406
2023-12-11,7488.412485864576
2023-12-12,7284.5165616746435
2023-12-13,7003.221734282625
2023-12-14,7236.887980955823
2023-12-15,7340.852595022141
2023-12-18,7330.661636146103
2023-12-19,7374.844472212678
2023-12-20,7192.914339849318
2023-12-21,7590.189013576958
2023-12-22,7610.598861964262
2023-12-25,7627.728548379924
2023-12-26,7749.497948204138
2023-12-27,7830.838768085064
2023-12-28,7868.300676484337
2023-12-29,7731.091848960258
2024-01-01,7810.596290844634
2024-01-02,8140.180546644741
2024-01-03,8383.893235887777
2024-01-04,8682.201852421049
2024-01-05,8583.486899136919
2024-01-08,8396.859807743502
2024-01-09,8372.234147842946
2024-01-10,8381.154726427447
2024-01-11,8584.400539506683
2024-01-12,8268.620086115763
2024-01-15,8550.821511453643
2024-01-16,8519.689737236744
2024-01-17,8438.49850866059
2024-01-18,8250.929795708947
2024-01-19,7954.0087427858925
2024-01-22,8098.359909828299
2024-01-23,8110.13390966776
2024-01-24,7881.432878192957
2024-01-25,7658.316880425262
2024-01-26,7600.584741411238
2024-01-29,7884.193711981455
2024-01-30,7837.914704864392
2024-01-31,7581.173022524282
2024-02-01,7538.97419407942
2024-02-02,7492.551878478029
2024-02-05,7058.8700726888865
2024-02-06,7049.2710377202575
2024-02-07,7012.3220491843895
2024-02-08,7119.625397583853
2024-02-09,7414.644795730901
2024-02-12,7599.875037253104
2024-02-13,7553.7163642902515
2024-02-14,7370.4545664490415
2024-02-15,7799.447847267424
2024-02-16,7808.359539633336
2024-02-19,7809.479506921081
2024-02-20,7804.049132418821
2024-02-21,7836.923812630755
2024-02-22,7810.741081460952
2024-02-23,7711.31013050579
2024-02-26,7617.645271540028
2024-02-27,7610.900303918011
2024-02-28,7519.02435690076
2024-02-29,7400.561880270696
2024-03-01,7416.734029792157
2024-03-04,7373.949068370819
2024-03-05,7621.320364760202
2024-03-06,7187.45790954095
2024-03-07,7361.320435185588
2024-03-08,7565.127713296383
2024-03-11,7225.898463197128
2024-03-12,7170.334737012832
2024-03-13,7110.689018605572
2024-03-14,6892.285489307138
2024-03-15,6773.986792182058
2024-03-18,6609.051958982386
2024-03-19,6868.257669233263
2024-03-20,7010.272257081472
2024-03-21,7208.407137786035
2024-03-22,7322.821362893096
2024-03-25,7141.61358864748
2024-03-26,7058.344036802498
2024-03-27,7133.745932660877
2024-03-28,6942.954447320823
2024-03-29,7051.806633631478
2024-04-01,7013.392087288446
2024-04-02,6954.533604678956
2024-04-03,7063.249873069472
2024-04-04,7131.60748264168
2024-04-05,7073.917413333446
2024-04-08,7255.8754323031435
2024-04-09,7083.815313711579
2024-04-10,7179.495111558982
2024-04-11,7272.804822974265
2024-04-12,7222.155665862631
2024-04-15,7273.083513663747
2024-04-16,7074.043158629673
2024-04-17,7218.458183606705
2024-04-18,7187.9138437809415
2024-04-19,7104.3859513234165
2024-04-22,7269.424459652055
2024-04-23,7156.235773435694
2024-04-24,6936.288058948914
2024-04-25,6701.173309086315
2024-04-26,6790.198700747243
2024-04-29,6600.105942176622
2024-04-30,6859.342456598496
2024-05-01,6550.528058544079
2024-05-02,6799.066495724825
2024-05-03,6829.654796595141
2024-05-06,6813.99180055867
2024-05-07,6731.514051565646
2024-05-08,6789.902095501604
2024-05-09,6783.15996475014
2024-05-10,6949.049547036215
2024-05-13,6965.432397984549
2024-05-14,6987.40916483356
2024-05-15,6930.4812312382
2024-05-16,6920.652306023694
2024-05-17,6966.637820530455
2024-05-20,6707.7486316095265
2024-05-21,6510.231298343427
2024-05-22,6616.71304486137
2024-05-23,6640.599636223698
2024-05-24,6612.63441452947
2024-05-27,6614.239757232518
2024-05-28,6664.03148609895
2024-05-29,6584.1178115850025
2024-05-30,6471.038852334801
2024-05-31,6497.977350658375
2024-06-03,6358.2689906103205
2024-06-04,6414.708814828175
2024-06-05,6177.362962067901
2024-06-06,6318.100023291493
2024-06-07,6383.232550056596
2024-06-10,6418.316609101859
2024-06-11,6557.821648823162
2024-06-12,6801.988878594708
2024-06-13,6954.689072946507
2024-06-14,6676.974505407322
2024-06-17,6490.173448180542
2024-06-18,6400.33037786661
2024-06-19,6402.965059871563
2024-06-20,6475.402655366852
2024-06-21,6371.5703010969
2024-06-24,6396.8141918907395
2024-06-25,6290.130169929615
2024-06-26,6204.87562739582
2024-06-27,6014.406785501955
2024-06-28,5892.254264133954
2024-07-01,5718.308912491872
2024-07-02,5595.67201076468
2024-07-03,5726.247165842931
2024-07-04,5606.711727445633
2024-07-05,5940.773130344537
2024-07-08,6004.758440997025
2024-07-09,6028.292429243809
2024-07-10,5914.311494527714
2024-07-11,6005.356264697561
2024-07-12,5928.649638872383
2024-07-15,5943.6465556633775
2024-07-16,6287.752611068006
2024-07-17,6273.42275187112
2024-07-18,6433.363547568803
2024-07-19,6333.355752516398
2024-07-22,6327.436109939682
2024-07-23,6578.28392664165
2024-07-24,6486.913859053274
2024-07-25,6750.279687603268
2024-07-26,6855.3180736360355
2024-07-29,6769.720459122156
2024-07-30,6863.650098191438
2024-07-31,7011.267544159644
2024-08-01,7106.8878582979405
2024-08-02,6863.932603275438
2024-08-05,6753.662734095815
2024-08-06,6715.8071349856145
2024-08-07,6703.697422104823
2024-08-08,6794.952595615502
2024-08-09,6820.510480323487
2024-08-12,6621.547164774484
2024-08-13,6676.193151142064
2024-08-14,6765.56920228845
2024-08-15,6848.4676475286105
2024-08-16,7012.471529403677
2024-08-19,7141.428137923597
2024-08-20,7212.914171640282
2024-08-21,7200.585594814821
2024-08-22,6940.528459044197
2024-08-23,7005.43600181621
2024-08-26,7036.436140711736
2024-08-27,7077.536336245035
2024-08-28,6879.957822062448
2024-08-29,6716.812922906678
2024-08-30,6873.47583321769
2024-09-02,6866.359975332136
2024-09-03,6969.169818762023
2024-09-04,6972.381053007013
2024-09-05,6975.814894667884
2024-09-06,7120.462453143995
2024-09-09,7038.754714091438
2024-09-10,7052.53298377714
2024-09-11,6979.8745107167815
2024-09-12,6912.196821075113
2024-09-13,6864.115653292881
2024-09-16,6896.686715629269
2024-09-17,6823.155203737407
2024-09-18,7013.5580102385575
2024-09-19,6875.450762581313
2024-09-20,6846.060544963577
2024-09-23,6778.897885005002
2024-09-24,6997.505357589071
2024-09-25,7026.745422337075
2024-09-26,7187.259798825257
2024-09-27,6954.526678843902
2024-09-30,6994.45003686476
2024-10-01,7131.829601397362
2024-10-02,7143.610412456262
2024-10-03,7312.215108228956
2024-10-04,7228.108787584217
2024-10-07,7455.0147243320325
2024-10-08,7841.33556243036
2024-10-09,7777.5831701577345
2024-10-10,7700.301974900605
2024-10-11,7949.745939413728
2024-10-14,8230.136273301227
2024-10-15,8134.472555918007
2024-10-16,8058.141631949144
2024-10-17,8006.922708472203
2024-10-18,7771.789665629882
2024-10-21,7614.7138308801195
2024-10-22,7446.763381719122
2024-10-23,7320.564606167625
2024-10-24,7313.771198983859
2024-10-25,7350.433533352034
2024-10-28,7604.809892773047
2024-10-29,7438.026807754448
2024-10-30,7599.969074588031
2024-10-31,7562.958708082057
2024-11-01,7553.4787170236095
2024-11-04,7665.447517744625
2024-11-05,7476.8046200185945
2024-11-06,7538.876478766937
2024-11-07,7565.3559515619945
2024-11-08,7646.692778978674
2024-11-11,7694.340947204897
2024-11-12,8121.0195445208055
2024-11-13,8006.319525193042
2024-11-14,7911.837831596717
2024-11-15,7802.603420895239
2024-11-18,7706.365226304014
2024-11-19,7597.58082735389
2024-11-20,7798.1111517462
2024-11-21,8044.88936769941
2024-11-22,7942.988304577732
2024-11-25,7797.273796623715
2024-11-26,7877.449665108004
2024-11-27,7780.846529995469
2024-11-28,7888.896663086506
2024-11-29,7922.973891995195
2024-12-02,7661.3171432658655
2024-12-03,7925.9288024226935
2024-12-04,8244.70521645081
2024-12-05,8132.7310626195585
2024-12-06,8062.188815212766
2024-12-09,8111.835222009739
2024-12-10,8170.536079997456
2024-12-11,8288.67701496891
2024-12-12,8662.882522564532
2024-12-13,8627.73929448889
2024-12-16,8475.825236239003
2024-12-17,8220.600012221159
2024-12-18,8087.858750797264
2024-12-19,8080.630857790154
2024-12-20,8405.38470937302
2024-12-23,8308.645426823166
2024-12-24,8348.375428414935
2024-12-25,8343.98716246734
2024-12-26,8564.100428930711
2024-12-27,9053.297266627467
2024-12-30,8946.485588257005
2024-12-31,8849.013355957099
2025-01-01,9053.612601431776
2025-01-02,9189.251301749624
2025-01-03,9569.556323188426
2025-01-06,9691.96856012822
2025-01-07,9613.921676019158
2025-01-08,9738.345600680952
2025-01-09,9977.695709417469
2025-01-10,10158.171079333093
2025-01-13,10270.739885257795
2025-01-14,10513.428455020296
2025-01-15,10786.228640446334
2025-01-16,11118.16486925114
2025-01-17,11276.481386794812
2025-01-20,11233.169520098145
2025-01-21,11267.720084364484
2025-01-22,11569.581158696763
2025-01-23,11361.19851627888
2025-01-24,11452.049422685917
2025-01-27,11351.304902871525
2025-01-28,11356.642102549053
2025-01-29,11679.396466241085
2025-01-30,11726.789808468771
2025-01-31,11736.880818996826
2025-02-03,11388.344163584556
2025-02-04,11575.375553496704
2025-02-05,11739.36756308991
2025-02-06,12310.832128905582
2025-02-07,12225.573826053549
2025-02-10,12282.777686084666
2025-02-11,12348.477745469118
2025-02-12,12783.415684748403
2025-02-13,12754.497082164979
2025-02-14,12831.102131965255
2025-02-17,13002.104713780129
2025-02-18,13053.573130255487
2025-02-19,12923.602269107845
2025-02-20,12976.900139386758
2025-02-21,13285.570601926145
2025-02-24,12986.135698883261
2025-02-25,13022.131316039782
2025-02-26,12820.563629970286
2025-02-27,13160.698822355764
2025-02-28,12723.977701729591
2025-03-03,12566.084299953207
2025-03-04,12668.954994033491
2025-03-05,13111.731740246347
2025-03-06,13090.595016021289
2025-03-07,12929.213264912489
2025-03-10,13474.530442208665
2025-03-11,13049.004841354521
2025-03-12,12429.455117707594
2025-03-13,12548.570877044598
2025-03-14,12408.402189729859
2025-03-17,12130.149908966476
2025-03-18,12319.066481053616
2025-03-19,12383.436240561618
2025-03-20,12228.378258109748
2025-03-21,11886.075490830834
2025-03-24,12114.94450640249
2025-03-25,12287.858631049208
2025-03-26,12259.012232672794
2025-03-27,12766.342138908145
2025-03-28,12466.628388978414
2025-03-31,12052.317756277384
2025-04-01,11867.910449513889
2025-04-02,11854.047722272815
2025-04-03,11915.866475133049
2025-04-04,11850.717137292644
2025-04-07,11941.106616032992
2025-04-08,11614.208787337806
2025-04-09,11987.897161625917
2025-04-10,11964.244983329858
2025-04-11,12260.625936489765
2025-04-14,12351.60084225299
2025-04-15,12474.573453581972
2025-04-16,12630.202206096872
2025-04-17,12753.405087763009
2025-04-18,12933.299164672611
2025-04-21,13315.738537650584
2025-04-22,13371.370324723734
2025-04-23,13579.811636724146
2025-04-24,13550.7524185622
2025-04-25,13985.624553133237
2025-04-28,13776.348506656406
2025-04-29,14332.025221639371
2025-04-30,14316.997520463068
2025-05-01,13870.137570758727
2025-05-02,13907.091630089619
2025-05-05,13697.583509970978
2025-05-06,13951.544078396642
2025-05-07,13749.981684133725
2025-05-08,13613.151962955095
2025-05-09,13055.535679813092
2025-05-12,12923.871774327428
2025-05-13,12249.326060832687
2025-05-14,11827.00474883274
2025-05-15,12024.994175143293
2025-05-16,12233.142980812961
2025-05-19,12346.414205219698
2025-05-20,12083.998781590975
2025-05-21,12069.318071324911
2025-05-22,12066.384147479195
2025-05-23,11760.191018735495
2025-05-26,12154.546676590315
2025-05-27,12389.924991033657
2025-05-28,12327.692432949536
2025-05-29,12332.983215049917
2025-05-30,12387.748428019006
2025-06-02,11840.528214494794
2025-06-03,11774.248328723233
2025-06-04,11596.632704396065
2025-06-05,11341.487198338904
2025-06-06,11269.568801224405
2025-06-09,11723.292074802377
2025-06-10,11888.163068953183
2025-06-11,11737.46897744803
2025-06-12,11884.639579974611
2025-06-13,12255.023953830238
2025-06-16,12505.374821477157
2025-06-17,12519.777240372681
2025-06-18,12340.447321090081
2025-06-19,12529.8394313463
2025-06-20,12636.946698795395
2025-06-23,12886.732138922604
2025-06-24,13066.331367323342
2025-06-25,13370.029117439077
2025-06-26,13211.016320466184
2025-06-27,13598.142054342821
2025-06-30,13655.278375482183
2025-07-01,14292.253140370553
2025-07-02,14074.417650820164
2025-07-03,14621.15587199987
2025-07-04,14682.691401459373
2025-07-07,14470.950656117177
2025-07-08,14315.041915033498
2025-07-09,14211.964522703112
2025-07-10,14343.149930301159
2025-07-11,14507.07149663546
2025-07-14,14322.384074792295
2025-07-15,14312.352485655505
2025-07-16,15002.1257219107
2025-07-17,15582.008729001378
2025-07-18,15730.056427317562
2025-07-21,15740.665324583822
2025-07-22,15779.794038746692
2025-07-23,15992.076369236333
2025-07-24,15632.92435461265
2025-07-25,15541.920413225746
2025-07-28,14978.089072531811
2025-07-29,15108.035532159025
2025-07-30,15322.654131137699
2025-07-31,15157.802939164418
2025-08-01,15690.491635359369
2025-08-04,15269.625863268333
2025-08-05,14782.0779211772
2025-08-06,14852.97976464718
2025-08-07,15197.38175042463
2025-08-08,15769.640197582887
2025-08-11,15608.340949418443
2025-08-12,15981.382229232024
2025-08-13,15965.205717631674
2025-08-14,15901.953239566825
2025-08-15,16212.152685540666
2025-08-18,16444.314656597697
2025-08-19,15879.99170211885
2025-08-20,16402.781063951366
2025-08-21,16906.790759242336
2025-08-22,16672.477561275813
2025-08-25,16815.85626932166
2025-08-26,16997.238983662857
2025-08-27,17092.410660679263
2025-08-28,16883.516067528897
2025-08-29,16632.625722558634
2025-09-01,16620.536456454538
2025-09-02,17053.093439890206
2025-09-03,17255.884005241758
2025-09-04,17112.654492677848
2025-09-05,17403.4573620885
2025-09-08,16341.38314316416
2025-09-09,16757.818844465957
2025-09-10,16124.56962072548
2025-09-11,15993.612280065778
2025-09-12,15601.067147225896
2025-09-15,15159.548309484273
2025-09-16,15550.001255432859
2025-09-17,15387.956940941951
2025-09-18,15503.4284328344
2025-09-19,15484.863473298206
2025-09-22,15646.02776475526
2025-09-23,15669.985653621945
2025-09-24,15230.44112494827
2025-09-25,15566.140256267412
2025-09-26,15395.081250016574
2025-09-29,14873.259907522583
2025-09-30,14731.119383496722
2025-10-01,15224.213803747136
2025-10-02,15509.753912529688
2025-10-03,15388.467468495097
2025-10-06,15267.92563376049
2025-10-07,15157.556513103373
2025-10-08,15865.127888381414
2025-10-09,15996.671682566015
2025-10-10,16146.422649862361
2025-10-13,16514.692544077006
2025-10-14,16599.151133408446
2025-10-15,16501.91648161891
2025-10-16,16427.943007044276
2025-10-17,16399.34470421729
2025-10-20,16383.209728025637
2025-10-21,16645.43569372425
2025-10-22,16661.783019456427
2025-10-23,16930.337989515283
2025-10-24,16897.468809003403
2025-10-27,16924.019559836026
2025-10-28,16191.946906747373
2025-10-29,16519.69738565682
2025-10-30,16643.65582389352
2025-10-31,17011.15790963262
2025-11-03,15956.230134943355
2025-11-04,16705.366261609768
2025-11-05,16651.305942681156
2025-11-06,17060.367652234498
2025-11-07,16670.932455022434
2025-11-10,16894.925921656566
2025-11-11,16504.350535792684
2025-11-12,16276.258489226417
2025-11-13,16975.04366672227
2025-11-14,16901.06104377946
2025-11-17,16979.498698343734
2025-11-18,17305.53092804827
2025-11-19,17492.832491725585
2025-11-20,17548.0697794017
2025-11-21,17686.946879138774
2025-11-24,18646.408342740073
2025-11-25,18619.687335487055
2025-11-26,18699.36575776496
2025-11-27,19134.455603256254
2025-11-28,19603.370846326125
2025-12-01,20119.900525430832
2025-12-02,20401.907234458646
2025-12-03,19890.92919239832
2025-12-04,20616.95711301633
2025-12-05,20099.112649779272
2025-12-08,20230.360309258696
2025-12-09,19893.45039862873
2025-12-10,19862.08710063675
2025-12-11,20003.306464269943
2025-12-12,20142.241020985617
2025-12-15,20327.160369084635
2025-12-16,21059.952257879657
2025-12-17,21268.115806022735
2025-12-18,21150.471585234453
2025-12-19,21601.3245813531
2025-12-22,22171.69121713717
2025-12-23,21576.104001404103
2025-12-24,21858.59371100234
2025-12-25,22195.506632376673
2025-12-26,22046.756981173825
2025-12-29,22721.992978369886
2025-12-30,22643.23663281307
2025-12-31,22702.299388559375
2026-01-01,22612.13362981438
2026-01-02,22616.19954924136
2026-01-05,22072.49270970581
2026-01-06,21379.19667962336
2026-01-07,22140.53680991395
2026-01-08,21727.369654004462
2026-01-09,21254.123061509017
2026-01-12,20265.287017552335
2026-01-13,19978.525073922217
2026-01-14,19400.966257805587
2026-01-15,20112.91634298733
2026-01-16,20562.373908618643
2026-01-19,20249.435506543334
2026-01-20,21276.95938051099
2026-01-21,21738.980205095857
2026-01-22,21580.312108922495
2026-01-23,20419.92246880351
2026-01-26,21474.321261454803
2026-01-27,20822.97569440826
2026-01-28,20077.818628189532
2026-01-29,20532.264423819182
2026-01-30,21663.424187774857
2026-02-02,22331.13679784559
2026-02-03,22606.81276255481
2026-02-04,22901.46129896084
2026-02-05,23332.63617395557
2026-02-06,23722.457819751617
2026-02-09,23866.07953420978
2026-02-10,23917.05762176674
2026-02-11,23880.164405779502
2026-02-12,23482.632985054384
2026-02-13,23333.944170594128
2026-02-16,22475.352223955768
2026-02-17,22423.003560939527
2026-02-18,21935.960036020886
2026-02-19,21405.15440645079
2026-02-20,21486.704658644474
2026-02-23,22152.745320023852
2026-02-24,22602.142859690535
2026-02-25,21829.335809512282
2026-02-26,21354.698901909294
2026-02-27,21798.696383792
2026-03-02,21328.083270494186
2026-03-03,21219.239247379923
2026-03-04,21474.62703213485
2026-03-05,21017.562994869288
2026-03-06,21063.00201427321
2026-03-09,20449.1609915642
2026-03-10,20176.513977454044
2026-03-11,20315.945941380967
2026-03-12,19611.57966618872
2026-03-13,19799.72513891537
2026-03-16,19787.914894383743
2026-03-17,20027.152153649928
2026-03-18,20122.973300312296
2026-03-19,20734.00055375306
2026-03-20,20787.921936075538
2026-03-23,20588.670507607545
2026-03-24,20640.88185348355
2026-03-25,20886.19825569357
2026-03-26,20905.288037285063
2026-03-27,20920.581084107558
2026-03-30,20595.904861832874
2026-03-31,20293.7504899414
2026-04-01,19672.559600589146
2026-04-02,20442.899345742757
2026-04-03,19886.6232042774
2026-04-06,19581.91606927585
2026-04-07,19271.03919227623
2026-04-08,19651.839483871536
2026-04-09,19521.26192550074
2026-04-10,20062.465135894938
2026-04-13,19763.521699930654
2026-04-14,19882.211802914717
2026-04-15,19516.18440672039
2026-04-16,20458.050920914004
2026-04-17,19926.065895949243
2026-04-20,20059.361103715055
2026-04-21,20338.297988364284
2026-04-22,20521.342274006147
2026-04-23,20434.334131211945
2026-04-24,20372.593951820665
2026-04-27,20388.944661283687
2026-04-28,20319.642836694256
2026-04-29,20752.69031733844
2026-04-30,21785.609839404297
2026-05-01,21515.94791687396
2026-05-04,20872.435572264087
2026-05-05,20828.438524959725
2026-05-06,22043.83219852326
2026-05-07,21653.125192372932
2026-05-08,22446.28749670178
2026-05-11,23288.30651946376
2026-05-12,23002.02382690121
2026-05-13,23288.586989438405
2026-05-14,24135.95149373789
2026-05-15,23931.12279252647
2026-05-18,23820.04862260234
2026-05-19,23512.661329229715
2026-05-20,22988.683718891494
2026-05-21,22658.230600724502
2026-05-22,22051.356758492922
2026-05-25,22064.32190089384
2026-05-26,21689.36191127822
2026-05-27,21797.87984432342
2026-05-28,21059.352172508563
2026-05-29,21210.07443751632
2026-06-01,21599.93215761337
2026-06-02,20667.630745656897
2026-06-03,20835.37422265275
2026-06-04,21403.534940899826
2026-06-05,20836.834802495196
2026-06-08,21616.034751107785
2026-06-09,21813.088928277284
2026-06-10,21473.131551876253
2026-06-11,21443.234233940922
