Date,steel
2021-06-21,1830.93691
2021-06-22,1827.62998
2021-06-23,1827.62998
2021-06-24,1834.2438399999999
2021-06-25,1834.2438399999999
2021-06-28,1834.2438399999999
2021-06-29,1832.03922
2021-06-30,1995.1810999999998
2021-07-01,1992.9764799999998
2021-07-02,1972.0325899999998
2021-07-06,1984.158
2021-07-07,1967.6233499999998
2021-07-08,1962.1118
2021-07-09,1973.1348999999998
2021-07-12,1973.1348999999998
2021-07-13,1975.3395199999998
2021-07-14,1962.1118
2021-07-15,1962.1118
2021-07-16,1962.1118
2021-07-19,1956.6002499999997
2021-07-20,1962.1118
2021-07-21,1962.1118
2021-07-22,1962.1118
2021-07-23,1962.1118
2021-07-26,1963.21411
2021-07-27,1968.7256599999998
2021-07-28,2072.3428
2021-07-29,2081.16128
2021-07-30,2081.16128
2021-08-02,2049.19429
2021-08-03,2028.2504
2021-08-04,2061.3197
2021-08-05,2061.3197
2021-08-06,2077.8543499999996
2021-08-09,2077.8543499999996
2021-08-10,2075.6497299999996
2021-08-11,2073.4451099999997
2021-08-12,2072.3428
2021-08-13,2072.3428
2021-08-16,2088.87745
2021-08-17,2077.8543499999996
2021-08-18,2080.0589699999996
2021-08-19,2072.3428
2021-08-20,2072.3428
2021-08-23,2076.75204
2021-08-24,2073.4451099999997
2021-08-25,2132.96985
2021-08-26,2134.0721599999997
2021-08-27,2139.58371
2021-08-30,2137.37909
2021-08-31,2143.99295
2021-09-01,2137.37909
2021-09-02,2141.78833
2021-09-03,2139.58371
2021-09-07,2119.7421299999996
2021-09-08,2119.7421299999996
2021-09-09,2124.1513699999996
2021-09-10,2124.1513699999996
2021-09-13,2121.9467499999996
2021-09-14,2127.4583
2021-09-15,2119.7421299999996
2021-09-16,2119.7421299999996
2021-09-17,2134.0721599999997
2021-09-20,2132.96985
2021-09-21,2132.96985
2021-09-22,2132.96985
2021-09-23,2127.4583
2021-09-24,2130.76523
2021-09-27,2132.96985
2021-09-28,2126.35599
2021-09-29,2094.3889999999997
2021-09-30,2094.3889999999997
2021-10-01,2112.02596
2021-10-04,2113.1282699999997
2021-10-05,2105.4121
2021-10-06,2082.26359
2021-10-07,2073.4451099999997
2021-10-08,2074.54742
2021-10-11,2092.1843799999997
2021-10-12,2093.28669
2021-10-13,2088.87745
2021-10-14,2091.08207
2021-10-15,2092.1843799999997
2021-10-18,2086.67283
2021-10-19,2088.87745
2021-10-20,2094.3889999999997
2021-10-21,2096.5936199999996
2021-10-22,2098.7982399999996
2021-10-25,2097.69593
2021-10-26,2106.5144099999998
2021-10-27,1957.7025599999997
2021-10-28,1981.95338
2021-10-29,1987.4649299999999
2021-11-01,1981.95338
2021-11-02,1962.1118
2021-11-03,1967.6233499999998
2021-11-04,1973.1348999999998
2021-11-05,1973.1348999999998
2021-11-08,1989.6695499999998
2021-11-09,1989.6695499999998
2021-11-10,1994.0787899999998
2021-11-11,1998.4880299999998
2021-11-12,1997.3857199999998
2021-11-15,1985.26031
2021-11-16,1986.3626199999999
2021-11-17,1981.95338
2021-11-18,1981.95338
2021-11-19,1984.158
2021-11-22,1986.3626199999999
2021-11-23,1989.6695499999998
2021-11-24,1830.93691
2021-11-26,1769.2075499999999
2021-11-29,1770.3098599999998
2021-11-30,1774.7190999999998
2021-12-01,1757.0821399999998
2021-12-02,1763.696
2021-12-03,1780.2306499999997
2021-12-06,1781.3329599999997
2021-12-07,1785.7422
2021-12-08,1781.3329599999997
2021-12-09,1774.7190999999998
2021-12-10,1770.3098599999998
2021-12-13,1771.4121699999998
2021-12-14,1772.5144799999998
2021-12-15,1796.7652999999998
2021-12-16,1807.7884
2021-12-17,1815.5045699999998
2021-12-20,1803.3791599999997
2021-12-21,1805.58378
2021-12-22,1780.2306499999997
2021-12-23,1781.3329599999997
2021-12-27,1780.2306499999997
2021-12-28,1780.2306499999997
2021-12-29,1566.38251
2021-12-30,1572.9963699999998
2021-12-31,1581.8148499999998
2022-01-03,1585.12178
2022-01-04,1581.8148499999998
2022-01-05,1571.8940599999999
2022-01-06,1565.2802
2022-01-07,1559.7686499999998
2022-01-10,1549.8478599999999
2022-01-11,1543.234
2022-01-12,1581.8148499999998
2022-01-13,1586.22409
2022-01-14,1584.01947
2022-01-18,1574.0986799999998
2022-01-19,1585.12178
2022-01-20,1585.12178
2022-01-21,1570.7917499999999
2022-01-24,1571.8940599999999
2022-01-25,1576.3032999999998
2022-01-26,1317.26045
2022-01-27,1295.21425
2022-01-28,1289.7026999999998
2022-01-31,1284.1911499999999
2022-02-01,1300.7258
2022-02-02,1317.26045
2022-02-03,1307.3396599999999
2022-02-04,1311.7488999999998
2022-02-07,1300.7258
2022-02-08,1283.08884
2022-02-09,1259.94033
2022-02-10,1262.1449499999999
2022-02-11,1246.7126099999998
2022-02-14,1246.7126099999998
2022-02-15,1240.0987499999999
2022-02-16,1231.28027
2022-02-17,1231.28027
2022-02-18,1231.28027
2022-02-22,1231.28027
2022-02-23,1091.2868999999998
2022-02-24,1095.69614
2022-02-25,1113.3330999999998
2022-02-28,1164.03936
2022-03-01,1168.4486
2022-03-02,1165.14167
2022-03-03,1196.0063499999999
2022-03-04,1295.21425
2022-03-07,1190.4948
2022-03-08,1173.9601499999999
2022-03-09,1201.5178999999998
2022-03-10,1214.74562
2022-03-11,1240.0987499999999
2022-03-14,1240.0987499999999
2022-03-15,1240.0987499999999
2022-03-16,1212.541
2022-03-17,1234.5872
2022-03-18,1250.0195399999998
2022-03-21,1251.12185
2022-03-22,1254.42878
2022-03-23,1245.6102999999998
2022-03-24,1231.28027
2022-03-25,1237.89413
2022-03-28,1234.5872
2022-03-29,1236.79182
2022-03-30,1692.0458499999997
2022-03-31,1698.65971
2022-04-01,1697.5574
2022-04-04,1682.1250599999998
2022-04-05,1686.5342999999998
2022-04-06,1671.10196
2022-04-07,1668.8973399999998
2022-04-08,1642.4418999999998
2022-04-11,1625.9072499999997
2022-04-12,1620.3956999999998
2022-04-13,1619.2933899999998
2022-04-14,1630.31649
2022-04-18,1631.4188
2022-04-19,1614.8841499999999
2022-04-20,1617.0887699999998
2022-04-21,1614.8841499999999
2022-04-22,1614.8841499999999
2022-04-25,1615.9864599999999
2022-04-26,1615.9864599999999
2022-04-27,1510.1646999999998
2022-04-28,1532.2108999999998
2022-04-29,1543.234
2022-05-02,1543.234
2022-05-03,1510.1646999999998
2022-05-04,1532.2108999999998
2022-05-05,1537.7224499999998
2022-05-06,1518.98318
2022-05-09,1504.6531499999999
2022-05-10,1502.44853
2022-05-11,1532.2108999999998
2022-05-12,1521.1878
2022-05-13,1523.39242
2022-05-16,1516.77856
2022-05-17,1517.88087
2022-05-18,1521.1878
2022-05-19,1517.88087
2022-05-20,1526.6993499999999
2022-05-23,1526.6993499999999
2022-05-24,1526.6993499999999
2022-05-25,1322.772
2022-05-26,1322.772
2022-05-27,1317.26045
2022-05-31,1311.7488999999998
2022-06-01,1279.78191
2022-06-02,1278.6796
2022-06-03,1273.16805
2022-06-06,1273.16805
2022-06-07,1268.7588099999998
2022-06-08,1267.6564999999998
2022-06-09,1267.6564999999998
2022-06-10,1278.6796
2022-06-13,1254.42878
2022-06-14,1251.12185
2022-06-15,1251.12185
2022-06-16,1241.2010599999999
2022-06-17,1241.2010599999999
2022-06-21,1242.3033699999999
2022-06-22,1232.38258
2022-06-23,1242.3033699999999
2022-06-24,1242.3033699999999
2022-06-27,1242.3033699999999
2022-06-28,1241.2010599999999
2022-06-29,1041.68295
2022-06-30,1025.1482999999998
2022-07-01,1025.1482999999998
2022-07-05,1015.2275099999999
2022-07-06,1017.4321299999999
2022-07-07,1015.2275099999999
2022-07-08,1010.8182699999999
2022-07-11,1008.6136499999999
2022-07-12,1003.1021
2022-07-13,1017.4321299999999
2022-07-14,1010.8182699999999
2022-07-15,1008.6136499999999
2022-07-18,1008.6136499999999
2022-07-19,1008.6136499999999
2022-07-20,1008.6136499999999
2022-07-21,1008.6136499999999
2022-07-22,1017.4321299999999
2022-07-25,1017.4321299999999
2022-07-26,1011.9205799999999
2022-07-27,936.9635
2022-07-28,941.3727399999999
2022-07-29,942.4750499999999
2022-08-01,917.1219199999999
2022-08-02,907.2011299999999
2022-08-03,902.79189
2022-08-04,896.1780299999999
2022-08-05,901.6895799999999
2022-08-08,901.6895799999999
2022-08-09,911.6103699999999
2022-08-10,906.0988199999999
2022-08-11,898.3826499999999
2022-08-12,895.0757199999999
2022-08-15,885.1549299999999
2022-08-16,876.3364499999999
2022-08-17,876.3364499999999
2022-08-18,870.8249
2022-08-19,867.5179699999999
2022-08-22,865.3133499999999
2022-08-23,864.2110399999999
2022-08-24,873.0295199999999
2022-08-25,874.1318299999999
2022-08-26,875.2341399999999
2022-08-29,873.0295199999999
2022-08-30,870.8249
2022-08-31,859.8018
2022-09-01,860.90411
2022-09-02,859.8018
2022-09-06,854.2902499999999
2022-09-07,881.848
2022-09-08,895.0757199999999
2022-09-09,901.6895799999999
2022-09-12,887.3595499999999
2022-09-13,887.3595499999999
2022-09-14,874.1318299999999
2022-09-15,881.848
2022-09-16,869.72259
2022-09-19,867.5179699999999
2022-09-20,879.6433799999999
2022-09-21,879.6433799999999
2022-09-22,879.6433799999999
2022-09-23,884.0526199999999
2022-09-26,880.74569
2022-09-27,884.0526199999999
2022-09-28,866.4156599999999
2022-09-29,863.1087299999999
2022-09-30,855.3925599999999
2022-10-03,848.7787
2022-10-04,853.1879399999999
2022-10-05,834.4486699999999
2022-10-06,826.7325
2022-10-07,824.52788
2022-10-10,826.7325
2022-10-11,811.3001599999999
2022-10-12,827.83481
2022-10-13,830.0394299999999
2022-10-14,827.83481
2022-10-17,832.2440499999999
2022-10-18,828.9371199999999
2022-10-19,835.55098
2022-10-20,834.4486699999999
2022-10-21,839.9602199999999
2022-10-24,834.4486699999999
2022-10-25,841.0625299999999
2022-10-26,771.617
2022-10-27,768.3100699999999
2022-10-28,782.6401
2022-10-31,785.9470299999999
2022-11-01,781.53779
2022-11-02,745.1615599999999
2022-11-03,749.5708
2022-11-04,747.36618
2022-11-07,737.44539
2022-11-08,731.9338399999999
2022-11-09,731.9338399999999
2022-11-10,725.31998
2022-11-11,729.7292199999999
2022-11-14,741.8546299999999
2022-11-15,734.1384599999999
2022-11-16,729.7292199999999
2022-11-17,729.7292199999999
2022-11-18,730.8315299999999
2022-11-21,733.0361499999999
2022-11-22,730.8315299999999
2022-11-23,725.31998
2022-11-25,723.1153599999999
2022-11-28,722.0130499999999
2022-11-29,722.0130499999999
2022-11-30,722.0130499999999
2022-12-01,727.5246
2022-12-02,740.7523199999999
2022-12-05,734.1384599999999
2022-12-06,739.65001
2022-12-07,723.1153599999999
2022-12-08,729.7292199999999
2022-12-09,735.2407699999999
2022-12-12,738.5477
2022-12-13,733.0361499999999
2022-12-14,738.5477
2022-12-15,746.2638699999999
2022-12-16,744.0592499999999
2022-12-19,739.65001
2022-12-20,738.5477
2022-12-21,727.5246
2022-12-22,726.42229
2022-12-23,728.62691
2022-12-27,716.5015
2022-12-28,816.81171
2022-12-29,817.9140199999999
2022-12-30,820.1186399999999
2023-01-03,795.8678199999999
2023-01-04,796.9701299999999
2023-01-05,799.1747499999999
2023-01-06,804.6863
2023-01-09,804.6863
2023-01-10,804.6863
2023-01-11,803.58399
2023-01-12,802.48168
2023-01-13,799.1747499999999
2023-01-17,804.6863
2023-01-18,788.1516499999999
2023-01-19,791.45858
2023-01-20,788.1516499999999
2023-01-23,787.0493399999999
2023-01-24,777.1285499999999
2023-01-25,859.8018
2023-01-26,854.2902499999999
2023-01-27,854.2902499999999
2023-01-30,868.6202799999999
2023-01-31,868.6202799999999
2023-02-01,868.6202799999999
2023-02-02,876.3364499999999
2023-02-03,878.5410699999999
2023-02-06,874.1318299999999
2023-02-07,884.0526199999999
2023-02-08,881.848
2023-02-09,885.1549299999999
2023-02-10,879.6433799999999
2023-02-13,887.3595499999999
2023-02-14,886.2572399999999
2023-02-15,884.0526199999999
2023-02-16,886.2572399999999
2023-02-17,879.6433799999999
2023-02-21,867.5179699999999
2023-02-22,1060.42222
2023-02-23,1086.8776599999999
2023-02-24,1124.3562
2023-02-27,1150.81164
2023-02-28,1161.8347399999998
2023-03-01,1133.1746799999999
2023-03-02,1156.3231899999998
2023-03-03,1157.4254999999998
2023-03-06,1168.4486
2023-03-07,1157.4254999999998
2023-03-08,1173.9601499999999
2023-03-09,1168.4486
2023-03-10,1164.03936
2023-03-13,1162.93705
2023-03-14,1184.98325
2023-03-15,1170.65322
2023-03-16,1164.03936
2023-03-17,1164.03936
2023-03-20,1162.93705
2023-03-21,1164.03936
2023-03-22,1166.24398
2023-03-23,1164.03936
2023-03-24,1165.14167
2023-03-27,1168.4486
2023-03-28,1141.99316
2023-03-29,1289.7026999999998
2023-03-30,1284.1911499999999
2023-03-31,1283.08884
2023-04-03,1295.21425
2023-04-04,1290.8050099999998
2023-04-05,1280.88422
2023-04-06,1285.2934599999999
2023-04-10,1285.2934599999999
2023-04-11,1284.1911499999999
2023-04-12,1305.13504
2023-04-13,1300.7258
2023-04-14,1295.21425
2023-04-17,1295.21425
2023-04-18,1295.21425
2023-04-19,1296.31656
2023-04-20,1296.31656
2023-04-21,1298.52118
2023-04-24,1297.41887
2023-04-25,1296.31656
2023-04-26,1182.7786299999998
2023-04-27,1183.8809399999998
2023-04-28,1178.3693899999998
2023-05-01,1179.4716999999998
2023-05-02,1197.1086599999999
2023-05-03,1218.0525499999999
2023-05-04,1208.13176
2023-05-05,1213.64331
2023-05-08,1218.0525499999999
2023-05-09,1211.43869
2023-05-10,1207.02945
2023-05-11,1207.02945
2023-05-12,1208.13176
2023-05-15,1204.8248299999998
2023-05-16,1204.8248299999998
2023-05-17,1203.7225199999998
2023-05-18,1208.13176
2023-05-19,1205.9271399999998
2023-05-22,1201.5178999999998
2023-05-23,1201.5178999999998
2023-05-24,1211.43869
2023-05-25,1211.43869
2023-05-26,1211.43869
2023-05-30,1211.43869
2023-05-31,1029.55754
2023-06-01,1030.65985
2023-06-02,1036.1714
2023-06-05,1041.68295
2023-06-06,1030.65985
2023-06-07,1025.1482999999998
2023-06-08,1022.9436799999999
2023-06-09,1022.9436799999999
2023-06-12,1025.1482999999998
2023-06-13,1024.0459899999998
2023-06-14,1017.4321299999999
2023-06-15,1021.8413699999999
2023-06-16,1021.8413699999999
2023-06-20,1021.8413699999999
2023-06-21,1005.3067199999999
2023-06-22,1005.3067199999999
2023-06-23,1003.1021
2023-06-26,1003.1021
2023-06-27,1003.1021
2023-06-28,985.4651399999999
2023-06-29,975.5443499999999
2023-06-30,971.1351099999999
2023-07-03,953.4981499999999
2023-07-05,963.4189399999999
2023-07-06,986.5674499999999
2023-07-07,997.5905499999999
2023-07-10,993.1813099999999
2023-07-11,999.7951699999999
2023-07-12,987.6697599999999
2023-07-13,990.97669
2023-07-14,988.7720699999999
2023-07-17,983.2605199999999
2023-07-18,977.7489699999999
2023-07-19,949.0889099999999
2023-07-20,945.7819799999999
2023-07-21,945.7819799999999
2023-07-24,945.7819799999999
2023-07-25,945.7819799999999
2023-07-26,920.4288499999999
2023-07-27,910.5080599999999
2023-07-28,908.3034399999999
2023-07-31,909.4057499999999
2023-08-01,903.8942
2023-08-02,909.4057499999999
2023-08-03,898.3826499999999
2023-08-04,885.1549299999999
2023-08-07,886.2572399999999
2023-08-08,884.0526199999999
2023-08-09,882.95031
2023-08-10,888.4618599999999
2023-08-11,888.4618599999999
2023-08-14,886.2572399999999
2023-08-15,886.2572399999999
2023-08-16,893.97341
2023-08-17,892.8711
2023-08-18,889.5641699999999
2023-08-21,889.5641699999999
2023-08-22,889.5641699999999
2023-08-23,884.0526199999999
2023-08-24,885.1549299999999
2023-08-25,885.1549299999999
2023-08-28,882.95031
2023-08-29,882.95031
2023-08-30,803.58399
2023-08-31,803.58399
2023-09-01,793.6632
2023-09-05,783.74241
2023-09-06,790.3562699999999
2023-09-07,799.1747499999999
2023-09-08,793.6632
2023-09-11,793.6632
2023-09-12,792.56089
2023-09-13,779.3331699999999
2023-09-14,778.2308599999999
2023-09-15,776.0262399999999
2023-09-18,778.2308599999999
2023-09-19,778.2308599999999
2023-09-20,776.0262399999999
2023-09-21,776.0262399999999
2023-09-22,777.1285499999999
2023-09-25,777.1285499999999
2023-09-26,773.8216199999999
2023-09-27,784.8447199999999
2023-09-28,788.1516499999999
2023-09-29,776.0262399999999
2023-10-02,766.1054499999999
2023-10-03,756.1846599999999
2023-10-04,761.69621
2023-10-05,777.1285499999999
2023-10-06,777.1285499999999
2023-10-09,772.71931
2023-10-10,772.71931
2023-10-11,771.617
2023-10-12,767.2077599999999
2023-10-13,766.1054499999999
2023-10-16,769.41238
2023-10-17,777.1285499999999
2023-10-18,774.9239299999999
2023-10-19,776.0262399999999
2023-10-20,774.9239299999999
2023-10-23,772.71931
2023-10-24,773.8216199999999
2023-10-25,911.6103699999999
2023-10-26,942.4750499999999
2023-10-27,954.6004599999999
2023-10-30,960.1120099999999
2023-10-31,960.1120099999999
2023-11-01,973.3397299999999
2023-11-02,972.2374199999999
2023-11-03,962.3166299999999
2023-11-06,981.0559
2023-11-07,975.5443499999999
2023-11-08,983.2605199999999
2023-11-09,979.95359
2023-11-10,984.3628299999999
2023-11-13,986.5674499999999
2023-11-14,986.5674499999999
2023-11-15,981.0559
2023-11-16,981.0559
2023-11-17,981.0559
2023-11-20,981.0559
2023-11-21,981.0559
2023-11-22,989.8743799999999
2023-11-24,993.1813099999999
2023-11-27,992.079
2023-11-28,993.1813099999999
2023-11-29,1150.81164
2023-11-30,1150.81164
2023-12-01,1145.30009
2023-12-04,1145.30009
2023-12-05,1133.1746799999999
2023-12-06,1169.55091
2023-12-07,1179.4716999999998
2023-12-08,1179.4716999999998
2023-12-11,1181.6763199999998
2023-12-12,1176.1647699999999
2023-12-13,1176.1647699999999
2023-12-14,1177.2670799999999
2023-12-15,1177.2670799999999
2023-12-18,1179.4716999999998
2023-12-19,1173.9601499999999
2023-12-20,1183.8809399999998
2023-12-21,1183.8809399999998
2023-12-22,1183.8809399999998
2023-12-26,1188.29018
2023-12-27,1263.2472599999999
2023-12-28,1266.5541899999998
2023-12-29,1251.12185
2024-01-02,1242.3033699999999
2024-01-03,1234.5872
2024-01-04,1211.43869
2024-01-05,1201.5178999999998
2024-01-08,1190.4948
2024-01-09,1193.80173
2024-01-10,1188.29018
2024-01-11,1184.98325
2024-01-12,1186.08556
2024-01-16,1182.7786299999998
2024-01-17,1179.4716999999998
2024-01-18,1179.4716999999998
2024-01-19,1179.4716999999998
2024-01-22,1179.4716999999998
2024-01-23,1179.4716999999998
2024-01-24,1193.80173
2024-01-25,1187.18787
2024-01-26,1187.18787
2024-01-29,1187.18787
2024-01-30,1189.39249
2024-01-31,1061.52453
2024-02-01,1069.2406999999998
2024-02-02,1065.9337699999999
2024-02-05,1065.9337699999999
2024-02-06,1068.1383899999998
2024-02-07,1050.5014299999998
2024-02-08,1041.68295
2024-02-09,1041.68295
2024-02-12,1028.4552299999998
2024-02-13,1028.4552299999998
2024-02-14,1020.7390599999999
2024-02-15,1024.0459899999998
2024-02-16,1024.0459899999998
2024-02-20,1019.6367499999999
2024-02-21,1016.3298199999999
2024-02-22,1016.3298199999999
2024-02-23,1016.3298199999999
2024-02-26,1016.3298199999999
2024-02-27,1016.3298199999999
2024-02-28,882.95031
2024-02-29,876.3364499999999
2024-03-01,870.8249
2024-03-04,869.72259
2024-03-05,865.3133499999999
2024-03-06,884.0526199999999
2024-03-07,896.1780299999999
2024-03-08,897.2803399999999
2024-03-11,890.6664799999999
2024-03-12,881.848
2024-03-13,867.5179699999999
2024-03-14,874.1318299999999
2024-03-15,873.0295199999999
2024-03-18,880.74569
2024-03-19,876.3364499999999
2024-03-20,875.2341399999999
2024-03-21,875.2341399999999
2024-03-22,875.2341399999999
2024-03-25,869.72259
2024-03-26,869.72259
2024-03-27,953.4981499999999
2024-03-28,947.9866
2024-04-01,951.2935299999999
2024-04-02,968.93049
2024-04-03,947.9866
2024-04-04,940.2704299999999
2024-04-05,940.2704299999999
2024-04-08,933.6565699999999
2024-04-09,931.4519499999999
2024-04-10,931.4519499999999
2024-04-11,936.9635
2024-04-12,931.4519499999999
2024-04-15,931.4519499999999
2024-04-16,931.4519499999999
2024-04-17,925.9404
2024-04-18,925.9404
2024-04-19,929.2473299999999
2024-04-22,929.2473299999999
2024-04-23,929.2473299999999
2024-04-24,892.8711
2024-04-25,895.0757199999999
2024-04-26,904.99651
2024-04-29,912.7126799999999
2024-04-30,896.1780299999999
2024-05-01,892.8711
2024-05-02,892.8711
2024-05-03,896.1780299999999
2024-05-06,858.69949
2024-05-07,865.3133499999999
2024-05-08,859.8018
2024-05-09,865.3133499999999
2024-05-10,859.8018
2024-05-13,860.90411
2024-05-14,863.1087299999999
2024-05-15,863.1087299999999
2024-05-16,866.4156599999999
2024-05-17,867.5179699999999
2024-05-20,869.72259
2024-05-21,871.92721
2024-05-22,869.72259
2024-05-23,869.72259
2024-05-24,869.72259
2024-05-28,871.92721
2024-05-29,858.69949
2024-05-30,850.9833199999999
2024-05-31,838.85791
2024-06-03,827.83481
2024-06-04,816.81171
2024-06-05,817.9140199999999
2024-06-06,804.6863
2024-06-07,802.48168
2024-06-10,799.1747499999999
2024-06-11,802.48168
2024-06-12,807.9932299999999
2024-06-13,810.1978499999999
2024-06-14,810.1978499999999
2024-06-17,810.1978499999999
2024-06-18,806.8909199999999
2024-06-20,799.1747499999999
2024-06-21,794.76551
2024-06-24,790.3562699999999
2024-06-25,790.3562699999999
2024-06-26,744.0592499999999
2024-06-27,745.1615599999999
2024-06-28,742.9569399999999
2024-07-01,742.9569399999999
2024-07-02,738.5477
2024-07-03,737.44539
2024-07-05,744.0592499999999
2024-07-08,741.8546299999999
2024-07-09,738.5477
2024-07-10,737.44539
2024-07-11,734.1384599999999
2024-07-12,733.0361499999999
2024-07-15,729.7292199999999
2024-07-16,727.5246
2024-07-17,726.42229
2024-07-18,726.42229
2024-07-19,724.2176699999999
2024-07-22,724.2176699999999
2024-07-23,722.0130499999999
2024-07-24,725.31998
2024-07-25,731.9338399999999
2024-07-26,731.9338399999999
2024-07-29,731.9338399999999
2024-07-30,734.1384599999999
2024-07-31,776.0262399999999
2024-08-01,758.38928
2024-08-02,750.67311
2024-08-05,757.2869699999999
2024-08-06,755.0823499999999
2024-08-07,753.9800399999999
2024-08-08,747.36618
2024-08-09,749.5708
2024-08-12,747.36618
2024-08-13,745.1615599999999
2024-08-14,727.5246
2024-08-15,727.5246
2024-08-16,723.1153599999999
2024-08-19,729.7292199999999
2024-08-20,729.7292199999999
2024-08-21,740.7523199999999
2024-08-22,740.7523199999999
2024-08-23,740.7523199999999
2024-08-26,738.5477
2024-08-27,739.65001
2024-08-28,804.6863
2024-08-29,799.1747499999999
2024-08-30,787.0493399999999
2024-09-03,771.617
2024-09-04,759.49159
2024-09-05,770.51469
2024-09-06,771.617
2024-09-09,771.617
2024-09-10,771.617
2024-09-11,771.617
2024-09-12,769.41238
2024-09-13,769.41238
2024-09-16,769.41238
2024-09-17,771.617
2024-09-18,774.9239299999999
2024-09-19,777.1285499999999
2024-09-20,776.0262399999999
2024-09-23,776.0262399999999
2024-09-24,776.0262399999999
2024-09-25,800.2770599999999
2024-09-26,810.1978499999999
2024-09-27,809.0955399999999
2024-09-30,810.1978499999999
2024-10-01,801.3793699999999
2024-10-02,788.1516499999999
2024-10-03,798.0724399999999
2024-10-04,798.0724399999999
2024-10-07,794.76551
2024-10-08,783.74241
2024-10-09,771.617
2024-10-10,772.71931
2024-10-11,777.1285499999999
2024-10-14,769.41238
2024-10-15,769.41238
2024-10-16,777.1285499999999
2024-10-17,777.1285499999999
2024-10-18,777.1285499999999
2024-10-21,777.1285499999999
2024-10-22,777.1285499999999
2024-10-23,776.0262399999999
2024-10-24,776.0262399999999
2024-10-25,776.0262399999999
2024-10-28,782.6401
2024-10-29,781.53779
2024-10-30,772.71931
2024-10-31,788.1516499999999
2024-11-01,787.0493399999999
2024-11-04,773.8216199999999
2024-11-05,773.8216199999999
2024-11-06,778.2308599999999
2024-11-07,779.3331699999999
2024-11-08,779.3331699999999
2024-11-11,769.41238
2024-11-12,768.3100699999999
2024-11-13,755.0823499999999
2024-11-14,762.7985199999999
2024-11-15,761.69621
2024-11-18,761.69621
2024-11-19,756.1846599999999
2024-11-20,749.5708
2024-11-21,749.5708
2024-11-22,749.5708
2024-11-25,745.1615599999999
2024-11-26,746.2638699999999
2024-11-27,773.8216199999999
2024-11-29,771.617
2024-12-02,771.617
2024-12-03,760.5939
2024-12-04,756.1846599999999
2024-12-05,759.49159
2024-12-06,759.49159
2024-12-09,744.0592499999999
2024-12-10,744.0592499999999
2024-12-11,746.2638699999999
2024-12-12,744.0592499999999
2024-12-13,744.0592499999999
2024-12-16,744.0592499999999
2024-12-17,744.0592499999999
2024-12-18,749.5708
2024-12-19,748.46849
2024-12-20,748.46849
2024-12-23,752.8777299999999
2024-12-24,750.67311
2024-12-26,793.6632
2024-12-27,804.6863
2024-12-30,799.1747499999999
2024-12-31,781.53779
2025-01-02,780.43548
2025-01-03,780.43548
2025-01-06,791.45858
2025-01-07,782.6401
2025-01-08,773.8216199999999
2025-01-09,773.8216199999999
2025-01-10,776.0262399999999
2025-01-13,777.1285499999999
2025-01-14,779.3331699999999
2025-01-15,770.51469
2025-01-16,767.2077599999999
2025-01-17,766.1054499999999
2025-01-21,761.69621
2025-01-22,758.38928
2025-01-23,758.38928
2025-01-24,758.38928
2025-01-27,759.49159
2025-01-28,759.49159
2025-01-29,810.1978499999999
2025-01-30,806.8909199999999
2025-01-31,815.7094
2025-02-03,817.9140199999999
2025-02-04,810.1978499999999
2025-02-05,817.9140199999999
2025-02-06,815.7094
2025-02-07,832.2440499999999
2025-02-10,836.65329
2025-02-11,837.7556
2025-02-12,843.2671499999999
2025-02-13,845.4717699999999
2025-02-14,846.5740799999999
2025-02-18,852.0856299999999
2025-02-19,856.4948699999999
2025-02-20,858.69949
2025-02-21,857.5971799999999
2025-02-24,858.69949
2025-02-25,858.69949
2025-02-26,999.7951699999999
2025-02-27,997.5905499999999
2025-02-28,1005.3067199999999
2025-03-03,1007.5113399999999
2025-03-04,1007.5113399999999
2025-03-05,1020.7390599999999
2025-03-06,1016.3298199999999
2025-03-07,1019.6367499999999
2025-03-10,1019.6367499999999
2025-03-11,1021.8413699999999
2025-03-12,1040.58064
2025-03-13,1036.1714
2025-03-14,1035.06909
2025-03-17,1036.1714
2025-03-18,1036.1714
2025-03-19,1032.86447
2025-03-20,1033.96678
2025-03-21,1032.86447
2025-03-24,1029.55754
2025-03-25,1029.55754
2025-03-26,997.5905499999999
2025-03-27,981.0559
2025-03-28,981.0559
2025-03-31,981.0559
2025-04-01,986.5674499999999
2025-04-02,1008.6136499999999
2025-04-03,1006.4090299999999
2025-04-04,1027.3529199999998
2025-04-07,1025.1482999999998
2025-04-08,1014.1252
2025-04-09,1014.1252
2025-04-10,1025.1482999999998
2025-04-11,1033.96678
2025-04-14,1033.96678
2025-04-15,1035.06909
2025-04-16,1036.1714
2025-04-17,1036.1714
2025-04-21,1036.1714
2025-04-22,1036.1714
2025-04-23,1038.37602
2025-04-24,1040.58064
2025-04-25,1040.58064
2025-04-28,1040.58064
2025-04-29,1040.58064
2025-04-30,954.6004599999999
2025-05-01,955.7027699999999
2025-05-02,963.4189399999999
2025-05-05,964.5212499999999
2025-05-06,961.2143199999999
2025-05-07,981.0559
2025-05-08,981.0559
2025-05-09,981.0559
2025-05-12,981.0559
2025-05-13,975.5443499999999
2025-05-14,982.1582099999999
2025-05-15,992.079
2025-05-16,986.5674499999999
2025-05-19,986.5674499999999
2025-05-20,984.3628299999999
2025-05-21,995.3859299999999
2025-05-22,995.3859299999999
2025-05-23,995.3859299999999
2025-05-27,995.3859299999999
2025-05-28,920.4288499999999
2025-05-29,928.1450199999999
2025-05-30,925.9404
2025-06-02,984.3628299999999
2025-06-03,959.0097
2025-06-04,961.2143199999999
2025-06-05,967.8281799999999
2025-06-06,967.8281799999999
2025-06-09,971.1351099999999
2025-06-10,973.3397299999999
2025-06-11,950.1912199999999
2025-06-12,950.1912199999999
2025-06-13,950.1912199999999
2025-06-16,952.3958399999999
2025-06-17,952.3958399999999
2025-06-18,959.0097
2025-06-20,961.2143199999999
2025-06-23,961.2143199999999
2025-06-24,961.2143199999999
2025-06-25,979.95359
2025-06-26,975.5443499999999
2025-06-27,973.3397299999999
2025-06-30,970.0328
2025-07-01,973.3397299999999
2025-07-02,975.5443499999999
2025-07-03,975.5443499999999
2025-07-07,968.93049
2025-07-08,981.0559
2025-07-09,972.2374199999999
2025-07-10,972.2374199999999
2025-07-11,966.7258699999999
2025-07-14,971.1351099999999
2025-07-15,971.1351099999999
2025-07-16,962.3166299999999
2025-07-17,964.5212499999999
2025-07-18,964.5212499999999
2025-07-21,963.4189399999999
2025-07-22,963.4189399999999
2025-07-23,965.6235599999999
2025-07-24,961.2143199999999
2025-07-25,960.1120099999999
2025-07-28,962.3166299999999
2025-07-29,964.5212499999999
2025-07-30,947.9866
2025-07-31,928.1450199999999
2025-08-01,933.6565699999999
2025-08-04,942.4750499999999
2025-08-05,936.9635
2025-08-06,929.2473299999999
2025-08-07,923.7357799999999
2025-08-08,920.4288499999999
2025-08-11,920.4288499999999
2025-08-12,919.3265399999999
2025-08-13,918.2242299999999
2025-08-14,916.01961
2025-08-15,917.1219199999999
2025-08-18,917.1219199999999
2025-08-19,917.1219199999999
2025-08-20,919.3265399999999
2025-08-21,916.01961
2025-08-22,917.1219199999999
2025-08-25,917.1219199999999
2025-08-26,916.01961
2025-08-27,896.1780299999999
2025-08-28,892.8711
2025-08-29,874.1318299999999
2025-09-02,876.3364499999999
2025-09-03,880.74569
2025-09-04,881.848
2025-09-05,880.74569
2025-09-08,890.6664799999999
2025-09-09,880.74569
2025-09-10,887.3595499999999
2025-09-11,892.8711
2025-09-12,890.6664799999999
2025-09-15,890.6664799999999
2025-09-16,892.8711
2025-09-17,896.1780299999999
2025-09-18,896.1780299999999
2025-09-19,895.0757199999999
2025-09-22,893.97341
2025-09-23,891.76879
2025-09-24,907.2011299999999
2025-09-25,901.6895799999999
2025-09-26,887.3595499999999
2025-09-29,884.0526199999999
2025-09-30,881.848
2025-10-01,888.4618599999999
2025-10-02,887.3595499999999
2025-10-03,886.2572399999999
2025-10-06,882.95031
2025-10-07,887.3595499999999
2025-10-08,896.1780299999999
2025-10-09,896.1780299999999
2025-10-10,897.2803399999999
2025-10-13,897.2803399999999
2025-10-14,896.1780299999999
2025-10-15,896.1780299999999
2025-10-16,898.3826499999999
2025-10-17,897.2803399999999
2025-10-20,895.0757199999999
2025-10-21,896.1780299999999
2025-10-22,896.1780299999999
2025-10-23,896.1780299999999
2025-10-24,896.1780299999999
2025-10-27,897.2803399999999
2025-10-28,897.2803399999999
2025-10-29,933.6565699999999
2025-10-30,936.9635
2025-10-31,938.0658099999999
2025-11-03,934.7588799999999
2025-11-04,934.7588799999999
2025-11-05,931.4519499999999
2025-11-06,933.6565699999999
2025-11-07,933.6565699999999
2025-11-10,938.0658099999999
2025-11-11,939.1681199999999
2025-11-12,942.4750499999999
2025-11-13,942.4750499999999
2025-11-14,942.4750499999999
2025-11-17,942.4750499999999
2025-11-18,943.5773599999999
2025-11-19,942.4750499999999
2025-11-20,943.5773599999999
2025-11-21,944.6796699999999
2025-11-24,942.4750499999999
2025-11-25,941.3727399999999
2025-11-26,996.4882399999999
2025-11-28,1000.8974799999999
2025-12-01,995.3859299999999
2025-12-02,993.1813099999999
2025-12-03,998.6928599999999
2025-12-04,998.6928599999999
2025-12-05,1000.8974799999999
2025-12-08,1000.8974799999999
2025-12-09,1003.1021
2025-12-10,998.6928599999999
2025-12-11,999.7951699999999
2025-12-12,999.7951699999999
2025-12-15,999.7951699999999
2025-12-16,999.7951699999999
2025-12-17,999.7951699999999
2025-12-18,999.7951699999999
2025-12-19,999.7951699999999
2025-12-22,1000.8974799999999
2025-12-23,1000.8974799999999
2025-12-24,998.6928599999999
2025-12-26,998.6928599999999
2025-12-29,998.6928599999999
2025-12-30,996.4882399999999
2025-12-31,1030.65985
2026-01-02,1036.1714
2026-01-05,1028.4552299999998
2026-01-06,1025.1482999999998
2026-01-07,1033.96678
2026-01-08,1033.96678
2026-01-09,1036.1714
2026-01-12,1039.47833
2026-01-13,1038.37602
2026-01-14,1035.06909
2026-01-15,1035.06909
2026-01-16,1035.06909
2026-01-20,1036.1714
2026-01-21,1037.27371
2026-01-22,1039.47833
2026-01-23,1038.37602
2026-01-26,1038.37602
2026-01-27,1038.37602
2026-01-28,1071.4453199999998
2026-01-29,1071.4453199999998
2026-01-30,1071.4453199999998
2026-02-02,1071.4453199999998
2026-02-03,1070.3430099999998
2026-02-04,1075.85456
2026-02-05,1072.5476299999998
2026-02-06,1076.95687
2026-02-09,1076.95687
2026-02-10,1075.85456
2026-02-11,1075.85456
2026-02-12,1080.2638
2026-02-13,1079.16149
2026-02-17,1080.2638
2026-02-18,1082.46842
2026-02-19,1082.46842
2026-02-20,1081.36611
2026-02-23,1084.67304
2026-02-24,1084.67304
2026-02-25,1110.0261699999999
2026-02-26,1119.94696
2026-02-27,1121.04927
2026-03-02,1118.84465
2026-03-03,1119.94696
2026-03-04,1117.74234
2026-03-05,1119.94696
2026-03-06,1122.15158
2026-03-09,1121.04927
2026-03-10,1122.15158
2026-03-11,1121.04927
2026-03-12,1121.04927
2026-03-13,1114.4354099999998
2026-03-16,1119.94696
2026-03-17,1118.84465
2026-03-18,1117.74234
2026-03-19,1112.2307899999998
2026-03-20,1115.5377199999998
2026-03-23,1112.2307899999998
2026-03-24,1112.2307899999998
2026-03-25,1154.1185699999999
2026-03-26,1151.9139499999999
2026-03-27,1147.50471
2026-03-30,1155.2208799999999
2026-03-31,1155.2208799999999
2026-04-01,1156.3231899999998
2026-04-02,1158.5278099999998
2026-04-06,1158.5278099999998
2026-04-07,1155.2208799999999
2026-04-08,1153.0162599999999
2026-04-09,1153.0162599999999
2026-04-10,1153.0162599999999
2026-04-13,1153.0162599999999
2026-04-14,1153.0162599999999
2026-04-15,1153.0162599999999
2026-04-16,1153.0162599999999
2026-04-17,1153.0162599999999
2026-04-20,1153.0162599999999
2026-04-21,1154.1185699999999
2026-04-22,1151.9139499999999
2026-04-23,1151.9139499999999
2026-04-24,1148.60702
2026-04-27,1148.60702
2026-04-28,1148.60702
2026-04-29,1192.69942
2026-04-30,1191.59711
2026-05-01,1194.90404
2026-05-04,1194.90404
2026-05-05,1190.4948
2026-05-06,1186.08556
2026-05-07,1186.08556
2026-05-08,1188.29018
2026-05-11,1188.29018
2026-05-12,1192.69942
2026-05-13,1188.29018
2026-05-14,1189.39249
2026-05-15,1189.39249
2026-05-18,1190.4948
2026-05-19,1190.4948
2026-05-20,1190.4948
2026-05-21,1190.4948
2026-05-22,1190.4948
2026-05-26,1190.4948
2026-05-27,1242.3033699999999
2026-05-28,1241.2010599999999
2026-05-29,1237.89413
2026-06-01,1238.99644
2026-06-02,1238.99644
2026-06-03,1240.0987499999999
2026-06-04,1240.0987499999999
2026-06-05,1241.2010599999999
2026-06-08,1240.0987499999999
2026-06-09,1240.0987499999999
2026-06-10,1237.89413
2026-06-11,1237.89413
2026-06-12,1237.89413
2026-06-15,1234.5872
2026-06-16,1236.79182
2026-06-17,1234.5872
2026-06-18,1305.13504
