dtc_order_no,dtc_row_id,ticket_row_id,ticket,score,raw,max_possible,breakdown,ticket_weight,ticket_date,ticket_desc,ticket_code
1507,1,1043,17717,90.4,131.06,145.0,code+40.0;desc+20.0;net_wt+40.0;date+25.0;time+6.06,11960,2026-03-05 18:48:09.285,STEEL TURNING,TURNSTEEL
1507,1,1014,17549,39.5,52.5,133.0,code+40.0;desc+20.0;net_wt_over-15.0;date+7.5,14240,2026-03-02 20:40:40.114,STEEL TURNING,TURNSTEEL
1507,1,1001,17496,39.5,52.5,133.0,code+40.0;desc+20.0;net_wt_over-15.0;date+7.5,945,2026-03-02 15:37:36.586,STEEL TURNING,TURNSTEEL
1507,1,999,17496,39.5,52.5,133.0,code+40.0;desc+20.0;net_wt_over-15.0;date+7.5,191,2026-03-02 15:37:36.586,STEEL TURNING,TURNSTEEL
1507,1,1092,17869,36.1,48.0,133.0,code+40.0;desc+20.0;net_wt_over-15.0;date+3.0,940,2026-03-09 19:34:13.444,STEEL TURNING,TURNSTEEL
1506,2,1044,17718,90.4,131.03,145.0,code+40.0;desc+20.0;net_wt+40.0;date+25.0;time+6.03,25600,2026-03-05 18:49:10.803,STEEL WIRE,STWR
1506,2,1013,17548,39.5,52.5,133.0,code+40.0;desc+20.0;net_wt_over-15.0;date+7.5,20060,2026-03-02 20:39:51.678,STEEL WIRE,STWR
1506,2,1151,18012,36.1,48.0,133.0,code+40.0;desc+20.0;net_wt_over-15.0;date+3.0,53840,2026-03-11 14:38:58.000,STEEL WIRE,STWR
1506,2,891,17223,33.8,45.0,133.0,code+40.0;desc+20.0;net_wt_over-15.0,44380,2026-02-20 19:05:08.025,STEEL WIRE,STWR
1506,2,940,17371,33.8,45.0,133.0,code+40.0;desc+20.0;net_wt_over-15.0,46900,2026-02-25 13:02:56.737,STEEL WIRE,STWR
1501,3,1036,17679,92.3,133.85,145.0,code+40.0;desc+20.0;net_wt+40.0;date+25.0;time+6.03;price+2.82,34120,2026-03-04 20:43:27.138,BUSHELING,Indbush
1501,3,924,17293,75.2,100.0,133.0,code+40.0;desc+20.0;net_wt+40.0,33960,2026-02-24 15:30:17.646,BUSHELING,Indbush
1501,3,1021,17564,74.6,99.21,133.0,code+40.0;desc+20.0;net_wt+24.21;date+15.0,33680,2026-03-03 13:54:47.686,BUSHELING,Indbush
1501,3,1031,17682,56.6,82.06,145.0,code+40.0;desc+20.0;net_wt_over-15.0;date+25.0;time+10.14;price+1.92,24820,2026-03-04 12:53:51.635,BUSHELING,Indbush
1501,3,1037,17687,45.1,60.0,133.0,code+40.0;desc+20.0;net_wt_over-15.0;date+15.0,15760,2026-03-05 13:52:51.942,BUSHELING,Indbush
1502,4,1031,17682,91.7,132.93,145.0,code+40.0;desc+20.0;net_wt+40.0;date+25.0;time+6.01;price+1.92,24820,2026-03-04 12:53:51.635,BUSHELING,Indbush
1502,4,1036,17679,50.2,72.82,145.0,code+40.0;desc+20.0;net_wt_over-15.0;date+25.0;price+2.82,34120,2026-03-04 20:43:27.138,BUSHELING,Indbush
1502,4,1037,17687,45.1,60.0,133.0,code+40.0;desc+20.0;net_wt_over-15.0;date+15.0,15760,2026-03-05 13:52:51.942,BUSHELING,Indbush
1502,4,1021,17564,45.1,60.0,133.0,code+40.0;desc+20.0;net_wt_over-15.0;date+15.0,33680,2026-03-03 13:54:47.686,BUSHELING,Indbush
1502,4,1008,17498,43.3,57.55,133.0,code+40.0;desc+20.0;net_wt_over-15.0;date+7.5;price+5.05,760,2026-03-02 15:46:53.340,BUSHELING,Indbush
1494,5,1014,17549,90.4,131.04,145.0,code+40.0;desc+20.0;net_wt+40.0;date+25.0;time+6.04,14240,2026-03-02 20:40:40.114,STEEL TURNING,TURNSTEEL
1494,5,999,17496,55.9,81.09,145.0,code+40.0;desc+20.0;net_wt_over-15.0;date+25.0;time+11.09,191,2026-03-02 15:37:36.586,STEEL TURNING,TURNSTEEL
1494,5,1001,17496,55.9,81.09,145.0,code+40.0;desc+20.0;net_wt_over-15.0;date+25.0;time+11.09,945,2026-03-02 15:37:36.586,STEEL TURNING,TURNSTEEL
1494,5,1043,17717,39.5,52.5,133.0,code+40.0;desc+20.0;net_wt_over-15.0;date+7.5,11960,2026-03-05 18:48:09.285,STEEL TURNING,TURNSTEEL
1494,5,1102,17869,36.1,48.0,133.0,code+40.0;desc+20.0;net_wt_over-15.0;date+3.0,500,2026-03-09 19:34:13.444,STEEL TURNING,TURNSTEEL
1493,6,1013,17548,90.4,131.04,145.0,code+40.0;desc+20.0;net_wt+40.0;date+25.0;time+6.04,20060,2026-03-02 20:39:51.678,STEEL WIRE,STWR
1493,6,1044,17718,39.5,52.5,133.0,code+40.0;desc+20.0;net_wt_over-15.0;date+7.5,25600,2026-03-05 18:49:10.803,STEEL WIRE,STWR
1493,6,940,17371,36.1,48.0,133.0,code+40.0;desc+20.0;net_wt_over-15.0;date+3.0,46900,2026-02-25 13:02:56.737,STEEL WIRE,STWR
1493,6,730,17010,33.8,45.0,133.0,code+40.0;desc+20.0;net_wt_over-15.0,40340,2026-02-16 13:52:00.760,STEEL WIRE,STWR
1493,6,891,17223,33.8,45.0,133.0,code+40.0;desc+20.0;net_wt_over-15.0,44380,2026-02-20 19:05:08.025,STEEL WIRE,STWR
1487,7,983,17444,86.5,115.0,133.0,code+40.0;desc+20.0;net_wt+40.0;date+15.0,38700,2026-02-26 18:49:38.302,STEEL BANDING (FE),STBD
1487,7,1075,17773,36.1,48.0,133.0,code+40.0;desc+20.0;net_wt_over-15.0;date+3.0,22720,2026-03-06 19:03:08.309,STEEL BANDING (FE),STBD
1492,8,950,17350,39.5,52.5,133.0,code+40.0;desc+20.0;net_wt_over-15.0;date+7.5,82,2026-02-25 18:31:22.136,STEEL TURNING,TURNSTEEL
1492,8,925,17303,39.5,52.5,133.0,code+40.0;desc+20.0;net_wt_over-15.0;date+7.5,15180,2026-02-24 17:35:47.621,STEEL TURNING,TURNSTEEL
1492,8,1014,17549,39.5,52.5,133.0,code+40.0;desc+20.0;net_wt_over-15.0;date+7.5,14240,2026-03-02 20:40:40.114,STEEL TURNING,TURNSTEEL
1492,8,1001,17496,39.5,52.5,133.0,code+40.0;desc+20.0;net_wt_over-15.0;date+7.5,945,2026-03-02 15:37:36.586,STEEL TURNING,TURNSTEEL
1492,8,999,17496,39.5,52.5,133.0,code+40.0;desc+20.0;net_wt_over-15.0;date+7.5,191,2026-03-02 15:37:36.586,STEEL TURNING,TURNSTEEL
1485,9,951,17350,39.5,52.5,133.0,code+40.0;desc+20.0;net_wt_over-15.0;date+7.5,75,2026-02-25 18:31:22.136,STEEL TURNING,TURNSTEEL
1485,9,925,17303,39.5,52.5,133.0,code+40.0;desc+20.0;net_wt_over-15.0;date+7.5,15180,2026-02-24 17:35:47.621,STEEL TURNING,TURNSTEEL
1485,9,1014,17549,39.5,52.5,133.0,code+40.0;desc+20.0;net_wt_over-15.0;date+7.5,14240,2026-03-02 20:40:40.114,STEEL TURNING,TURNSTEEL
1485,9,1001,17496,39.5,52.5,133.0,code+40.0;desc+20.0;net_wt_over-15.0;date+7.5,945,2026-03-02 15:37:36.586,STEEL TURNING,TURNSTEEL
1485,9,999,17496,39.5,52.5,133.0,code+40.0;desc+20.0;net_wt_over-15.0;date+7.5,191,2026-03-02 15:37:36.586,STEEL TURNING,TURNSTEEL
1498,10,986,17420,51.4,74.52,145.0,code+40.0;desc+20.0;net_wt_over-15.0;date+25.0;time+4.52,1500,2026-02-27 14:44:21.930,CLEAN SHEET,CLSHST
1498,10,954,17356,39.5,52.5,133.0,code+40.0;desc+20.0;net_wt_over-15.0;date+7.5,4220,2026-02-25 19:23:48.412,CLEAN SHEET,CLSHST
1498,10,1022,17606,36.1,48.0,133.0,code+40.0;desc+20.0;net_wt_over-15.0;date+3.0,1660,2026-03-03 18:46:20.941,CLEAN SHEET,CLSHST
1498,10,1158,17982,33.8,45.0,133.0,code+40.0;desc+20.0;net_wt_over-15.0,3340,2026-03-11 16:07:40.274,CLEAN SHEET,CLSHST
1484,11,984,17409,92.3,133.84,145.0,code+40.0;desc+20.0;net_wt+40.0;date+25.0;time+6.02;price+2.82,29080,2026-02-26 19:39:52.380,BUSHELING,Indbush
1484,11,982,17401,55.4,80.31,145.0,code+40.0;desc+20.0;net_wt_over-15.0;date+25.0;time+7.49;price+2.82,1000,2026-02-26 18:11:45.366,BUSHELING,Indbush
1484,11,968,17385,54.7,79.27,145.0,code+40.0;desc+20.0;net_wt_over-15.0;date+25.0;time+9.27,27020,2026-02-26 16:25:11.437,BUSHELING,Indbush
1484,11,799,17145,39.9,53.05,133.0,code+40.0;desc+20.0;net_wt_over-15.0;date+3.0;price+5.05,1180,2026-02-19 14:49:34.775,BUSHELING,Indbush
1484,11,798,17145,39.9,53.05,133.0,code+40.0;desc+20.0;net_wt_over-15.0;date+3.0;price+5.05,1100,2026-02-19 14:49:34.775,BUSHELING,Indbush
1483,12,923,17285,80.8,107.5,133.0,code+40.0;desc+20.0;net_wt+40.0;date+7.5,8620,2026-02-24 13:15:13.484,17-4 STAINLESS STEEL TURNINGS,NI174BO
1483,12,941,17329,11.3,15.0,133.0,code_diff-40.0;net_wt+40.0;date+15.0,8600,2026-02-25 15:06:59.090,STEEL TURNING,TURNSTEEL
1483,12,865,17281,0.0,-33.75,133.0,code_diff-40.0;desc+18.25;net_wt_over-15.0;date+3.0,68,2026-02-20 13:13:29.992,316 STAINLESS STEEL TURNINGS,NI316BO
1483,12,913,17239,0.0,-33.75,133.0,code_diff-40.0;desc+18.25;net_wt_over-15.0;date+3.0,363,2026-02-20 20:22:34.380,304 STAINLESS STEEL TURNINGS,NI300BO
1483,12,958,17357,0.0,-21.75,133.0,code_diff-40.0;desc+18.25;net_wt_over-15.0;date+15.0,2504,2026-02-25 19:28:25.980,304 STAINLESS STEEL TURNINGS,NI300BO
1479,13,940,17371,92.0,133.38,145.0,code+40.0;desc+20.0;net_wt+40.0;date+25.0;time+8.38,46900,2026-02-25 13:02:56.737,STEEL WIRE,STWR
1479,13,891,17223,36.1,48.0,133.0,code+40.0;desc+20.0;net_wt_over-15.0;date+3.0,44380,2026-02-20 19:05:08.025,STEEL WIRE,STWR
1479,13,1013,17548,36.1,48.0,133.0,code+40.0;desc+20.0;net_wt_over-15.0;date+3.0,20060,2026-03-02 20:39:51.678,STEEL WIRE,STWR
1479,13,730,17010,33.8,45.0,133.0,code+40.0;desc+20.0;net_wt_over-15.0,40340,2026-02-16 13:52:00.760,STEEL WIRE,STWR
1479,13,1044,17718,33.8,45.0,133.0,code+40.0;desc+20.0;net_wt_over-15.0,25600,2026-03-05 18:49:10.803,STEEL WIRE,STWR
1477,14,941,17329,51.0,73.96,145.0,code+40.0;desc+20.0;net_wt_over-15.0;date+25.0;time+3.96,8600,2026-02-25 15:06:59.090,STEEL TURNING,TURNSTEEL
1477,14,943,17341,49.5,71.83,145.0,code+40.0;desc+20.0;net_wt_over-15.0;date+25.0;time+1.83,17080,2026-02-25 17:14:49.808,STEEL TURNING,TURNSTEEL
1477,14,950,17350,48.7,70.56,145.0,code+40.0;desc+20.0;net_wt_over-15.0;date+25.0;time+0.56,82,2026-02-25 18:31:22.136,STEEL TURNING,TURNSTEEL
1477,14,951,17350,48.7,70.56,145.0,code+40.0;desc+20.0;net_wt_over-15.0;date+25.0;time+0.56,75,2026-02-25 18:31:22.136,STEEL TURNING,TURNSTEEL
1477,14,949,17350,48.7,70.56,145.0,code+40.0;desc+20.0;net_wt_over-15.0;date+25.0;time+0.56,138,2026-02-25 18:31:22.136,STEEL TURNING,TURNSTEEL
1471,15,939,17323,90.4,131.04,145.0,code+40.0;desc+20.0;net_wt+40.0;date+25.0;time+6.04,28440,2026-02-24 20:43:39.203,STEEL TURNING,TURNSTEEL
1471,15,925,17303,54.6,79.17,145.0,code+40.0;desc+20.0;net_wt_over-15.0;date+25.0;time+9.17,15180,2026-02-24 17:35:47.621,STEEL TURNING,TURNSTEEL
1471,15,918,17284,45.1,60.0,133.0,code+40.0;desc+20.0;net_wt_over-15.0;date+15.0,19820,2026-02-23 13:05:32.657,STEEL TURNING,TURNSTEEL
1471,15,951,17350,45.1,60.0,133.0,code+40.0;desc+20.0;net_wt_over-15.0;date+15.0,75,2026-02-25 18:31:22.136,STEEL TURNING,TURNSTEEL
1471,15,950,17350,45.1,60.0,133.0,code+40.0;desc+20.0;net_wt_over-15.0;date+15.0,82,2026-02-25 18:31:22.136,STEEL TURNING,TURNSTEEL
1470,16,925,17303,90.4,131.01,145.0,code+40.0;desc+20.0;net_wt+40.0;date+25.0;time+6.01,15180,2026-02-24 17:35:47.621,STEEL TURNING,TURNSTEEL
1470,16,792,17167,77.4,103.0,133.0,code+40.0;desc+20.0;net_wt+40.0;date+3.0,15220,2026-02-18 17:50:21.200,STEEL TURNING,TURNSTEEL
1470,16,939,17323,50.3,72.88,145.0,code+40.0;desc+20.0;net_wt_over-15.0;date+25.0;time+2.88,28440,2026-02-24 20:43:39.203,STEEL TURNING,TURNSTEEL
1470,16,921,17276,45.1,60.0,133.0,code+40.0;desc+20.0;net_wt_over-15.0;date+15.0,4760,2026-02-23 19:43:15.611,STEEL TURNING,TURNSTEEL
1470,16,951,17350,45.1,60.0,133.0,code+40.0;desc+20.0;net_wt_over-15.0;date+15.0,75,2026-02-25 18:31:22.136,STEEL TURNING,TURNSTEEL
1457,17,918,17284,90.4,131.08,145.0,code+40.0;desc+20.0;net_wt+40.0;date+25.0;time+6.08,19820,2026-02-23 13:05:32.657,STEEL TURNING,TURNSTEEL
1457,17,921,17276,48.3,70.0,145.0,code+40.0;desc+20.0;net_wt_over-15.0;date+25.0,4760,2026-02-23 19:43:15.611,STEEL TURNING,TURNSTEEL
1457,17,922,17277,48.3,70.0,145.0,code+40.0;desc+20.0;net_wt_over-15.0;date+25.0,29980,2026-02-23 19:57:36.837,STEEL TURNING,TURNSTEEL
1457,17,939,17323,45.1,60.0,133.0,code+40.0;desc+20.0;net_wt_over-15.0;date+15.0,28440,2026-02-24 20:43:39.203,STEEL TURNING,TURNSTEEL
1457,17,925,17303,45.1,60.0,133.0,code+40.0;desc+20.0;net_wt_over-15.0;date+15.0,15180,2026-02-24 17:35:47.621,STEEL TURNING,TURNSTEEL
1451,18,899,17233,54.8,79.53,145.0,code+40.0;desc+20.0;net_wt_over-15.0;date+25.0;time+5.82;price+3.71,240,2026-02-20 19:50:48.144,SHEET IRON,SHIRST
1451,18,854,17150,45.5,60.57,133.0,code+40.0;desc+20.0;net_wt_over-15.0;date+15.0;price+0.57,1080,2026-02-19 16:11:59.330,SHEET IRON,SHIRST
1451,18,797,17142,45.1,60.0,133.0,code+40.0;desc+20.0;net_wt_over-15.0;date+15.0,1000,2026-02-19 14:31:46.455,SHEET IRON,SHIRST
1451,18,920,17264,42.3,56.22,133.0,code+40.0;desc+20.0;net_wt_over-15.0;date+7.5;price+3.72,540,2026-02-23 15:12:22.183,SHEET IRON,SHIRST
1451,18,791,17101,41.8,55.59,133.0,code+40.0;desc+20.0;net_wt_over-15.0;date+7.5;price+3.09,5140,2026-02-18 17:01:15.826,SHEET IRON,SHIRST
1449,19,892,17225,92.3,133.88,145.0,code+40.0;desc+20.0;net_wt+40.0;date+25.0;time+6.06;price+2.82,27180,2026-02-20 19:06:31.247,BUSHELING,Indbush
1449,19,968,17385,76.1,101.23,133.0,code+40.0;desc+20.0;net_wt+38.23;date+3.0,27020,2026-02-26 16:25:11.437,BUSHELING,Indbush
1449,19,731,17011,50.6,67.25,133.0,code+40.0;desc+20.0;net_wt+1.43;date+3.0;price+2.82,27840,2026-02-16 13:55:32.714,BUSHELING,Indbush
1449,19,798,17145,48.9,65.05,133.0,code+40.0;desc+20.0;net_wt_over-15.0;date+15.0;price+5.05,1100,2026-02-19 14:49:34.775,BUSHELING,Indbush
1449,19,801,17145,48.9,65.05,133.0,code+40.0;desc+20.0;net_wt_over-15.0;date+15.0;price+5.05,576,2026-02-19 14:49:34.775,BUSHELING,Indbush
1448,20,891,17223,90.4,131.07,145.0,code+40.0;desc+20.0;net_wt+40.0;date+25.0;time+6.07,44380,2026-02-20 19:05:08.025,STEEL WIRE,STWR
1448,20,730,17010,36.1,48.0,133.0,code+40.0;desc+20.0;net_wt_over-15.0;date+3.0,40340,2026-02-16 13:52:00.760,STEEL WIRE,STWR
1448,20,940,17371,36.1,48.0,133.0,code+40.0;desc+20.0;net_wt_over-15.0;date+3.0,46900,2026-02-25 13:02:56.737,STEEL WIRE,STWR
1448,20,606,16749,33.8,45.0,133.0,code+40.0;desc+20.0;net_wt_over-15.0,34200,2026-02-10 19:49:37.810,STEEL WIRE,STWR
1448,20,1013,17548,33.8,45.0,133.0,code+40.0;desc+20.0;net_wt_over-15.0,20060,2026-03-02 20:39:51.678,STEEL WIRE,STWR
1447,21,731,17011,79.6,105.82,133.0,code+40.0;desc+20.0;net_wt+40.0;date+3.0;price+2.82,27840,2026-02-16 13:55:32.714,BUSHELING,Indbush
1447,21,892,17225,66.5,96.44,145.0,code+40.0;desc+20.0;net_wt+2.59;date+25.0;time+6.03;price+2.82,27180,2026-02-20 19:06:31.247,BUSHELING,Indbush
1447,21,798,17145,48.9,65.05,133.0,code+40.0;desc+20.0;net_wt_over-15.0;date+15.0;price+5.05,1100,2026-02-19 14:49:34.775,BUSHELING,Indbush
1447,21,799,17145,48.9,65.05,133.0,code+40.0;desc+20.0;net_wt_over-15.0;date+15.0;price+5.05,1180,2026-02-19 14:49:34.775,BUSHELING,Indbush
1447,21,801,17145,48.9,65.05,133.0,code+40.0;desc+20.0;net_wt_over-15.0;date+15.0;price+5.05,576,2026-02-19 14:49:34.775,BUSHELING,Indbush
1445,22,861,17189,90.4,131.03,145.0,code+40.0;desc+20.0;net_wt+40.0;date+25.0;time+6.03,12280,2026-02-19 20:20:53.518,STEEL TURNING,TURNSTEEL
1445,22,860,17188,52.4,76.04,145.0,code+40.0;desc+20.0;net_wt_over-15.0;date+25.0;time+6.04,56480,2026-02-19 20:20:06.332,STEEL TURNING,TURNSTEEL
1445,22,792,17167,45.1,60.0,133.0,code+40.0;desc+20.0;net_wt_over-15.0;date+15.0,15220,2026-02-18 17:50:21.200,STEEL TURNING,TURNSTEEL
1445,22,863,17281,45.1,60.0,133.0,code+40.0;desc+20.0;net_wt_over-15.0;date+15.0,333,2026-02-20 13:13:29.992,STEEL TURNING,TURNSTEEL
1445,22,864,17281,45.1,60.0,133.0,code+40.0;desc+20.0;net_wt_over-15.0;date+15.0,95,2026-02-20 13:13:29.992,STEEL TURNING,TURNSTEEL
1444,23,860,17188,90.4,131.03,145.0,code+40.0;desc+20.0;net_wt+40.0;date+25.0;time+6.03,56480,2026-02-19 20:20:06.332,STEEL TURNING,TURNSTEEL
1444,23,861,17189,52.4,76.02,145.0,code+40.0;desc+20.0;net_wt_over-15.0;date+25.0;time+6.02,12280,2026-02-19 20:20:53.518,STEEL TURNING,TURNSTEEL
1444,23,792,17167,45.1,60.0,133.0,code+40.0;desc+20.0;net_wt_over-15.0;date+15.0,15220,2026-02-18 17:50:21.200,STEEL TURNING,TURNSTEEL
1444,23,863,17281,45.1,60.0,133.0,code+40.0;desc+20.0;net_wt_over-15.0;date+15.0,333,2026-02-20 13:13:29.992,STEEL TURNING,TURNSTEEL
1444,23,864,17281,45.1,60.0,133.0,code+40.0;desc+20.0;net_wt_over-15.0;date+15.0,95,2026-02-20 13:13:29.992,STEEL TURNING,TURNSTEEL
1442,24,792,17167,86.5,115.0,133.0,code+40.0;desc+20.0;net_wt+40.0;date+15.0,15220,2026-02-18 17:50:21.200,STEEL TURNING,TURNSTEEL
1442,24,925,17303,77.4,103.0,133.0,code+40.0;desc+20.0;net_wt+40.0;date+3.0,15180,2026-02-24 17:35:47.621,STEEL TURNING,TURNSTEEL
1442,24,861,17189,50.7,73.51,145.0,code+40.0;desc+20.0;net_wt_over-15.0;date+25.0;time+3.51,12280,2026-02-19 20:20:53.518,STEEL TURNING,TURNSTEEL
1442,24,860,17188,50.7,73.52,145.0,code+40.0;desc+20.0;net_wt_over-15.0;date+25.0;time+3.52,56480,2026-02-19 20:20:06.332,STEEL TURNING,TURNSTEEL
1442,24,863,17281,45.1,60.0,133.0,code+40.0;desc+20.0;net_wt_over-15.0;date+15.0,333,2026-02-20 13:13:29.992,STEEL TURNING,TURNSTEEL
1432,25,730,17010,90.4,131.02,145.0,code+40.0;desc+20.0;net_wt+40.0;date+25.0;time+6.02,40340,2026-02-16 13:52:00.760,STEEL WIRE,STWR
1432,25,606,16749,36.1,48.0,133.0,code+40.0;desc+20.0;net_wt_over-15.0;date+3.0,34200,2026-02-10 19:49:37.810,STEEL WIRE,STWR
1432,25,891,17223,36.1,48.0,133.0,code+40.0;desc+20.0;net_wt_over-15.0;date+3.0,44380,2026-02-20 19:05:08.025,STEEL WIRE,STWR
1432,25,499,16551,33.8,45.0,133.0,code+40.0;desc+20.0;net_wt_over-15.0,30460,2026-02-03 13:45:20.436,STEEL WIRE,STWR
1432,25,940,17371,33.8,45.0,133.0,code+40.0;desc+20.0;net_wt_over-15.0,46900,2026-02-25 13:02:56.737,STEEL WIRE,STWR
1426,26,665,16846,90.4,131.05,145.0,code+40.0;desc+20.0;net_wt+40.0;date+25.0;time+6.05,29040,2026-02-12 19:57:24.238,STEEL BANDING (FE),STBD
1426,26,598,16719,0.0,-13.07,133.0,code_diff-40.0;net_wt+11.43;date+7.5;price+8.0,29600,2026-02-10 14:48:08.968,BUSHELING,Indbush
1426,26,888,17213,0.0,-16.17,133.0,code_diff-40.0;net_wt+23.83,29420,2026-02-20 17:20:49.617,ZZ DO NOT USE - UNPREPARED HMS (UHMS),UNHMS
1426,26,939,17323,0.0,-31.32,133.0,code_diff-40.0;net_wt+8.68,28440,2026-02-24 20:43:39.203,STEEL TURNING,TURNSTEEL
1424,27,645,16811,92.6,134.29,145.0,code+40.0;desc+20.0;net_wt+40.0;date+25.0;time+6.03;price+3.26,40300,2026-02-11 13:35:29.719,BUSHELING,Indbush
1424,27,644,16810,71.3,103.32,145.0,code+40.0;desc+20.0;net_wt+12.28;date+25.0;time+6.04,39540,2026-02-11 13:34:38.799,BUSHELING,Indbush
1424,27,605,16748,47.2,62.82,133.0,code+40.0;desc+20.0;net_wt_over-15.0;date+15.0;price+2.82,38860,2026-02-10 19:48:47.691,BUSHELING,Indbush
1424,27,598,16719,46.6,61.92,133.0,code+40.0;desc+20.0;net_wt_over-15.0;date+15.0;price+1.92,29600,2026-02-10 14:48:08.968,BUSHELING,Indbush
1424,27,659,16817,46.6,61.92,133.0,code+40.0;desc+20.0;net_wt_over-15.0;date+15.0;price+1.92,-810,2026-02-12 14:39:42.421,BUSHELING,Indbush
1423,28,644,16810,90.4,131.03,145.0,code+40.0;desc+20.0;net_wt+40.0;date+25.0;time+6.03,39540,2026-02-11 13:34:38.799,BUSHELING,Indbush
1423,28,645,16811,73.0,105.84,145.0,code+40.0;desc+20.0;net_wt+11.56;date+25.0;time+6.02;price+3.26,40300,2026-02-11 13:35:29.719,BUSHELING,Indbush
1423,28,605,16748,70.2,93.42,133.0,code+40.0;desc+20.0;net_wt+15.6;date+15.0;price+2.82,38860,2026-02-10 19:48:47.691,BUSHELING,Indbush
1423,28,478,16449,50.8,67.51,133.0,code+40.0;desc+20.0;net_wt+7.51,38700,2026-01-30 17:06:06.765,BUSHELING,Indbush
1423,28,659,16817,46.6,61.92,133.0,code+40.0;desc+20.0;net_wt_over-15.0;date+15.0;price+1.92,-810,2026-02-12 14:39:42.421,BUSHELING,Indbush
1417,29,606,16749,90.4,131.05,145.0,code+40.0;desc+20.0;net_wt+40.0;date+25.0;time+6.05,34200,2026-02-10 19:49:37.810,STEEL WIRE,STWR
1417,29,499,16551,36.1,48.0,133.0,code+40.0;desc+20.0;net_wt_over-15.0;date+3.0,30460,2026-02-03 13:45:20.436,STEEL WIRE,STWR
1417,29,730,17010,36.1,48.0,133.0,code+40.0;desc+20.0;net_wt_over-15.0;date+3.0,40340,2026-02-16 13:52:00.760,STEEL WIRE,STWR
1417,29,472,16434,33.8,45.0,133.0,code+40.0;desc+20.0;net_wt_over-15.0,35920,2026-01-29 14:03:26.750,STEEL WIRE,STWR
1417,29,891,17223,33.8,45.0,133.0,code+40.0;desc+20.0;net_wt_over-15.0,44380,2026-02-20 19:05:08.025,STEEL WIRE,STWR
1416,30,605,16748,92.3,133.87,145.0,code+40.0;desc+20.0;net_wt+40.0;date+25.0;time+6.05;price+2.82,38860,2026-02-10 19:48:47.691,BUSHELING,Indbush
1416,30,478,16449,75.2,100.0,133.0,code+40.0;desc+20.0;net_wt+40.0,38700,2026-01-30 17:06:06.765,BUSHELING,Indbush
1416,30,644,16810,67.7,90.0,133.0,code+40.0;desc+20.0;net_wt+15.0;date+15.0,39540,2026-02-11 13:34:38.799,BUSHELING,Indbush
1416,30,598,16719,57.2,82.99,145.0,code+40.0;desc+20.0;net_wt_over-15.0;date+25.0;time+11.07;price+1.92,29600,2026-02-10 14:48:08.968,BUSHELING,Indbush
1416,30,645,16811,47.6,63.26,133.0,code+40.0;desc+20.0;net_wt_over-15.0;date+15.0;price+3.26,40300,2026-02-11 13:35:29.719,BUSHELING,Indbush
1415,31,607,16750,90.4,131.01,145.0,code+40.0;desc+20.0;net_wt+40.0;date+25.0;time+6.01,20980,2026-02-10 19:50:43.781,ZZ DO NOT USE STEEL TURNINGS,FETURN
1415,31,538,16590,77.4,103.0,133.0,code+40.0;desc+20.0;net_wt+40.0;date+3.0,21020,2026-02-04 13:38:49.752,ZZ DO NOT USE STEEL TURNINGS,FETURN
1415,31,620,16756,52.1,75.52,145.0,code+40.0;desc+20.0;net_wt_over-15.0;date+25.0;time+5.52,820,2026-02-10 20:20:32.699,ZZ DO NOT USE STEEL TURNINGS,FETURN
1415,31,614,16756,52.1,75.52,145.0,code+40.0;desc+20.0;net_wt_over-15.0;date+25.0;time+5.52,721,2026-02-10 20:20:32.699,ZZ DO NOT USE STEEL TURNINGS,FETURN
1415,31,625,16756,52.1,75.52,145.0,code+40.0;desc+20.0;net_wt_over-15.0;date+25.0;time+5.52,1152,2026-02-10 20:20:32.699,ZZ DO NOT USE STEEL TURNINGS,FETURN
1413,32,593,16698,86.7,125.65,145.0,code+40.0;desc+20.0;net_wt+40.0;date+25.0;time+0.65,14140,2026-02-09 19:51:32.323,ZZ DO NOT USE STEEL TURNINGS,FETURN
1413,32,581,16712,53.1,76.93,145.0,code+40.0;desc+20.0;net_wt_over-15.0;date+25.0;time+6.93,22600,2026-02-09 13:34:41.885,ZZ DO NOT USE STEEL TURNINGS,FETURN
1413,32,594,16698,48.7,70.65,145.0,code+40.0;desc+20.0;net_wt_over-15.0;date+25.0;time+0.65,7040,2026-02-09 19:51:32.323,ZZ DO NOT USE STEEL TURNINGS,FETURN
1413,32,619,16756,45.1,60.0,133.0,code+40.0;desc+20.0;net_wt_over-15.0;date+15.0,820,2026-02-10 20:20:32.699,ZZ DO NOT USE STEEL TURNINGS,FETURN
1413,32,615,16756,45.1,60.0,133.0,code+40.0;desc+20.0;net_wt_over-15.0;date+15.0,721,2026-02-10 20:20:32.699,ZZ DO NOT USE STEEL TURNINGS,FETURN
1412,33,581,16712,90.4,131.02,145.0,code+40.0;desc+20.0;net_wt+40.0;date+25.0;time+6.02,22600,2026-02-09 13:34:41.885,ZZ DO NOT USE STEEL TURNINGS,FETURN
1412,33,593,16698,48.3,70.0,145.0,code+40.0;desc+20.0;net_wt_over-15.0;date+25.0,14140,2026-02-09 19:51:32.323,ZZ DO NOT USE STEEL TURNINGS,FETURN
1412,33,594,16698,48.3,70.0,145.0,code+40.0;desc+20.0;net_wt_over-15.0;date+25.0,7040,2026-02-09 19:51:32.323,ZZ DO NOT USE STEEL TURNINGS,FETURN
1412,33,619,16756,45.1,60.0,133.0,code+40.0;desc+20.0;net_wt_over-15.0;date+15.0,820,2026-02-10 20:20:32.699,ZZ DO NOT USE STEEL TURNINGS,FETURN
1412,33,614,16756,45.1,60.0,133.0,code+40.0;desc+20.0;net_wt_over-15.0;date+15.0,721,2026-02-10 20:20:32.699,ZZ DO NOT USE STEEL TURNINGS,FETURN
1410,34,559,16621,56.1,81.38,145.0,code+40.0;desc+20.0;net_wt_over-15.0;date+25.0;time+11.38,320,2026-02-06 13:33:30.581,ZZ DO NOT USE STEEL TURNINGS,FETURN
1410,34,581,16712,39.5,52.5,133.0,code+40.0;desc+20.0;net_wt_over-15.0;date+7.5,22600,2026-02-09 13:34:41.885,ZZ DO NOT USE STEEL TURNINGS,FETURN
1410,34,594,16698,39.5,52.5,133.0,code+40.0;desc+20.0;net_wt_over-15.0;date+7.5,7040,2026-02-09 19:51:32.323,ZZ DO NOT USE STEEL TURNINGS,FETURN
1410,34,538,16590,39.5,52.5,133.0,code+40.0;desc+20.0;net_wt_over-15.0;date+7.5,21020,2026-02-04 13:38:49.752,ZZ DO NOT USE STEEL TURNINGS,FETURN
1410,34,539,16591,39.5,52.5,133.0,code+40.0;desc+20.0;net_wt_over-15.0;date+7.5,17400,2026-02-04 13:40:08.540,ZZ DO NOT USE STEEL TURNINGS,FETURN
1429,35,564,16862,52.7,76.48,145.0,code+40.0;desc+20.0;net_wt_over-15.0;date+25.0;time+6.48,524,2026-02-06 14:34:00.750,EDM WIRE,EDMW
1429,35,565,16862,52.7,76.48,145.0,code+40.0;desc+20.0;net_wt_over-15.0;date+25.0;time+6.48,658,2026-02-06 14:34:00.750,EDM WIRE,EDMW
1429,35,632,16754,36.1,48.0,133.0,code+40.0;desc+20.0;net_wt_over-15.0;date+3.0,309,2026-02-10 20:22:20.241,EDM WIRE,EDMW
1429,35,415,16278,33.8,45.0,133.0,code+40.0;desc+20.0;net_wt_over-15.0,64,2026-01-23 18:17:47.415,EDM WIRE,EDMW
1429,35,488,16493,0.0,-30.99,133.0,code_diff-40.0;net_wt+6.01;date+3.0,1208,2026-02-02 17:22:11.214,ZZ DO NOT USE - UNPREPARED HMS (UHMS),UNHMS
1429,36,561,16862,52.7,76.48,145.0,code+40.0;desc+20.0;net_wt_over-15.0;date+25.0;time+6.48,33,2026-02-06 14:34:00.750,TUNGSTEN MOLY TA INSERTS,TUNGMOTAINS
1429,36,568,16862,52.7,76.48,145.0,code+40.0;desc+20.0;net_wt_over-15.0;date+25.0;time+6.48,55,2026-02-06 14:34:00.750,TUNGSTEN MOLY TA INSERTS,TUNGMOTAINS
1429,36,569,16862,52.7,76.48,145.0,code+40.0;desc+20.0;net_wt_over-15.0;date+25.0;time+6.48,37,2026-02-06 14:34:00.750,TUNGSTEN MOLY TA INSERTS,TUNGMOTAINS
1429,36,571,16862,52.7,76.48,145.0,code+40.0;desc+20.0;net_wt_over-15.0;date+25.0;time+6.48,35,2026-02-06 14:34:00.750,TUNGSTEN MOLY TA INSERTS,TUNGMOTAINS
1429,36,572,16862,52.7,76.48,145.0,code+40.0;desc+20.0;net_wt_over-15.0;date+25.0;time+6.48,35,2026-02-06 14:34:00.750,TUNGSTEN MOLY TA INSERTS,TUNGMOTAINS
1429,37,570,16862,90.7,131.48,145.0,code+40.0;desc+20.0;net_wt+40.0;date+25.0;time+6.48,366,2026-02-06 14:34:00.750,ALUMINUM MLC,ALUMLC
1429,37,528,16538,12.9,17.11,133.0,code_diff-40.0;desc+16.0;net_wt+33.61;date+7.5,369,2026-02-03 18:05:46.278,ALUMINUM RIMS,ALWHEEL
1429,37,566,16862,6.0,8.69,145.0,code_diff-40.0;net_wt+17.21;date+25.0;time+6.48,360,2026-02-06 14:34:00.750,ZZ DO NOT USE - ALUMINUM TURNINGS,ALMTRNG
1429,37,399,16273,0.0,-28.25,133.0,code_diff-40.0;net_wt+11.75,373,2026-01-23 16:22:35.228,380 ALUMINUM TURNINGS,380ALTRN
1429,37,718,16890,0.0,-25.1,133.0,code_diff-40.0;net_wt+11.75;date+3.0;price+0.15,373,2026-02-13 18:47:51.543,6061 ALUMINUM - SPC,AL06061
1429,38,562,16862,52.7,76.48,145.0,code+40.0;desc+20.0;net_wt_over-15.0;date+25.0;time+6.48,1290,2026-02-06 14:34:00.750,17-4 SOLIDS,174SOLIDS
1429,38,563,16862,52.7,76.48,145.0,code+40.0;desc+20.0;net_wt_over-15.0;date+25.0;time+6.48,1416,2026-02-06 14:34:00.750,17-4 SOLIDS,174SOLIDS
1429,38,609,16753,0.0,-8.43,133.0,code_diff-40.0;net_wt+28.57;date+3.0,2735,2026-02-10 20:15:35.526,HEAVY MELT,INDHVYM
1429,38,722,16892,0.0,-17.3,133.0,code_diff-40.0;net_wt+19.7;date+3.0,2747,2026-02-13 18:52:34.719,HEAVY MELT,INDHVYM
1429,39,673,16854,54.3,72.25,133.0,code+40.0;desc+20.0;net_wt+9.25;date+3.0,651,2026-02-13 13:30:43.802,ZZ DO NOT USE - ALUMINUM TURNINGS,ALMTRNG
1429,39,555,16621,53.4,77.49,145.0,code+40.0;desc+20.0;net_wt_over-15.0;date+25.0;time+7.49,209,2026-02-06 13:33:30.581,ZZ DO NOT USE - ALUMINUM TURNINGS,ALMTRNG
1429,39,556,16621,53.4,77.49,145.0,code+40.0;desc+20.0;net_wt_over-15.0;date+25.0;time+7.49,234,2026-02-06 13:33:30.581,ZZ DO NOT USE - ALUMINUM TURNINGS,ALMTRNG
1429,39,557,16621,53.4,77.49,145.0,code+40.0;desc+20.0;net_wt_over-15.0;date+25.0;time+7.49,250,2026-02-06 13:33:30.581,ZZ DO NOT USE - ALUMINUM TURNINGS,ALMTRNG
1429,39,558,16621,53.4,77.49,145.0,code+40.0;desc+20.0;net_wt_over-15.0;date+25.0;time+7.49,272,2026-02-06 13:33:30.581,ZZ DO NOT USE - ALUMINUM TURNINGS,ALMTRNG
1401,40,549,16576,92.3,133.86,145.0,code+40.0;desc+20.0;net_wt+40.0;date+25.0;time+6.04;price+2.82,36900,2026-02-04 19:38:14.126,BUSHELING,Indbush
1401,40,540,16553,56.3,81.57,145.0,code+40.0;desc+20.0;net_wt_over-15.0;date+25.0;time+11.57,19340,2026-02-04 14:06:13.683,BUSHELING,Indbush
1401,40,550,16576,55.5,76.04,137.0,code+40.0;desc+20.0;net_wt_over-15.0;date+25.0;time+6.04,0,2026-02-04 19:38:14.126,BUSHELING,Indbush
1401,40,544,16573,54.0,78.33,145.0,code+40.0;desc+20.0;net_wt_over-15.0;date+25.0;time+6.41;price+1.92,1480,2026-02-04 19:16:05.396,BUSHELING,Indbush
1401,40,548,16573,54.0,78.33,145.0,code+40.0;desc+20.0;net_wt_over-15.0;date+25.0;time+6.41;price+1.92,-1404,2026-02-04 19:16:05.396,BUSHELING,Indbush
1405,41,539,16591,90.4,131.02,145.0,code+40.0;desc+20.0;net_wt+40.0;date+25.0;time+6.02,17400,2026-02-04 13:40:08.540,ZZ DO NOT USE STEEL TURNINGS,FETURN
1405,41,538,16590,52.4,76.04,145.0,code+40.0;desc+20.0;net_wt_over-15.0;date+25.0;time+6.04,21020,2026-02-04 13:38:49.752,ZZ DO NOT USE STEEL TURNINGS,FETURN
1405,41,559,16621,39.5,52.5,133.0,code+40.0;desc+20.0;net_wt_over-15.0;date+7.5,320,2026-02-06 13:33:30.581,ZZ DO NOT USE STEEL TURNINGS,FETURN
1405,41,495,16522,39.5,52.5,133.0,code+40.0;desc+20.0;net_wt_over-15.0;date+7.5,13360,2026-02-02 20:05:30.528,ZZ DO NOT USE STEEL TURNINGS,FETURN
1405,41,617,16756,36.1,48.0,133.0,code+40.0;desc+20.0;net_wt_over-15.0;date+3.0,759,2026-02-10 20:20:32.699,ZZ DO NOT USE STEEL TURNINGS,FETURN
1404,42,538,16590,90.4,131.01,145.0,code+40.0;desc+20.0;net_wt+40.0;date+25.0;time+6.01,21020,2026-02-04 13:38:49.752,ZZ DO NOT USE STEEL TURNINGS,FETURN
1404,42,607,16750,77.4,103.0,133.0,code+40.0;desc+20.0;net_wt+40.0;date+3.0,20980,2026-02-10 19:50:43.781,ZZ DO NOT USE STEEL TURNINGS,FETURN
1404,42,539,16591,52.4,75.99,145.0,code+40.0;desc+20.0;net_wt_over-15.0;date+25.0;time+5.99,17400,2026-02-04 13:40:08.540,ZZ DO NOT USE STEEL TURNINGS,FETURN
1404,42,495,16522,39.5,52.5,133.0,code+40.0;desc+20.0;net_wt_over-15.0;date+7.5,13360,2026-02-02 20:05:30.528,ZZ DO NOT USE STEEL TURNINGS,FETURN
1404,42,559,16621,39.5,52.5,133.0,code+40.0;desc+20.0;net_wt_over-15.0;date+7.5,320,2026-02-06 13:33:30.581,ZZ DO NOT USE STEEL TURNINGS,FETURN
1395,43,500,16552,90.4,131.03,145.0,code+40.0;desc+20.0;net_wt+40.0;date+25.0;time+6.03,49780,2026-02-03 13:47:08.944,BUSHELING,Indbush
1395,43,535,16539,49.2,71.28,145.0,code+40.0;desc+20.0;net_wt_over-15.0;date+25.0;time+1.28,6460,2026-02-03 18:31:40.911,BUSHELING,Indbush
1395,43,550,16576,48.0,60.0,125.0,code+40.0;desc+20.0;net_wt_over-15.0;date+15.0,0,2026-02-04 19:38:14.126,BUSHELING,Indbush
1395,43,549,16576,47.2,62.82,133.0,code+40.0;desc+20.0;net_wt_over-15.0;date+15.0;price+2.82,36900,2026-02-04 19:38:14.126,BUSHELING,Indbush
1395,43,545,16573,46.6,61.92,133.0,code+40.0;desc+20.0;net_wt_over-15.0;date+15.0;price+1.92,860,2026-02-04 19:16:05.396,BUSHELING,Indbush
1394,44,499,16551,90.4,131.04,145.0,code+40.0;desc+20.0;net_wt+40.0;date+25.0;time+6.04,30460,2026-02-03 13:45:20.436,STEEL WIRE,STWR
1394,44,472,16434,36.1,48.0,133.0,code+40.0;desc+20.0;net_wt_over-15.0;date+3.0,35920,2026-01-29 14:03:26.750,STEEL WIRE,STWR
1394,44,606,16749,36.1,48.0,133.0,code+40.0;desc+20.0;net_wt_over-15.0;date+3.0,34200,2026-02-10 19:49:37.810,STEEL WIRE,STWR
1394,44,387,16256,33.8,45.0,133.0,code+40.0;desc+20.0;net_wt_over-15.0,23680,2026-01-22 21:03:40.564,STEEL WIRE,STWR
1394,44,388,16257,33.8,45.0,133.0,code+40.0;desc+20.0;net_wt_over-15.0,27380,2026-01-22 21:04:28.232,STEEL WIRE,STWR
1383,45,485,16465,90.4,131.01,145.0,code+40.0;desc+20.0;net_wt+40.0;date+25.0;time+6.01,47060,2026-01-30 20:21:14.855,ZZ DO NOT USE STEEL TURNINGS,FETURN
1383,45,476,16432,55.9,81.09,145.0,code+40.0;desc+20.0;net_wt_over-15.0;date+25.0;time+11.09,18960,2026-01-30 13:27:31.279,ZZ DO NOT USE STEEL TURNINGS,FETURN
1383,45,471,16456,45.1,60.0,133.0,code+40.0;desc+20.0;net_wt_over-15.0;date+15.0,11020,2026-01-29 13:46:26.707,ZZ DO NOT USE STEEL TURNINGS,FETURN
1383,45,441,16352,39.5,52.5,133.0,code+40.0;desc+20.0;net_wt_over-15.0;date+7.5,13460,2026-01-27 19:31:18.524,ZZ DO NOT USE STEEL TURNINGS,FETURN
1383,45,495,16522,39.5,52.5,133.0,code+40.0;desc+20.0;net_wt_over-15.0;date+7.5,13360,2026-02-02 20:05:30.528,ZZ DO NOT USE STEEL TURNINGS,FETURN
1382,46,476,16432,54.7,79.26,145.0,code+40.0;desc+20.0;net_wt_over-15.0;date+25.0;time+9.26,18960,2026-01-30 13:27:31.279,ZZ DO NOT USE STEEL TURNINGS,FETURN
1382,46,485,16465,49.9,72.37,145.0,code+40.0;desc+20.0;net_wt_over-15.0;date+25.0;time+2.37,47060,2026-01-30 20:21:14.855,ZZ DO NOT USE STEEL TURNINGS,FETURN
1382,46,471,16456,45.1,60.0,133.0,code+40.0;desc+20.0;net_wt_over-15.0;date+15.0,11020,2026-01-29 13:46:26.707,ZZ DO NOT USE STEEL TURNINGS,FETURN
1382,46,441,16352,39.5,52.5,133.0,code+40.0;desc+20.0;net_wt_over-15.0;date+7.5,13460,2026-01-27 19:31:18.524,ZZ DO NOT USE STEEL TURNINGS,FETURN
1382,46,495,16522,39.5,52.5,133.0,code+40.0;desc+20.0;net_wt_over-15.0;date+7.5,13360,2026-02-02 20:05:30.528,ZZ DO NOT USE STEEL TURNINGS,FETURN
1387,47,476,16432,90.6,131.34,145.0,code+40.0;desc+20.0;net_wt+40.0;date+25.0;time+6.34,18960,2026-01-30 13:27:31.279,ZZ DO NOT USE STEEL TURNINGS,FETURN
1387,47,485,16465,48.3,70.0,145.0,code+40.0;desc+20.0;net_wt_over-15.0;date+25.0,47060,2026-01-30 20:21:14.855,ZZ DO NOT USE STEEL TURNINGS,FETURN
1387,47,471,16456,45.1,60.0,133.0,code+40.0;desc+20.0;net_wt_over-15.0;date+15.0,11020,2026-01-29 13:46:26.707,ZZ DO NOT USE STEEL TURNINGS,FETURN
1387,47,495,16522,39.5,52.5,133.0,code+40.0;desc+20.0;net_wt_over-15.0;date+7.5,13360,2026-02-02 20:05:30.528,ZZ DO NOT USE STEEL TURNINGS,FETURN
1387,47,441,16352,39.5,52.5,133.0,code+40.0;desc+20.0;net_wt_over-15.0;date+7.5,13460,2026-01-27 19:31:18.524,ZZ DO NOT USE STEEL TURNINGS,FETURN
1386,48,471,16456,86.5,115.0,133.0,code+40.0;desc+20.0;net_wt+40.0;date+15.0,11020,2026-01-29 13:46:26.707,ZZ DO NOT USE STEEL TURNINGS,FETURN
1386,48,476,16432,52.6,76.33,145.0,code+40.0;desc+20.0;net_wt_over-15.0;date+25.0;time+6.33,18960,2026-01-30 13:27:31.279,ZZ DO NOT USE STEEL TURNINGS,FETURN
1386,48,485,16465,48.3,70.0,145.0,code+40.0;desc+20.0;net_wt_over-15.0;date+25.0,47060,2026-01-30 20:21:14.855,ZZ DO NOT USE STEEL TURNINGS,FETURN
1386,48,441,16352,39.5,52.5,133.0,code+40.0;desc+20.0;net_wt_over-15.0;date+7.5,13460,2026-01-27 19:31:18.524,ZZ DO NOT USE STEEL TURNINGS,FETURN
1386,48,495,16522,39.5,52.5,133.0,code+40.0;desc+20.0;net_wt_over-15.0;date+7.5,13360,2026-02-02 20:05:30.528,ZZ DO NOT USE STEEL TURNINGS,FETURN
1380,49,473,16435,90.8,131.71,145.0,code+40.0;desc+20.0;net_wt+40.0;date+25.0;time+6.13;price+0.58,17760,2026-01-29 14:07:35.156,BUSHELING,Indbush
1380,49,478,16449,45.1,60.0,133.0,code+40.0;desc+20.0;net_wt_over-15.0;date+15.0,38700,2026-01-30 17:06:06.765,BUSHELING,Indbush
1380,49,423,16303,40.9,54.42,133.0,code+40.0;desc+20.0;net_wt_over-15.0;date+7.5;price+1.92,30608,2026-01-26 14:12:29.468,BUSHELING,Indbush
1380,49,432,16318,40.9,54.42,133.0,code+40.0;desc+20.0;net_wt_over-15.0;date+7.5;price+1.92,-300,2026-01-26 19:36:12.950,BUSHELING,Indbush
1380,49,431,16318,40.9,54.42,133.0,code+40.0;desc+20.0;net_wt_over-15.0;date+7.5;price+1.92,620,2026-01-26 19:36:12.950,BUSHELING,Indbush
1379,50,472,16434,90.5,131.18,145.0,code+40.0;desc+20.0;net_wt+40.0;date+25.0;time+6.18,35920,2026-01-29 14:03:26.750,STEEL WIRE,STWR
1379,50,387,16256,36.1,48.0,133.0,code+40.0;desc+20.0;net_wt_over-15.0;date+3.0,23680,2026-01-22 21:03:40.564,STEEL WIRE,STWR
1379,50,388,16257,36.1,48.0,133.0,code+40.0;desc+20.0;net_wt_over-15.0;date+3.0,27380,2026-01-22 21:04:28.232,STEEL WIRE,STWR
1379,50,499,16551,36.1,48.0,133.0,code+40.0;desc+20.0;net_wt_over-15.0;date+3.0,30460,2026-02-03 13:45:20.436,STEEL WIRE,STWR
1379,50,304,16088,33.8,45.0,133.0,code+40.0;desc+20.0;net_wt_over-15.0,25760,2026-01-15 14:04:25.604,STEEL WIRE,STWR
1378,51,471,16456,52.4,76.0,145.0,code+40.0;desc+20.0;net_wt_over-15.0;date+25.0;time+6.0,11020,2026-01-29 13:46:26.707,ZZ DO NOT USE STEEL TURNINGS,FETURN
1378,51,485,16465,45.1,60.0,133.0,code+40.0;desc+20.0;net_wt_over-15.0;date+15.0,47060,2026-01-30 20:21:14.855,ZZ DO NOT USE STEEL TURNINGS,FETURN
1378,51,476,16432,45.1,60.0,133.0,code+40.0;desc+20.0;net_wt_over-15.0;date+15.0,18960,2026-01-30 13:27:31.279,ZZ DO NOT USE STEEL TURNINGS,FETURN
1378,51,425,16305,39.5,52.5,133.0,code+40.0;desc+20.0;net_wt_over-15.0;date+7.5,2100,2026-01-26 14:31:24.194,ZZ DO NOT USE STEEL TURNINGS,FETURN
1378,51,441,16352,39.5,52.5,133.0,code+40.0;desc+20.0;net_wt_over-15.0;date+7.5,13460,2026-01-27 19:31:18.524,ZZ DO NOT USE STEEL TURNINGS,FETURN
1375,52,460,16387,90.4,131.01,145.0,code+40.0;desc+20.0;net_wt+40.0;date+25.0;time+6.01,23980,2026-01-28 20:07:54.586,STEEL BANDING (FE),STBD
1375,52,321,16129,33.8,45.0,133.0,code+40.0;desc+20.0;net_wt_over-15.0,20040,2026-01-19 14:01:12.731,STEEL BANDING (FE),STBD
1375,52,387,16256,0.0,-12.02,133.0,code_diff-40.0;net_wt+24.98;date+3.0,23680,2026-01-22 21:03:40.564,STEEL WIRE,STWR
1375,52,580,16646,0.0,0.0,133.0,code_diff-40.0;net_wt+40.0,23920,2026-02-06 19:28:34.499,304 STAINLESS SOLIDS,NISS300
1377,53,456,16365,54.4,78.9,145.0,code+40.0;desc+20.0;net_wt_over-15.0;date+25.0;time+8.9,897,2026-01-28 14:51:39.399,SHEET IRON,SHIRST
1377,53,457,16376,51.9,75.24,145.0,code+40.0;desc+20.0;net_wt_over-15.0;date+25.0;time+5.24,940,2026-01-28 18:30:49.743,SHEET IRON,SHIRST
1377,53,458,16379,51.6,74.89,145.0,code+40.0;desc+20.0;net_wt_over-15.0;date+25.0;time+4.89,4260,2026-01-28 18:52:04.887,SHEET IRON,SHIRST
1377,53,442,16354,45.1,60.0,133.0,code+40.0;desc+20.0;net_wt_over-15.0;date+15.0,140,2026-01-27 19:45:15.814,SHEET IRON,SHIRST
1377,53,437,16347,45.1,60.0,133.0,code+40.0;desc+20.0;net_wt_over-15.0;date+15.0,2216,2026-01-27 18:41:25.036,SHEET IRON,SHIRST
1372,54,433,16324,90.8,131.59,145.0,code+40.0;desc+20.0;net_wt+40.0;date+25.0;time+6.01;price+0.58,47620,2026-01-26 20:19:17.711,BUSHELING,Indbush
1372,54,368,16197,77.4,103.0,133.0,code+40.0;desc+20.0;net_wt+40.0;date+3.0,47700,2026-01-21 14:01:05.637,BUSHELING,Indbush
1372,54,423,16303,57.8,83.79,145.0,code+40.0;desc+20.0;net_wt_over-15.0;date+25.0;time+11.87;price+1.92,30608,2026-01-26 14:12:29.468,BUSHELING,Indbush
1372,54,430,16318,54.2,78.65,145.0,code+40.0;desc+20.0;net_wt_over-15.0;date+25.0;time+6.73;price+1.92,660,2026-01-26 19:36:12.950,BUSHELING,Indbush
1372,54,432,16318,54.2,78.65,145.0,code+40.0;desc+20.0;net_wt_over-15.0;date+25.0;time+6.73;price+1.92,-300,2026-01-26 19:36:12.950,BUSHELING,Indbush
1369,55,388,16257,90.4,131.03,145.0,code+40.0;desc+20.0;net_wt+40.0;date+25.0;time+6.03,27380,2026-01-22 21:04:28.232,STEEL WIRE,STWR
1369,55,387,16256,52.4,76.04,145.0,code+40.0;desc+20.0;net_wt_over-15.0;date+25.0;time+6.04,23680,2026-01-22 21:03:40.564,STEEL WIRE,STWR
1369,55,304,16088,36.1,48.0,133.0,code+40.0;desc+20.0;net_wt_over-15.0;date+3.0,25760,2026-01-15 14:04:25.604,STEEL WIRE,STWR
1369,55,472,16434,36.1,48.0,133.0,code+40.0;desc+20.0;net_wt_over-15.0;date+3.0,35920,2026-01-29 14:03:26.750,STEEL WIRE,STWR
1369,55,224,15883,33.8,45.0,133.0,code+40.0;desc+20.0;net_wt_over-15.0,39680,2026-01-09 20:35:50.665,STEEL WIRE,STWR
1368,56,387,16256,90.4,131.03,145.0,code+40.0;desc+20.0;net_wt+40.0;date+25.0;time+6.03,23680,2026-01-22 21:03:40.564,STEEL WIRE,STWR
1368,56,388,16257,52.4,76.02,145.0,code+40.0;desc+20.0;net_wt_over-15.0;date+25.0;time+6.02,27380,2026-01-22 21:04:28.232,STEEL WIRE,STWR
1368,56,304,16088,36.1,48.0,133.0,code+40.0;desc+20.0;net_wt_over-15.0;date+3.0,25760,2026-01-15 14:04:25.604,STEEL WIRE,STWR
1368,56,472,16434,36.1,48.0,133.0,code+40.0;desc+20.0;net_wt_over-15.0;date+3.0,35920,2026-01-29 14:03:26.750,STEEL WIRE,STWR
1368,56,224,15883,33.8,45.0,133.0,code+40.0;desc+20.0;net_wt_over-15.0,39680,2026-01-09 20:35:50.665,STEEL WIRE,STWR
1360,57,337,16185,90.8,131.6,145.0,code+40.0;desc+20.0;net_wt+40.0;date+25.0;time+6.02;price+0.58,42600,2026-01-20 20:08:10.435,BUSHELING,Indbush
1360,57,334,16161,56.1,81.39,145.0,code+40.0;desc+20.0;net_wt_over-15.0;date+25.0;time+9.47;price+1.92,800,2026-01-20 16:41:02.590,BUSHELING,Indbush
1360,57,331,16161,56.1,81.39,145.0,code+40.0;desc+20.0;net_wt_over-15.0;date+25.0;time+9.47;price+1.92,1720,2026-01-20 16:41:02.590,BUSHELING,Indbush
1360,57,332,16161,56.1,81.39,145.0,code+40.0;desc+20.0;net_wt_over-15.0;date+25.0;time+9.47;price+1.92,1000,2026-01-20 16:41:02.590,BUSHELING,Indbush
1360,57,333,16161,56.1,81.39,145.0,code+40.0;desc+20.0;net_wt_over-15.0;date+25.0;time+9.47;price+1.92,820,2026-01-20 16:41:02.590,BUSHELING,Indbush
1361,58,326,16149,51.8,75.07,145.0,code+40.0;desc+20.0;net_wt_over-15.0;date+25.0;time+5.07,1020,2026-01-20 13:50:42.346,SHEET IRON,SHIRST
1361,58,329,16155,50.9,73.84,145.0,code+40.0;desc+20.0;net_wt_over-15.0;date+25.0;time+3.84,4356,2026-01-20 15:04:32.061,SHEET IRON,SHIRST
1361,58,330,16156,50.7,73.49,145.0,code+40.0;desc+20.0;net_wt_over-15.0;date+25.0;time+3.49,180,2026-01-20 15:25:53.453,SHEET IRON,SHIRST
1361,58,336,16177,48.4,70.25,145.0,code+40.0;desc+20.0;net_wt_over-15.0;date+25.0;time+0.25,1520,2026-01-20 18:40:14.612,SHEET IRON,SHIRST
1361,58,338,16189,48.3,70.0,145.0,code+40.0;desc+20.0;net_wt_over-15.0;date+25.0,280,2026-01-20 20:34:56.670,SHEET IRON,SHIRST
1353,59,308,16089,55.3,80.15,145.0,code+40.0;desc+20.0;net_wt_over-15.0;date+25.0;time+10.15,22440,2026-01-16 13:55:43.277,ZZ DO NOT USE STEEL TURNINGS,FETURN
1353,59,294,16050,39.5,52.5,133.0,code+40.0;desc+20.0;net_wt_over-15.0;date+7.5,15280,2026-01-14 19:00:49.416,ZZ DO NOT USE STEEL TURNINGS,FETURN
1353,59,250,16024,39.5,52.5,133.0,code+40.0;desc+20.0;net_wt_over-15.0;date+7.5,43100,2026-01-13 20:05:45.031,ZZ DO NOT USE STEEL TURNINGS,FETURN
1353,59,397,16272,36.1,48.0,133.0,code+40.0;desc+20.0;net_wt_over-15.0;date+3.0,36680,2026-01-23 16:20:07.740,ZZ DO NOT USE STEEL TURNINGS,FETURN
1353,59,396,16394,36.1,48.0,133.0,code+40.0;desc+20.0;net_wt_over-15.0;date+3.0,14660,2026-01-23 13:59:34.224,ZZ DO NOT USE STEEL TURNINGS,FETURN
1352,60,308,16089,55.2,80.1,145.0,code+40.0;desc+20.0;net_wt_over-15.0;date+25.0;time+10.1,22440,2026-01-16 13:55:43.277,ZZ DO NOT USE STEEL TURNINGS,FETURN
1352,60,294,16050,39.5,52.5,133.0,code+40.0;desc+20.0;net_wt_over-15.0;date+7.5,15280,2026-01-14 19:00:49.416,ZZ DO NOT USE STEEL TURNINGS,FETURN
1352,60,250,16024,39.5,52.5,133.0,code+40.0;desc+20.0;net_wt_over-15.0;date+7.5,43100,2026-01-13 20:05:45.031,ZZ DO NOT USE STEEL TURNINGS,FETURN
1352,60,397,16272,36.1,48.0,133.0,code+40.0;desc+20.0;net_wt_over-15.0;date+3.0,36680,2026-01-23 16:20:07.740,ZZ DO NOT USE STEEL TURNINGS,FETURN
1352,60,396,16394,36.1,48.0,133.0,code+40.0;desc+20.0;net_wt_over-15.0;date+3.0,14660,2026-01-23 13:59:34.224,ZZ DO NOT USE STEEL TURNINGS,FETURN
1356,61,321,16129,80.8,107.5,133.0,code+40.0;desc+20.0;net_wt+40.0;date+7.5,20040,2026-01-19 14:01:12.731,STEEL BANDING (FE),STBD
1356,61,29,15726,33.8,45.0,133.0,code+40.0;desc+20.0;net_wt_over-15.0,26800,2026-01-05 19:55:37.466,STEEL BANDING (FE),STBD
1356,61,460,16387,33.8,45.0,133.0,code+40.0;desc+20.0;net_wt_over-15.0,23980,2026-01-28 20:07:54.586,STEEL BANDING (FE),STBD
1356,61,297,16051,4.2,5.52,133.0,code_diff-40.0;net_wt+38.02;date+7.5,19920,2026-01-14 19:03:19.031,ZZ DO NOT USE - UNPREPARED HMS (UHMS),UNHMS
1339,62,308,16089,45.1,60.0,133.0,code+40.0;desc+20.0;net_wt_over-15.0;date+15.0,22440,2026-01-16 13:55:43.277,ZZ DO NOT USE STEEL TURNINGS,FETURN
1339,62,294,16050,45.1,60.0,133.0,code+40.0;desc+20.0;net_wt_over-15.0;date+15.0,15280,2026-01-14 19:00:49.416,ZZ DO NOT USE STEEL TURNINGS,FETURN
1339,62,250,16024,39.5,52.5,133.0,code+40.0;desc+20.0;net_wt_over-15.0;date+7.5,43100,2026-01-13 20:05:45.031,ZZ DO NOT USE STEEL TURNINGS,FETURN
1339,62,238,15945,39.5,52.5,133.0,code+40.0;desc+20.0;net_wt_over-15.0;date+7.5,18440,2026-01-12 18:28:19.356,ZZ DO NOT USE STEEL TURNINGS,FETURN
1339,62,167,15789,36.1,48.0,133.0,code+40.0;desc+20.0;net_wt_over-15.0;date+3.0,8180,2026-01-08 15:08:36.804,ZZ DO NOT USE STEEL TURNINGS,FETURN
1350,63,304,16088,90.4,131.03,145.0,code+40.0;desc+20.0;net_wt+40.0;date+25.0;time+6.03,25760,2026-01-15 14:04:25.604,STEEL WIRE,STWR
1350,63,224,15883,36.1,48.0,133.0,code+40.0;desc+20.0;net_wt_over-15.0;date+3.0,39680,2026-01-09 20:35:50.665,STEEL WIRE,STWR
1350,63,225,15884,36.1,48.0,133.0,code+40.0;desc+20.0;net_wt_over-15.0;date+3.0,38520,2026-01-09 20:40:06.747,STEEL WIRE,STWR
1350,63,387,16256,36.1,48.0,133.0,code+40.0;desc+20.0;net_wt_over-15.0;date+3.0,23680,2026-01-22 21:03:40.564,STEEL WIRE,STWR
1350,63,388,16257,36.1,48.0,133.0,code+40.0;desc+20.0;net_wt_over-15.0;date+3.0,27380,2026-01-22 21:04:28.232,STEEL WIRE,STWR
1344,64,316,16108,45.9,61.0,133.0,code+40.0;desc+20.0;net_wt_over-15.0;date+15.0;price+1.0,187,2026-01-16 20:40:08.592,ZZ DO NOT USE ALUMINUM BREAKAGE,ALBRKG
1344,64,280,16052,45.1,60.0,133.0,code+40.0;desc+20.0;net_wt_over-15.0;date+15.0,521,2026-01-14 18:59:19.320,ZZ DO NOT USE ALUMINUM BREAKAGE,ALBRKG
1344,64,299,16061,45.1,60.0,133.0,code+40.0;desc+20.0;net_wt_over-15.0;date+15.0,20,2026-01-14 20:33:16.376,ZZ DO NOT USE ALUMINUM BREAKAGE,ALBRKG
1344,64,311,16103,45.1,60.0,133.0,code+40.0;desc+20.0;net_wt_over-15.0;date+15.0,2,2026-01-16 20:02:45.125,ZZ DO NOT USE ALUMINUM BREAKAGE,ALBRKG
1344,64,188,15874,36.1,48.0,133.0,code+40.0;desc+20.0;net_wt_over-15.0;date+3.0,52,2026-01-09 19:34:31.967,ZZ DO NOT USE ALUMINUM BREAKAGE,ALBRKG
1338,65,294,16050,51.0,73.93,145.0,code+40.0;desc+20.0;net_wt_over-15.0;date+25.0;time+3.93,15280,2026-01-14 19:00:49.416,ZZ DO NOT USE STEEL TURNINGS,FETURN
1338,65,250,16024,45.1,60.0,133.0,code+40.0;desc+20.0;net_wt_over-15.0;date+15.0,43100,2026-01-13 20:05:45.031,ZZ DO NOT USE STEEL TURNINGS,FETURN
1338,65,308,16089,39.5,52.5,133.0,code+40.0;desc+20.0;net_wt_over-15.0;date+7.5,22440,2026-01-16 13:55:43.277,ZZ DO NOT USE STEEL TURNINGS,FETURN
1338,65,238,15945,39.5,52.5,133.0,code+40.0;desc+20.0;net_wt_over-15.0;date+7.5,18440,2026-01-12 18:28:19.356,ZZ DO NOT USE STEEL TURNINGS,FETURN
1338,65,167,15789,36.1,48.0,133.0,code+40.0;desc+20.0;net_wt_over-15.0;date+3.0,8180,2026-01-08 15:08:36.804,ZZ DO NOT USE STEEL TURNINGS,FETURN
1335,66,250,16024,90.4,131.02,145.0,code+40.0;desc+20.0;net_wt+40.0;date+25.0;time+6.02,43100,2026-01-13 20:05:45.031,ZZ DO NOT USE STEEL TURNINGS,FETURN
1335,66,294,16050,45.1,60.0,133.0,code+40.0;desc+20.0;net_wt_over-15.0;date+15.0,15280,2026-01-14 19:00:49.416,ZZ DO NOT USE STEEL TURNINGS,FETURN
1335,66,238,15945,45.1,60.0,133.0,code+40.0;desc+20.0;net_wt_over-15.0;date+15.0,18440,2026-01-12 18:28:19.356,ZZ DO NOT USE STEEL TURNINGS,FETURN
1335,66,308,16089,39.5,52.5,133.0,code+40.0;desc+20.0;net_wt_over-15.0;date+7.5,22440,2026-01-16 13:55:43.277,ZZ DO NOT USE STEEL TURNINGS,FETURN
1335,66,167,15789,36.1,48.0,133.0,code+40.0;desc+20.0;net_wt_over-15.0;date+3.0,8180,2026-01-08 15:08:36.804,ZZ DO NOT USE STEEL TURNINGS,FETURN
1334,67,250,16024,51.0,74.01,145.0,code+40.0;desc+20.0;net_wt_over-15.0;date+25.0;time+4.01,43100,2026-01-13 20:05:45.031,ZZ DO NOT USE STEEL TURNINGS,FETURN
1334,67,294,16050,45.1,60.0,133.0,code+40.0;desc+20.0;net_wt_over-15.0;date+15.0,15280,2026-01-14 19:00:49.416,ZZ DO NOT USE STEEL TURNINGS,FETURN
1334,67,238,15945,45.1,60.0,133.0,code+40.0;desc+20.0;net_wt_over-15.0;date+15.0,18440,2026-01-12 18:28:19.356,ZZ DO NOT USE STEEL TURNINGS,FETURN
1334,67,308,16089,39.5,52.5,133.0,code+40.0;desc+20.0;net_wt_over-15.0;date+7.5,22440,2026-01-16 13:55:43.277,ZZ DO NOT USE STEEL TURNINGS,FETURN
1334,67,167,15789,36.1,48.0,133.0,code+40.0;desc+20.0;net_wt_over-15.0;date+3.0,8180,2026-01-08 15:08:36.804,ZZ DO NOT USE STEEL TURNINGS,FETURN
1332,68,228,15979,90.8,131.6,145.0,code+40.0;desc+20.0;net_wt+40.0;date+25.0;time+6.02;price+0.58,34460,2026-01-12 15:15:23.549,BUSHELING,Indbush
1332,68,307,16073,39.5,52.5,133.0,code+40.0;desc+20.0;net_wt_over-15.0;date+7.5,21264,2026-01-15 17:24:07.056,BUSHELING,Indbush
1332,68,12,15683,36.5,48.58,133.0,code+40.0;desc+20.0;net_wt_over-15.0;date+3.0;price+0.58,28880,2026-01-05 14:33:04.175,BUSHELING,Indbush
1332,68,169,15803,36.1,48.0,133.0,code+40.0;desc+20.0;net_wt_over-15.0;date+3.0,25020,2026-01-08 16:31:44.461,BUSHELING,Indbush
1332,68,181,15836,36.1,48.0,133.0,code+40.0;desc+20.0;net_wt_over-15.0;date+3.0,720,2026-01-08 21:44:47.629,BUSHELING,Indbush
1329,69,225,15884,90.4,131.02,145.0,code+40.0;desc+20.0;net_wt+40.0;date+25.0;time+6.02,38520,2026-01-09 20:40:06.747,STEEL WIRE,STWR
1329,69,11,15588,62.3,82.89,133.0,code+40.0;desc+20.0;net_wt+19.89;date+3.0,37940,2026-01-02 20:16:51.605,STEEL WIRE,STWR
1329,69,224,15883,52.5,76.09,145.0,code+40.0;desc+20.0;net_wt_over-15.0;date+25.0;time+6.09,39680,2026-01-09 20:35:50.665,STEEL WIRE,STWR
1329,69,304,16088,36.1,48.0,133.0,code+40.0;desc+20.0;net_wt_over-15.0;date+3.0,25760,2026-01-15 14:04:25.604,STEEL WIRE,STWR
1329,69,387,16256,33.8,45.0,133.0,code+40.0;desc+20.0;net_wt_over-15.0,23680,2026-01-22 21:03:40.564,STEEL WIRE,STWR
1328,70,224,15883,90.4,131.08,145.0,code+40.0;desc+20.0;net_wt+40.0;date+25.0;time+6.08,39680,2026-01-09 20:35:50.665,STEEL WIRE,STWR
1328,70,225,15884,52.4,76.01,145.0,code+40.0;desc+20.0;net_wt_over-15.0;date+25.0;time+6.01,38520,2026-01-09 20:40:06.747,STEEL WIRE,STWR
1328,70,11,15588,36.1,48.0,133.0,code+40.0;desc+20.0;net_wt_over-15.0;date+3.0,37940,2026-01-02 20:16:51.605,STEEL WIRE,STWR
1328,70,304,16088,36.1,48.0,133.0,code+40.0;desc+20.0;net_wt_over-15.0;date+3.0,25760,2026-01-15 14:04:25.604,STEEL WIRE,STWR
1328,70,387,16256,33.8,45.0,133.0,code+40.0;desc+20.0;net_wt_over-15.0,23680,2026-01-22 21:03:40.564,STEEL WIRE,STWR
1367,71,195,15873,45.1,60.0,133.0,code+40.0;desc+20.0;net_wt_over-15.0;date+15.0,522,2026-01-09 19:35:16.563,EDM WIRE,EDMW
1367,71,196,15873,45.1,60.0,133.0,code+40.0;desc+20.0;net_wt_over-15.0;date+15.0,520,2026-01-09 19:35:16.563,EDM WIRE,EDMW
1367,71,197,15873,45.1,60.0,133.0,code+40.0;desc+20.0;net_wt_over-15.0;date+15.0,450,2026-01-09 19:35:16.563,EDM WIRE,EDMW
1367,71,198,15873,45.1,60.0,133.0,code+40.0;desc+20.0;net_wt_over-15.0;date+15.0,538,2026-01-09 19:35:16.563,EDM WIRE,EDMW
1367,71,339,16195,0.0,-8.72,133.0,code_diff-40.0;net_wt+31.28,2011,2026-01-21 13:47:57.090,LAS,las
1367,72,204,15873,86.5,115.0,133.0,code+40.0;desc+20.0;net_wt+40.0;date+15.0,255,2026-01-09 19:35:16.563,CARBIDE,NICARBD
1367,72,66,15723,5.6,7.5,133.0,code_diff-40.0;net_wt+40.0;date+7.5,256,2026-01-06 19:49:26.733,6061 TURNINGS,AL6061TURNS
1367,72,38,15723,1.4,1.81,133.0,code_diff-40.0;net_wt+34.31;date+7.5,257,2026-01-06 19:49:26.733,6061 TURNINGS,AL6061TURNS
1367,72,83,15734,0.0,-22.06,133.0,code_diff-40.0;net_wt+2.94;date+15.0,261,2026-01-07 13:08:46.597,BRASS BREAKAGE,BRHVBRK
1367,72,286,16052,0.0,-18.37,133.0,code_diff-40.0;net_wt+18.63;date+3.0,251,2026-01-14 18:59:19.320,ZZZ DO NOT USE - ALUMINUM FLASHINGS - 319,ALMFLASH
1367,73,203,15873,45.1,60.0,133.0,code+40.0;desc+20.0;net_wt_over-15.0;date+15.0,1512,2026-01-09 19:35:16.563,17-4 SOLIDS,174SOLIDS
1367,73,206,15873,45.1,60.0,133.0,code+40.0;desc+20.0;net_wt_over-15.0;date+15.0,1428,2026-01-09 19:35:16.563,17-4 SOLIDS,174SOLIDS
1367,73,350,16195,33.8,45.0,133.0,code+40.0;desc+20.0;net_wt_over-15.0,1756,2026-01-21 13:47:57.090,17-4 SOLIDS,174SOLIDS
1367,73,43,15723,1.9,2.53,133.0,code_diff-40.0;net_wt+35.03;date+7.5,2918,2026-01-06 19:49:26.733,HEAVY MELT,INDHVYM
1367,74,156,15871,45.1,60.0,133.0,code+40.0;desc+20.0;net_wt_over-15.0;date+15.0,584,2026-01-07 20:25:26.408,6063 BARE ALUMINUM EXTRUSION,AL06063
1367,74,157,15871,45.1,60.0,133.0,code+40.0;desc+20.0;net_wt_over-15.0;date+15.0,718,2026-01-07 20:25:26.408,6063 BARE ALUMINUM EXTRUSION,AL06063
1367,74,158,15871,45.1,60.0,133.0,code+40.0;desc+20.0;net_wt_over-15.0;date+15.0,784,2026-01-07 20:25:26.408,6063 BARE ALUMINUM EXTRUSION,AL06063
1367,74,159,15871,45.1,60.0,133.0,code+40.0;desc+20.0;net_wt_over-15.0;date+15.0,806,2026-01-07 20:25:26.408,6063 BARE ALUMINUM EXTRUSION,AL06063
1367,74,160,15871,45.1,60.0,133.0,code+40.0;desc+20.0;net_wt_over-15.0;date+15.0,866,2026-01-07 20:25:26.408,6063 BARE ALUMINUM EXTRUSION,AL06063
1367,75,161,15871,86.5,115.0,133.0,code+40.0;desc+20.0;net_wt+40.0;date+15.0,974,2026-01-07 20:25:26.408,5052 ALUMINUM,AL05052
1367,75,139,16140,45.1,60.0,133.0,code+40.0;desc+20.0;net_wt_over-15.0;date+15.0,11610,2026-01-07 16:03:40.692,5052 ALUMINUM,AL05052
1367,75,324,16268,33.8,45.0,133.0,code+40.0;desc+20.0;net_wt_over-15.0,9558,2026-01-19 15:28:59.996,5052 ALUMINUM,AL05052
1367,75,186,15865,0.0,-3.75,133.0,code_diff-40.0;net_wt+21.25;date+15.0,960,2026-01-09 18:06:10.308,SHEET IRON,SHIRST
1367,76,199,15873,45.1,60.0,133.0,code+40.0;desc+20.0;net_wt_over-15.0;date+15.0,164,2026-01-09 19:35:16.563,ZZ DO NOT USE - ALUMINUM TURNINGS,ALMTRNG
1367,76,200,15873,45.1,60.0,133.0,code+40.0;desc+20.0;net_wt_over-15.0;date+15.0,182,2026-01-09 19:35:16.563,ZZ DO NOT USE - ALUMINUM TURNINGS,ALMTRNG
1367,76,201,15873,45.1,60.0,133.0,code+40.0;desc+20.0;net_wt_over-15.0;date+15.0,196,2026-01-09 19:35:16.563,ZZ DO NOT USE - ALUMINUM TURNINGS,ALMTRNG
1367,76,202,15873,45.1,60.0,133.0,code+40.0;desc+20.0;net_wt_over-15.0;date+15.0,232,2026-01-09 19:35:16.563,ZZ DO NOT USE - ALUMINUM TURNINGS,ALMTRNG
1367,76,275,16052,36.1,48.0,133.0,code+40.0;desc+20.0;net_wt_over-15.0;date+3.0,624,2026-01-14 18:59:19.320,ZZ DO NOT USE - ALUMINUM TURNINGS,ALMTRNG
1367,77,205,15873,88.1,117.18,133.0,code+40.0;desc+20.0;net_wt+40.0;date+15.0;price+2.18,230,2026-01-09 19:35:16.563,17-4 STAINLESS STEEL TURNINGS,NI174BO
1367,77,202,15873,5.7,7.61,133.0,code_diff-40.0;net_wt+32.61;date+15.0,232,2026-01-09 19:35:16.563,ZZ DO NOT USE - ALUMINUM TURNINGS,ALMTRNG
1367,77,39,15723,0.0,-29.25,133.0,code_diff-40.0;desc+18.25;net_wt_over-15.0;date+7.5,627,2026-01-06 19:49:26.733,316 STAINLESS STEEL TURNINGS,NI316BO
1367,77,216,15878,0.0,-21.75,133.0,code_diff-40.0;desc+18.25;net_wt_over-15.0;date+15.0,553,2026-01-09 19:54:46.887,304 STAINLESS STEEL TURNINGS,NI300BO
1367,77,360,16195,0.0,-37.76,133.0,code_diff-40.0;desc+17.24;net_wt_over-15.0,309,2026-01-21 13:47:57.090,2205 STAINLESS STEEL TURNINGS,2205 STAINLESS
1323,78,169,15803,54.3,78.79,145.0,code+40.0;desc+20.0;net_wt_over-15.0;date+25.0;time+8.79,25020,2026-01-08 16:31:44.461,BUSHELING,Indbush
1323,78,181,15836,50.7,73.57,145.0,code+40.0;desc+20.0;net_wt_over-15.0;date+25.0;time+3.57,720,2026-01-08 21:44:47.629,BUSHELING,Indbush
1323,78,182,15836,50.7,73.57,145.0,code+40.0;desc+20.0;net_wt_over-15.0;date+25.0;time+3.57,700,2026-01-08 21:44:47.629,BUSHELING,Indbush
1323,78,183,15836,50.7,73.57,145.0,code+40.0;desc+20.0;net_wt_over-15.0;date+25.0;time+3.57,680,2026-01-08 21:44:47.629,BUSHELING,Indbush
1323,78,12,15683,39.9,53.08,133.0,code+40.0;desc+20.0;net_wt_over-15.0;date+7.5;price+0.58,28880,2026-01-05 14:33:04.175,BUSHELING,Indbush
1363,79,139,16140,89.3,118.83,133.0,code+40.0;desc+20.0;net_wt+40.0;date+15.0;price+3.83,11610,2026-01-07 16:03:40.692,5052 ALUMINUM,AL05052
1363,79,161,15871,47.4,63.01,133.0,code+40.0;desc+20.0;net_wt_over-15.0;date+15.0;price+3.01,974,2026-01-07 20:25:26.408,5052 ALUMINUM,AL05052
1363,79,324,16268,36.7,48.83,133.0,code+40.0;desc+20.0;net_wt_over-15.0;price+3.83,9558,2026-01-19 15:28:59.996,5052 ALUMINUM,AL05052
1363,79,335,16170,0.0,-33.07,133.0,code_diff-40.0;net_wt+6.93,11860,2026-01-20 18:04:49.108,ZZ DO NOT USE STEEL TURNINGS,FETURN
1363,80,138,16140,86.5,115.0,133.0,code+40.0;desc+20.0;net_wt+40.0;date+15.0,1290,2026-01-07 16:03:40.692,6061 ALUMINUM - SPC,AL06061
1363,80,31,15665,39.5,52.5,133.0,code+40.0;desc+20.0;net_wt_over-15.0;date+7.5,1579,2026-01-05 20:19:43.362,6061 ALUMINUM - SPC,AL06061
1363,80,55,15723,39.5,52.5,133.0,code+40.0;desc+20.0;net_wt_over-15.0;date+7.5,1111,2026-01-06 19:49:26.733,6061 ALUMINUM - SPC,AL06061
1363,80,322,16268,33.8,45.0,133.0,code+40.0;desc+20.0;net_wt_over-15.0,579,2026-01-19 15:28:59.996,6061 ALUMINUM - SPC,AL06061
1363,80,133,15741,0.0,-1.36,133.0,code_diff-40.0;net_wt+23.64;date+15.0,1273,2026-01-07 14:41:15.467,ZZ DO NOT USE - LEAD FINES (PB),LDFNE
1320,81,146,15759,53.5,77.51,145.0,code+40.0;desc+20.0;net_wt_over-15.0;date+25.0;time+7.51,28260,2026-01-07 17:41:50.153,ZZ DO NOT USE STEEL TURNINGS,FETURN
1320,81,53,15723,45.1,60.0,133.0,code+40.0;desc+20.0;net_wt_over-15.0;date+15.0,338,2026-01-06 19:49:26.733,ZZ DO NOT USE STEEL TURNINGS,FETURN
1320,81,50,15723,45.1,60.0,133.0,code+40.0;desc+20.0;net_wt_over-15.0;date+15.0,526,2026-01-06 19:49:26.733,ZZ DO NOT USE STEEL TURNINGS,FETURN
1320,81,179,15833,45.1,60.0,133.0,code+40.0;desc+20.0;net_wt_over-15.0;date+15.0,20800,2026-01-08 19:49:34.672,ZZ DO NOT USE STEEL TURNINGS,FETURN
1320,81,167,15789,45.1,60.0,133.0,code+40.0;desc+20.0;net_wt_over-15.0;date+15.0,8180,2026-01-08 15:08:36.804,ZZ DO NOT USE STEEL TURNINGS,FETURN
1318,82,34,15696,55.4,80.26,145.0,code+40.0;desc+20.0;net_wt_over-15.0;date+25.0;time+10.26,24780,2026-01-06 16:26:51.795,ZZ DO NOT USE STEEL TURNINGS,FETURN
1318,82,52,15723,53.0,76.89,145.0,code+40.0;desc+20.0;net_wt_over-15.0;date+25.0;time+6.89,368,2026-01-06 19:49:26.733,ZZ DO NOT USE STEEL TURNINGS,FETURN
1318,82,49,15723,53.0,76.89,145.0,code+40.0;desc+20.0;net_wt_over-15.0;date+25.0;time+6.89,597,2026-01-06 19:49:26.733,ZZ DO NOT USE STEEL TURNINGS,FETURN
1318,82,54,15723,53.0,76.89,145.0,code+40.0;desc+20.0;net_wt_over-15.0;date+25.0;time+6.89,286,2026-01-06 19:49:26.733,ZZ DO NOT USE STEEL TURNINGS,FETURN
1318,82,53,15723,53.0,76.89,145.0,code+40.0;desc+20.0;net_wt_over-15.0;date+25.0;time+6.89,338,2026-01-06 19:49:26.733,ZZ DO NOT USE STEEL TURNINGS,FETURN
1317,83,29,15726,86.5,115.0,133.0,code+40.0;desc+20.0;net_wt+40.0;date+15.0,26800,2026-01-05 19:55:37.466,STEEL BANDING (FE),STBD
1317,83,321,16129,33.8,45.0,133.0,code+40.0;desc+20.0;net_wt_over-15.0,20040,2026-01-19 14:01:12.731,STEEL BANDING (FE),STBD
1314,84,12,15683,90.8,131.59,145.0,code+40.0;desc+20.0;net_wt+40.0;date+25.0;time+6.01;price+0.58,28880,2026-01-05 14:33:04.175,BUSHELING,Indbush
1314,84,169,15803,39.5,52.5,133.0,code+40.0;desc+20.0;net_wt_over-15.0;date+7.5,25020,2026-01-08 16:31:44.461,BUSHELING,Indbush
1314,84,181,15836,39.5,52.5,133.0,code+40.0;desc+20.0;net_wt_over-15.0;date+7.5,720,2026-01-08 21:44:47.629,BUSHELING,Indbush
1314,84,182,15836,39.5,52.5,133.0,code+40.0;desc+20.0;net_wt_over-15.0;date+7.5,700,2026-01-08 21:44:47.629,BUSHELING,Indbush
1314,84,183,15836,39.5,52.5,133.0,code+40.0;desc+20.0;net_wt_over-15.0;date+7.5,680,2026-01-08 21:44:47.629,BUSHELING,Indbush
1311,85,11,15588,90.4,131.02,145.0,code+40.0;desc+20.0;net_wt+40.0;date+25.0;time+6.02,37940,2026-01-02 20:16:51.605,STEEL WIRE,STWR
1311,85,225,15884,62.0,82.43,133.0,code+40.0;desc+20.0;net_wt+19.43;date+3.0,38520,2026-01-09 20:40:06.747,STEEL WIRE,STWR
1311,85,224,15883,36.1,48.0,133.0,code+40.0;desc+20.0;net_wt_over-15.0;date+3.0,39680,2026-01-09 20:35:50.665,STEEL WIRE,STWR
1311,85,304,16088,33.8,45.0,133.0,code+40.0;desc+20.0;net_wt_over-15.0,25760,2026-01-15 14:04:25.604,STEEL WIRE,STWR
