dtc_row_id,dtc_order_no,ticket_row_id,ticket,pseudo_label,pseudo_labeled_order,pseudo_label_reason,pseudo_margin,rule_score,rule_raw,rule_max_possible,rule_rank,score_gap_to_best,dtc_weight,ticket_weight,weight_abs_diff,weight_pct_diff,date_abs_days,date_signed_days,same_day,code_points,code_diff_points,desc_points,net_wt_points,net_wt_over_points,date_points,time_points,price_points
1,1507,1043,17717,1,1,top_clean_score_margin_weight_date,50.900000000000006,90.4,131.06,145.0,1.0,0.0,11960,11960,0,0.0,0,0,1.0,40.0,0.0,20.0,40.0,0.0,25.0,6.06,0.0
2,1506,1044,17718,1,1,top_clean_score_margin_weight_date,50.900000000000006,90.4,131.03,145.0,1.0,0.0,25600,25600,0,0.0,0,0,1.0,40.0,0.0,20.0,40.0,0.0,25.0,6.03,0.0
3,1501,1036,17679,1,1,top_clean_score_margin_weight_date,17.099999999999994,92.3,133.85,145.0,1.0,0.0,34120,34120,0,0.0,0,0,1.0,40.0,0.0,20.0,40.0,0.0,25.0,6.03,2.82
4,1502,1031,17682,1,1,top_clean_score_margin_weight_date,41.5,91.7,132.93,145.0,1.0,0.0,24820,24820,0,0.0,0,0,1.0,40.0,0.0,20.0,40.0,0.0,25.0,6.01,1.92
5,1494,1014,17549,1,1,top_clean_score_margin_weight_date,34.50000000000001,90.4,131.04,145.0,1.0,0.0,14240,14240,0,0.0,0,0,1.0,40.0,0.0,20.0,40.0,0.0,25.0,6.04,0.0
6,1493,1013,17548,1,1,top_clean_score_margin_weight_date,50.900000000000006,90.4,131.04,145.0,1.0,0.0,20060,20060,0,0.0,0,0,1.0,40.0,0.0,20.0,40.0,0.0,25.0,6.04,0.0
7,1487,983,17444,1,1,top_clean_score_margin_weight_date,50.4,86.5,115.0,133.0,1.0,0.0,38700,38700,0,0.0,1,-1,0.0,40.0,0.0,20.0,40.0,0.0,15.0,0.0,0.0
11,1484,984,17409,1,1,top_clean_score_margin_weight_date,36.9,92.3,133.84,145.0,1.0,0.0,29080,29080,0,0.0,0,0,1.0,40.0,0.0,20.0,40.0,0.0,25.0,6.02,2.82
13,1479,940,17371,1,1,top_clean_score_margin_weight_date,55.9,92.0,133.38,145.0,1.0,0.0,46900,46900,0,0.0,0,0,1.0,40.0,0.0,20.0,40.0,0.0,25.0,8.38,0.0
15,1471,939,17323,1,1,top_clean_score_margin_weight_date,35.800000000000004,90.4,131.04,145.0,1.0,0.0,28440,28440,0,0.0,0,0,1.0,40.0,0.0,20.0,40.0,0.0,25.0,6.04,0.0
16,1470,925,17303,1,1,top_clean_score_margin_weight_date,13.0,90.4,131.01,145.0,1.0,0.0,15180,15180,0,0.0,0,0,1.0,40.0,0.0,20.0,40.0,0.0,25.0,6.01,0.0
17,1457,918,17284,1,1,top_clean_score_margin_weight_date,42.10000000000001,90.4,131.08,145.0,1.0,0.0,19820,19820,0,0.0,0,0,1.0,40.0,0.0,20.0,40.0,0.0,25.0,6.08,0.0
19,1449,892,17225,1,1,top_clean_score_margin_weight_date,16.200000000000003,92.3,133.88,145.0,1.0,0.0,27180,27180,0,0.0,0,0,1.0,40.0,0.0,20.0,40.0,0.0,25.0,6.06,2.82
20,1448,891,17223,1,1,top_clean_score_margin_weight_date,54.300000000000004,90.4,131.07,145.0,1.0,0.0,44380,44380,0,0.0,0,0,1.0,40.0,0.0,20.0,40.0,0.0,25.0,6.07,0.0
22,1445,861,17189,1,1,top_clean_score_margin_weight_date,38.00000000000001,90.4,131.03,145.0,1.0,0.0,12280,12280,0,0.0,0,0,1.0,40.0,0.0,20.0,40.0,0.0,25.0,6.03,0.0
23,1444,860,17188,1,1,top_clean_score_margin_weight_date,38.00000000000001,90.4,131.03,145.0,1.0,0.0,56480,56480,0,0.0,0,0,1.0,40.0,0.0,20.0,40.0,0.0,25.0,6.03,0.0
25,1432,730,17010,1,1,top_clean_score_margin_weight_date,54.300000000000004,90.4,131.02,145.0,1.0,0.0,40340,40340,0,0.0,0,0,1.0,40.0,0.0,20.0,40.0,0.0,25.0,6.02,0.0
26,1426,665,16846,1,1,top_clean_score_margin_weight_date,90.4,90.4,131.05,145.0,1.0,0.0,29040,29040,0,0.0,0,0,1.0,40.0,0.0,20.0,40.0,0.0,25.0,6.05,0.0
27,1424,645,16811,1,1,top_clean_score_margin_weight_date,21.299999999999997,92.6,134.29,145.0,1.0,0.0,40300,40300,0,0.0,0,0,1.0,40.0,0.0,20.0,40.0,0.0,25.0,6.03,3.26
28,1423,644,16810,1,1,top_clean_score_margin_weight_date,17.400000000000006,90.4,131.03,145.0,1.0,0.0,39540,39540,0,0.0,0,0,1.0,40.0,0.0,20.0,40.0,0.0,25.0,6.03,0.0
29,1417,606,16749,1,1,top_clean_score_margin_weight_date,54.300000000000004,90.4,131.05,145.0,1.0,0.0,34200,34200,0,0.0,0,0,1.0,40.0,0.0,20.0,40.0,0.0,25.0,6.05,0.0
30,1416,605,16748,1,1,top_clean_score_margin_weight_date,17.099999999999994,92.3,133.87,145.0,1.0,0.0,38860,38860,0,0.0,0,0,1.0,40.0,0.0,20.0,40.0,0.0,25.0,6.05,2.82
31,1415,607,16750,1,1,top_clean_score_margin_weight_date,13.0,90.4,131.01,145.0,1.0,0.0,20980,20980,0,0.0,0,0,1.0,40.0,0.0,20.0,40.0,0.0,25.0,6.01,0.0
32,1413,593,16698,1,1,top_clean_score_margin_weight_date,33.6,86.7,125.65,145.0,1.0,0.0,14140,14140,0,0.0,0,0,1.0,40.0,0.0,20.0,40.0,0.0,25.0,0.65,0.0
33,1412,581,16712,1,1,top_clean_score_margin_weight_date,42.10000000000001,90.4,131.02,145.0,1.0,0.0,22600,22600,0,0.0,0,0,1.0,40.0,0.0,20.0,40.0,0.0,25.0,6.02,0.0
37,1429,570,16862,1,1,top_clean_score_margin_weight_date,77.8,90.7,131.48,145.0,1.0,0.0,366,366,0,0.0,0,0,1.0,40.0,0.0,20.0,40.0,0.0,25.0,6.48,0.0
40,1401,549,16576,1,1,top_clean_score_margin_weight_date,36.0,92.3,133.86,145.0,1.0,0.0,36900,36900,0,0.0,0,0,1.0,40.0,0.0,20.0,40.0,0.0,25.0,6.04,2.82
41,1405,539,16591,1,1,top_clean_score_margin_weight_date,38.00000000000001,90.4,131.02,145.0,1.0,0.0,17400,17400,0,0.0,0,0,1.0,40.0,0.0,20.0,40.0,0.0,25.0,6.02,0.0
42,1404,538,16590,1,1,top_clean_score_margin_weight_date,13.0,90.4,131.01,145.0,1.0,0.0,21020,21020,0,0.0,0,0,1.0,40.0,0.0,20.0,40.0,0.0,25.0,6.01,0.0
43,1395,500,16552,1,1,top_clean_score_margin_weight_date,41.2,90.4,131.03,145.0,1.0,0.0,49780,49780,0,0.0,0,0,1.0,40.0,0.0,20.0,40.0,0.0,25.0,6.03,0.0
44,1394,499,16551,1,1,top_clean_score_margin_weight_date,54.300000000000004,90.4,131.04,145.0,1.0,0.0,30460,30460,0,0.0,0,0,1.0,40.0,0.0,20.0,40.0,0.0,25.0,6.04,0.0
45,1383,485,16465,1,1,top_clean_score_margin_weight_date,34.50000000000001,90.4,131.01,145.0,1.0,0.0,47060,47060,0,0.0,0,0,1.0,40.0,0.0,20.0,40.0,0.0,25.0,6.01,0.0
47,1387,476,16432,1,1,top_clean_score_margin_weight_date,42.3,90.6,131.34,145.0,1.0,0.0,18960,18960,0,0.0,0,0,1.0,40.0,0.0,20.0,40.0,0.0,25.0,6.34,0.0
48,1386,471,16456,1,1,top_clean_score_margin_weight_date,33.9,86.5,115.0,133.0,1.0,0.0,11020,11020,0,0.0,1,-1,0.0,40.0,0.0,20.0,40.0,0.0,15.0,0.0,0.0
49,1380,473,16435,1,1,top_clean_score_margin_weight_date,45.699999999999996,90.8,131.71,145.0,1.0,0.0,17760,17760,0,0.0,0,0,1.0,40.0,0.0,20.0,40.0,0.0,25.0,6.13,0.58
50,1379,472,16434,1,1,top_clean_score_margin_weight_date,54.4,90.5,131.18,145.0,1.0,0.0,35920,35920,0,0.0,0,0,1.0,40.0,0.0,20.0,40.0,0.0,25.0,6.18,0.0
52,1375,460,16387,1,1,top_clean_score_margin_weight_date,56.60000000000001,90.4,131.01,145.0,1.0,0.0,23980,23980,0,0.0,0,0,1.0,40.0,0.0,20.0,40.0,0.0,25.0,6.01,0.0
54,1372,433,16324,1,1,top_clean_score_margin_weight_date,13.399999999999991,90.8,131.59,145.0,1.0,0.0,47620,47620,0,0.0,0,0,1.0,40.0,0.0,20.0,40.0,0.0,25.0,6.01,0.58
55,1369,388,16257,1,1,top_clean_score_margin_weight_date,38.00000000000001,90.4,131.03,145.0,1.0,0.0,27380,27380,0,0.0,0,0,1.0,40.0,0.0,20.0,40.0,0.0,25.0,6.03,0.0
56,1368,387,16256,1,1,top_clean_score_margin_weight_date,38.00000000000001,90.4,131.03,145.0,1.0,0.0,23680,23680,0,0.0,0,0,1.0,40.0,0.0,20.0,40.0,0.0,25.0,6.03,0.0
57,1360,337,16185,1,1,top_clean_score_margin_weight_date,34.699999999999996,90.8,131.6,145.0,1.0,0.0,42600,42600,0,0.0,0,0,1.0,40.0,0.0,20.0,40.0,0.0,25.0,6.02,0.58
63,1350,304,16088,1,1,top_clean_score_margin_weight_date,54.300000000000004,90.4,131.03,145.0,1.0,0.0,25760,25760,0,0.0,0,0,1.0,40.0,0.0,20.0,40.0,0.0,25.0,6.03,0.0
66,1335,250,16024,1,1,top_clean_score_margin_weight_date,45.300000000000004,90.4,131.02,145.0,1.0,0.0,43100,43100,0,0.0,0,0,1.0,40.0,0.0,20.0,40.0,0.0,25.0,6.02,0.0
68,1332,228,15979,1,1,top_clean_score_margin_weight_date,51.3,90.8,131.6,145.0,1.0,0.0,34460,34460,0,0.0,0,0,1.0,40.0,0.0,20.0,40.0,0.0,25.0,6.02,0.58
69,1329,225,15884,1,1,top_clean_score_margin_weight_date,28.10000000000001,90.4,131.02,145.0,1.0,0.0,38520,38520,0,0.0,0,0,1.0,40.0,0.0,20.0,40.0,0.0,25.0,6.02,0.0
70,1328,224,15883,1,1,top_clean_score_margin_weight_date,38.00000000000001,90.4,131.08,145.0,1.0,0.0,39680,39680,0,0.0,0,0,1.0,40.0,0.0,20.0,40.0,0.0,25.0,6.08,0.0
72,1367,204,15873,1,1,top_clean_score_margin_weight_date,80.9,86.5,115.0,133.0,1.0,0.0,255,255,0,0.0,1,1,0.0,40.0,0.0,20.0,40.0,0.0,15.0,0.0,0.0
75,1367,161,15871,1,1,top_clean_score_margin_weight_date,41.4,86.5,115.0,133.0,1.0,0.0,974,974,0,0.0,1,-1,0.0,40.0,0.0,20.0,40.0,0.0,15.0,0.0,0.0
77,1367,205,15873,1,1,top_clean_score_margin_weight_date,82.39999999999999,88.1,117.18,133.0,1.0,0.0,230,230,0,0.0,1,1,0.0,40.0,0.0,20.0,40.0,0.0,15.0,0.0,2.18
79,1363,139,16140,1,1,top_clean_score_margin_weight_date,41.9,89.3,118.83,133.0,1.0,0.0,11610,11610,0,0.0,1,-1,0.0,40.0,0.0,20.0,40.0,0.0,15.0,0.0,3.83
80,1363,138,16140,1,1,top_clean_score_margin_weight_date,47.0,86.5,115.0,133.0,1.0,0.0,1290,1290,0,0.0,1,-1,0.0,40.0,0.0,20.0,40.0,0.0,15.0,0.0,0.0
83,1317,29,15726,1,1,top_clean_score_margin_weight_date,52.7,86.5,115.0,133.0,1.0,0.0,26800,26800,0,0.0,1,-1,0.0,40.0,0.0,20.0,40.0,0.0,15.0,0.0,0.0
84,1314,12,15683,1,1,top_clean_score_margin_weight_date,51.3,90.8,131.59,145.0,1.0,0.0,28880,28880,0,0.0,0,0,1.0,40.0,0.0,20.0,40.0,0.0,25.0,6.01,0.58
85,1311,11,15588,1,1,top_clean_score_margin_weight_date,28.400000000000006,90.4,131.02,145.0,1.0,0.0,37940,37940,0,0.0,0,0,1.0,40.0,0.0,20.0,40.0,0.0,25.0,6.02,0.0
