Customer Name,Ticket #,Effective Date,Commodity Type,Commodity Name,Material Name,Material Code,Cost,Net Weight,Reported Um,Cost/UM,Adjustments,Adjustments Description,Price Cost/UM,Price UM,Carrier Name,Supplier Type,Vendor Class,Location Name,Address 1,Address 2,City,State,Zip,Notes,Account Manager,Yard Name
Atkore,21043,2026-05-11T09:43:54.84-05:00[America/Chicago],FERROUS,STEEL,HEAVY MELT - UNPREPARED,UNPHMS,1105.7100,13760,LBS,0.08035683139534883721,0,,180.0000,GT,,Industrial,Manufacturing,Atkore,2400 E 69th Ave,,Merrillville,IN,46410,,Pauline Samaniego,Merrillville Metal Recycling
Atkore,21043,2026-05-11T09:43:54.84-05:00[America/Chicago],FERROUS,STEEL,HEAVY MELT - UNPREPARED,UNPHMS,827.6800,10300,LBS,0.08035728155339805825,0,,180.0000,GT,,Industrial,Manufacturing,Atkore,2400 E 69th Ave,,Merrillville,IN,46410,,Pauline Samaniego,Merrillville Metal Recycling
Atkore,21043,2026-05-11T09:43:54.84-05:00[America/Chicago],FERROUS,STEEL,"UNPREPARED P&S ",UNPREP,654.1100,8880,LBS,0.07366103603603603604,0,,165.0000,GT,,Industrial,Manufacturing,Atkore,2400 E 69th Ave,,Merrillville,IN,46410,,Pauline Samaniego,Merrillville Metal Recycling
Atkore,21043,2026-05-11T09:43:54.84-05:00[America/Chicago],FERROUS,STEEL,SHEET IRON,SHIRST,116.4300,3260,LBS,0.03571472392638036810,0,,80.0000,GT,,Industrial,Manufacturing,Atkore,2400 E 69th Ave,,Merrillville,IN,46410,,Pauline Samaniego,Merrillville Metal Recycling
Atkore,17213,2026-02-20T11:20:49.617-06:00[America/Chicago],FERROUS,STEEL,HEAVY MELT - UNPREPARED,UNPHMS,1180.1600,20335,LBS,0.05803589869682812884,2525,2525lbs Unsorted,130.0000,GT,MMR Finco,Industrial,Manufacturing,Atkore,2400 E 69th Ave,,Merrillville,IN,46410,,Pauline Samaniego,Merrillville Metal Recycling
Atkore,17213,2026-02-20T11:20:49.617-06:00[America/Chicago],FERROUS,STEEL,ZZ DO NOT USE - UNPREPARED HMS (uhms),UNHMS,2035.7600,29420,LBS,0.06919646498980285520,0,,155.0000,GT,MMR Finco,Industrial,Manufacturing,Atkore,2400 E 69th Ave,,Merrillville,IN,46410,,Pauline Samaniego,Merrillville Metal Recycling
Atkore,21043,2026-05-11T09:43:54.84-05:00[America/Chicago],FERROUS,STEEL,HEAVY MELT - UNPREPARED,UNPHMS,954.6400,15840,LBS,0.06026767676767676768,0,,135.0000,GT,,Industrial,Manufacturing,Atkore,2400 E 69th Ave,,Merrillville,IN,46410,,Pauline Samaniego,Merrillville Metal Recycling
Atkore,17213,2026-02-20T11:20:49.617-06:00[America/Chicago],NON_FERROUS,STAINLESS STEEL TIER 1,316 STAINLESS STEEL SOLIDS,NISS316,1463.0000,2660,LBS,0.55000000000000000000,0,,0.5500,LBS,MMR Finco,Industrial,Manufacturing,Atkore,2400 E 69th Ave,,Merrillville,IN,46410,,Pauline Samaniego,Merrillville Metal Recycling
Atkore,17213,2026-02-20T11:20:49.617-06:00[America/Chicago],NON_FERROUS,STAINLESS STEEL TIER 1,316 STAINLESS STEEL SOLIDS,NISS316,758.2500,2525,LBS,0.30029702970297029703,0,630.5$ Recovery,0.5500,LBS,MMR Finco,Industrial,Manufacturing,Atkore,2400 E 69th Ave,,Merrillville,IN,46410,,Pauline Samaniego,Merrillville Metal Recycling
ATN Technology,17913,2026-03-10T10:13:57.723-05:00[America/Chicago],NON_FERROUS,COPPER TIER 2,COMMUNICATION WIRE,COMWIRECU,841.0500,623,LBS,1.3500000000000000,0,,1.3500,LBS,,Retail,," ",-,,,,,,Pauline Samaniego,Merrillville Metal Recycling
ATN Technology,21330,2026-05-15T09:46:15.604-05:00[America/Chicago],NON_FERROUS,COPPER TIER 2,COMMUNICATION WIRE,COMWIRECU,554.8500,411,LBS,1.3500000000000000,0,,1.3500,LBS,,Retail,," ",-,,,,,,Pauline Samaniego,Merrillville Metal Recycling
Bearcat Metal Fab,17750,2026-03-06T10:44:54.275-06:00[America/Chicago],NON_FERROUS,ALUMINUM,6061 TURNINGS,AL6061TURNS,500.0000,1000,LBS,0.50000000000000000000,0,,0.5000,LBS,,Industrial,Manufacturing,Bearcat Metal Fab,2431 E Kercher,,Goshen,IN,46526,,Robert Wallace,Merrillville Metal Recycling
Bearcat Metal Fab,17750,2026-03-06T10:44:54.275-06:00[America/Chicago],NON_FERROUS,ALUMINUM,6063 BARE ALUMINUM EXTRUSION,AL06063,7904.0000,9880,LBS,0.80000000000000000000,0,,0.8000,LBS,,Industrial,Manufacturing,Bearcat Metal Fab,2431 E Kercher,,Goshen,IN,46526,,Robert Wallace,Merrillville Metal Recycling
Central City Group,22515,2026-06-03T14:32:48.757-05:00[America/Chicago],FERROUS,STEEL,SHEET IRON,SHIRST,184.9100,2180,LBS,0.08482110091743119266,0,,190.0000,GT,,Retail,," ",-,,,,,,Robert Wallace,Merrillville Metal Recycling
Circle R,21375,2026-05-15T12:44:24.289-05:00[America/Chicago],NON_FERROUS,ALUMINUM,AL/CU RADIATORS - FE,ALCURFE,276.0000,240,LBS,1.1500000000000000,0,,1.1500,LBS,,Retail,,Visual Art Center,1040 Ridge Rd,,Munster,IN,46321,,Pauline Samaniego,Merrillville Metal Recycling
Circle R,18028,2026-03-12T11:04:46.434-05:00[America/Chicago],FERROUS,STEEL,FULL A/C UNIT,ACUT,519.0000,3460,LBS,0.15000000000000000000,0,,0.1500,LBS,,Retail,,Visual Art Center,1040 Ridge Rd,,Munster,IN,46321,,Pauline Samaniego,Merrillville Metal Recycling
Circle R,16051,2026-01-14T13:03:19.031-06:00[America/Chicago],FERROUS,STEEL,ZZ DO NOT USE - UNPREPARED HMS (uhms),UNHMS,42.2300,860,LBS,0.04910465116279069767,0,,110.0000,GT,MMR Finco,Retail,,Visual Art Center,1040 Ridge Rd,,Munster,IN,46321,,Pauline Samaniego,Merrillville Metal Recycling
Circle R,17853,2026-03-09T12:53:45.341-05:00[America/Chicago],FERROUS,STEEL,FULL A/C UNIT,ACUT,42.0000,280,LBS,0.15000000000000000000,0,,0.1500,LBS,,Retail,,Visual Art Center,1040 Ridge Rd,,Munster,IN,46321,,Pauline Samaniego,Merrillville Metal Recycling
Circle R,16051,2026-01-14T13:03:19.031-06:00[America/Chicago],FERROUS,STEEL,ZZ DO NOT USE - UNPREPARED HMS (uhms),UNHMS,687.5000,14000,LBS,0.04910714285714285714,0,,110.0000,GT,MMR Finco,Retail,,Visual Art Center,1040 Ridge Rd,,Munster,IN,46321,,Pauline Samaniego,Merrillville Metal Recycling
Circle R,16051,2026-01-14T13:03:19.031-06:00[America/Chicago],FERROUS,STEEL,ZZ DO NOT USE - UNPREPARED HMS (uhms),UNHMS,978.2100,19920,LBS,0.04910692771084337349,0,,110.0000,GT,MMR Finco,Retail,,Visual Art Center,1040 Ridge Rd,,Munster,IN,46321,,Pauline Samaniego,Merrillville Metal Recycling
Circle R,21375,2026-05-15T12:44:24.289-05:00[America/Chicago],FERROUS,STEEL,FULL A/C UNIT,ACUT,255.0000,1700,LBS,0.15000000000000000000,0,,0.1500,LBS,,Retail,,Visual Art Center,1040 Ridge Rd,,Munster,IN,46321,,Pauline Samaniego,Merrillville Metal Recycling
Crown Eram,19205,2026-04-07T10:51:40.172-05:00[America/Chicago],FERROUS,STEEL,HEAVY MELT - UNPREPARED,UNPHMS,988.3900,12300,LBS,0.08035691056910569106,0,,180.0000,GT,,Industrial,,Main,1201 E Summit St,,Crown Point,IN,46307,,Pauline Samaniego,Merrillville Metal Recycling
Crown Eram,17112,2026-02-18T12:14:39.851-06:00[America/Chicago],FERROUS,STEEL,"UNPREPARED P&S ",UNPREP,831.7000,12420,LBS,0.06696457326892109501,0,,150.0000,GT,,Industrial,,Main,1201 E Summit St,,Crown Point,IN,46307,,Pauline Samaniego,Merrillville Metal Recycling
Crown Eram,15645,2026-01-05T12:29:16.052-06:00[America/Chicago],FERROUS,STEEL,SHEET IRON,SHIRST,472.1400,6610,LBS,0.07142813918305597579,6610,50% Unsorted,160.0000,GT,,Industrial,,Main,1201 E Summit St,,Crown Point,IN,46307,,Pauline Samaniego,Merrillville Metal Recycling
Crown Eram,21279,2026-05-14T11:45:33.395-05:00[America/Chicago],FERROUS,STEEL,SHEET IRON,SHIRST,895.7100,10560,LBS,0.08482102272727272727,0,,190.0000,GT,,Industrial,,Main,1201 E Summit St,,Crown Point,IN,46307,,Pauline Samaniego,Merrillville Metal Recycling
Crown Eram,16439,2026-01-30T08:38:51.146-06:00[America/Chicago],FERROUS,STEEL,"UNPREPARED P&S ",UNPREP,1071.4300,12000,LBS,0.08928583333333333333,0,,200.0000,GT,,Industrial,,Main,1201 E Summit St,,Crown Point,IN,46307,,Pauline Samaniego,Merrillville Metal Recycling
Crown Eram,18616,2026-03-25T10:13:22.739-05:00[America/Chicago],FERROUS,STEEL,HEAVY MELT - UNPREPARED,UNPHMS,1065.5400,13260,LBS,0.08035746606334841629,0,,180.0000,GT,,Industrial,,Main,1201 E Summit St,,Crown Point,IN,46307,,Pauline Samaniego,Merrillville Metal Recycling
Crown Eram,15645,2026-01-05T12:29:16.052-06:00[America/Chicago],FERROUS,STEEL,PLATE & STRUCTUAL,INDP&S,575.4200,6610,LBS,0.08705295007564296520,0,,195.0000,GT,,Industrial,,Main,1201 E Summit St,,Crown Point,IN,46307,,Pauline Samaniego,Merrillville Metal Recycling
DAIFUKU WYNRIGHT,20481,2026-04-30T13:53:39.238-05:00[America/Chicago],FERROUS,STEEL,BUSHELING,Indbush,1976.7900,20500,LBS,0.09642878048780487805,0,,216.0000,GT,,Industrial,,DAIFUKU WYNRIGHT,6300 NORTHWIND PARKWAY,,HOBART,IN,46342,,Robert Wallace,Merrillville Metal Recycling
DAIFUKU WYNRIGHT,20324,2026-04-28T09:09:19.709-05:00[America/Chicago],FERROUS,STEEL,BUSHELING,Indbush,2316.2100,24020,LBS,0.09642839300582847627,2000,2000lbs Unsorted,216.0000,GT,,Industrial,,DAIFUKU WYNRIGHT,6300 NORTHWIND PARKWAY,,HOBART,IN,46342,,Robert Wallace,Merrillville Metal Recycling
DAIFUKU WYNRIGHT,18198,2026-03-17T08:05:40.948-05:00[America/Chicago],FERROUS,STEEL,BUSHELING,Indbush,2125.2900,22040,LBS,0.09642876588021778584,0,,216.0000,GT,MMR Finco,Industrial,,DAIFUKU WYNRIGHT,6300 NORTHWIND PARKWAY,,HOBART,IN,46342,,Robert Wallace,Merrillville Metal Recycling
DAIFUKU WYNRIGHT,18034,2026-03-12T12:08:08.876-05:00[America/Chicago],FERROUS,STEEL,BUSHELING,Indbush,2053.9300,21300,LBS,0.09642863849765258216,0,,216.0000,GT,MMR Finco,Industrial,,DAIFUKU WYNRIGHT,6300 NORTHWIND PARKWAY,,HOBART,IN,46342,,Robert Wallace,Merrillville Metal Recycling
DAIFUKU WYNRIGHT,17919,2026-03-10T10:39:32.496-05:00[America/Chicago],FERROUS,STEEL,BUSHELING,Indbush,2163.8600,22440,LBS,0.09642869875222816399,1500,1500lbs Unsorted,216.0000,GT,,Industrial,,DAIFUKU WYNRIGHT,6300 NORTHWIND PARKWAY,,HOBART,IN,46342,,Robert Wallace,Merrillville Metal Recycling
DAIFUKU WYNRIGHT,17919,2026-03-10T10:39:32.496-05:00[America/Chicago],FERROUS,STEEL,PLATE & STRUCTUAL,INDP&S,190.8500,1500,LBS,0.12723333333333333333,0,,285.0000,GT,,Industrial,,DAIFUKU WYNRIGHT,6300 NORTHWIND PARKWAY,,HOBART,IN,46342,,Robert Wallace,Merrillville Metal Recycling
DAIFUKU WYNRIGHT,17918,2026-03-10T10:36:11.588-05:00[America/Chicago],NON_FERROUS,ALUMINUM,ALUMINUM CANS,AL00UBC,15.6000,39,LBS,0.40000000000000000000,0,,0.4000,LBS,,Industrial,,DAIFUKU WYNRIGHT,6300 NORTHWIND PARKWAY,,HOBART,IN,46342,,Robert Wallace,Merrillville Metal Recycling
DAIFUKU WYNRIGHT,17918,2026-03-10T10:36:11.588-05:00[America/Chicago],FERROUS,STEEL,AUTO CAST,FEAUCST,10.3500,61,LBS,0.16967213114754098361,0,,380.0000,GT,,Industrial,,DAIFUKU WYNRIGHT,6300 NORTHWIND PARKWAY,,HOBART,IN,46342,,Robert Wallace,Merrillville Metal Recycling
DAIFUKU WYNRIGHT,17687,2026-03-05T07:52:51.942-06:00[America/Chicago],FERROUS,STEEL,BUSHELING,Indbush,1519.7100,15760,LBS,0.09642829949238578680,0,,216.0000,GT,,Industrial,,DAIFUKU WYNRIGHT,6300 NORTHWIND PARKWAY,,HOBART,IN,46342,,Robert Wallace,Merrillville Metal Recycling
DAIFUKU WYNRIGHT,16197,2026-01-21T08:01:05.637-06:00[America/Chicago],FERROUS,STEEL,BUSHELING,Indbush,4386.7000,47700,LBS,0.09196436058700209644,7500,"2500lbs Unsorted, 5000lbs Unsorted",206.0000,GT,MMR Finco,Industrial,,DAIFUKU WYNRIGHT,6300 NORTHWIND PARKWAY,,HOBART,IN,46342,,Robert Wallace,Merrillville Metal Recycling
DAIFUKU WYNRIGHT,17564,2026-03-03T07:54:47.686-06:00[America/Chicago],FERROUS,STEEL,BUSHELING,Indbush,3247.7100,33680,LBS,0.09642844418052256532,0,,216.0000,GT,,Industrial,,DAIFUKU WYNRIGHT,6300 NORTHWIND PARKWAY,,HOBART,IN,46342,,Robert Wallace,Merrillville Metal Recycling
DAIFUKU WYNRIGHT,20324,2026-04-28T09:09:19.709-05:00[America/Chicago],FERROUS,STEEL,"UNPREPARED P&S ",UNPREP,196.4300,2000,LBS,0.09821500000000000000,0,,220.0000,GT,,Industrial,,DAIFUKU WYNRIGHT,6300 NORTHWIND PARKWAY,,HOBART,IN,46342,,Robert Wallace,Merrillville Metal Recycling
DAIFUKU WYNRIGHT,19970,2026-04-21T10:39:54.053-05:00[America/Chicago],FERROUS,STEEL,BUSHELING,Indbush,2642.1400,27400,LBS,0.09642846715328467153,500,500lbs Unsorted,216.0000,GT,,Industrial,,DAIFUKU WYNRIGHT,6300 NORTHWIND PARKWAY,,HOBART,IN,46342,,Robert Wallace,Merrillville Metal Recycling
DAIFUKU WYNRIGHT,17293,2026-02-24T09:30:17.646-06:00[America/Chicago],FERROUS,STEEL,BUSHELING,Indbush,3274.7100,33960,LBS,0.09642844522968197880,0,,216.0000,GT,MMR Finco,Industrial,,DAIFUKU WYNRIGHT,6300 NORTHWIND PARKWAY,,HOBART,IN,46342,,Robert Wallace,Merrillville Metal Recycling
DAIFUKU WYNRIGHT,17385,2026-02-26T10:25:11.437-06:00[America/Chicago],FERROUS,STEEL,BUSHELING,Indbush,2605.5000,27020,LBS,0.09642857142857142857,0,,216.0000,GT,MMR Finco,Industrial,,DAIFUKU WYNRIGHT,6300 NORTHWIND PARKWAY,,HOBART,IN,46342,,Robert Wallace,Merrillville Metal Recycling
DAIFUKU WYNRIGHT,19970,2026-04-21T10:39:54.053-05:00[America/Chicago],FERROUS,STEEL,SHEET IRON,SHIRST,42.4100,500,LBS,0.08482000000000000000,0,,190.0000,GT,,Industrial,,DAIFUKU WYNRIGHT,6300 NORTHWIND PARKWAY,,HOBART,IN,46342,,Robert Wallace,Merrillville Metal Recycling
DAIFUKU WYNRIGHT,19705,2026-04-16T09:12:34.066-05:00[America/Chicago],FERROUS,STEEL,BUSHELING,Indbush,1610.3600,16700,LBS,0.09642874251497005988,4000,4000lbs Unsorted,216.0000,GT,MMR Finco,Industrial,,DAIFUKU WYNRIGHT,6300 NORTHWIND PARKWAY,,HOBART,IN,46342,,Robert Wallace,Merrillville Metal Recycling
DAIFUKU WYNRIGHT,19705,2026-04-16T09:12:34.066-05:00[America/Chicago],FERROUS,STEEL,"UNPREPARED P&S ",UNPREP,392.8600,4000,LBS,0.09821500000000000000,0,,220.0000,GT,MMR Finco,Industrial,,DAIFUKU WYNRIGHT,6300 NORTHWIND PARKWAY,,HOBART,IN,46342,,Robert Wallace,Merrillville Metal Recycling
DAIFUKU WYNRIGHT,19593,2026-04-14T10:39:32.189-05:00[America/Chicago],FERROUS,STEEL,BUSHELING,Indbush,2667.2100,27660,LBS,0.09642841648590021692,1000,1000lbs Unsorted,216.0000,GT,MMR Finco,Industrial,,DAIFUKU WYNRIGHT,6300 NORTHWIND PARKWAY,,HOBART,IN,46342,,Robert Wallace,Merrillville Metal Recycling
DAIFUKU WYNRIGHT,19593,2026-04-14T10:39:32.189-05:00[America/Chicago],FERROUS,STEEL,"UNPREPARED P&S ",UNPREP,98.2100,1000,LBS,0.09821000000000000000,0,,220.0000,GT,MMR Finco,Industrial,,DAIFUKU WYNRIGHT,6300 NORTHWIND PARKWAY,,HOBART,IN,46342,,Robert Wallace,Merrillville Metal Recycling
DAIFUKU WYNRIGHT,19375,2026-04-09T13:54:27.538-05:00[America/Chicago],FERROUS,STEEL,BUSHELING,Indbush,2570.7900,26660,LBS,0.09642873218304576144,0,,216.0000,GT,,Industrial,,DAIFUKU WYNRIGHT,6300 NORTHWIND PARKWAY,,HOBART,IN,46342,,Robert Wallace,Merrillville Metal Recycling
DAIFUKU WYNRIGHT,19375,2026-04-09T13:54:27.538-05:00[America/Chicago],FERROUS,STEEL,BUSHELING,Indbush,2021.1400,20960,LBS,0.09642843511450381679,0,,216.0000,GT,,Industrial,,DAIFUKU WYNRIGHT,6300 NORTHWIND PARKWAY,,HOBART,IN,46342,,Robert Wallace,Merrillville Metal Recycling
DAIFUKU WYNRIGHT,19343,2026-04-09T10:08:18.38-05:00[America/Chicago],FERROUS,STEEL,BUSHELING,Indbush,1010.5700,10480,LBS,0.09642843511450381679,8000,8000lbs Unsorted,216.0000,GT,,Industrial,,DAIFUKU WYNRIGHT,6300 NORTHWIND PARKWAY,,HOBART,IN,46342,,Robert Wallace,Merrillville Metal Recycling
DAIFUKU WYNRIGHT,19343,2026-04-09T10:08:18.38-05:00[America/Chicago],FERROUS,STEEL,"UNPREPARED P&S ",UNPREP,714.2900,8000,LBS,0.08928625000000000000,0,,200.0000,GT,,Industrial,,DAIFUKU WYNRIGHT,6300 NORTHWIND PARKWAY,,HOBART,IN,46342,,Robert Wallace,Merrillville Metal Recycling
DAIFUKU WYNRIGHT,22819,2026-06-09T11:09:13.345-05:00[America/Chicago],FERROUS,STEEL,BUSHELING,Indbush,3614.1400,37480,LBS,0.09642849519743863394,0,,216.0000,GT,,Industrial,,DAIFUKU WYNRIGHT,6300 NORTHWIND PARKWAY,,HOBART,IN,46342,,Robert Wallace,Merrillville Metal Recycling
DAIFUKU WYNRIGHT,22121,2026-05-28T11:36:43.238-05:00[America/Chicago],FERROUS,STEEL,BUSHELING,Indbush,1708.7100,17720,LBS,0.09642832957110609481,0,,216.0000,GT,,Industrial,,DAIFUKU WYNRIGHT,6300 NORTHWIND PARKWAY,,HOBART,IN,46342,,Robert Wallace,Merrillville Metal Recycling
DAIFUKU WYNRIGHT,19180,2026-04-07T08:14:04.975-05:00[America/Chicago],FERROUS,STEEL,BUSHELING,Indbush,921.8600,9560,LBS,0.09642887029288702929,5000,5000lbs Unsorted,216.0000,GT,,Industrial,,DAIFUKU WYNRIGHT,6300 NORTHWIND PARKWAY,,HOBART,IN,46342,,Robert Wallace,Merrillville Metal Recycling
DAIFUKU WYNRIGHT,19180,2026-04-07T08:14:04.975-05:00[America/Chicago],FERROUS,STEEL,"UNPREPARED P&S ",UNPREP,446.4300,5000,LBS,0.08928600000000000000,0,,200.0000,GT,,Industrial,,DAIFUKU WYNRIGHT,6300 NORTHWIND PARKWAY,,HOBART,IN,46342,,Robert Wallace,Merrillville Metal Recycling
DAIFUKU WYNRIGHT,16073,2026-01-15T11:24:07.056-06:00[America/Chicago],FERROUS,STEEL,SHEET IRON,SHIRST,949.2900,14176,LBS,0.06696458803611738149,0,,150.0000,GT,MMR Finco,Industrial,,DAIFUKU WYNRIGHT,6300 NORTHWIND PARKWAY,,HOBART,IN,46342,,Robert Wallace,Merrillville Metal Recycling
DAIFUKU WYNRIGHT,21929,2026-05-26T07:43:23.215-05:00[America/Chicago],FERROUS,STEEL,BUSHELING,Indbush,2212.0700,22940,LBS,0.09642850915431560593,0,,216.0000,GT,,Industrial,,DAIFUKU WYNRIGHT,6300 NORTHWIND PARKWAY,,HOBART,IN,46342,,Robert Wallace,Merrillville Metal Recycling
DAIFUKU WYNRIGHT,21725,2026-05-21T08:08:10.252-05:00[America/Chicago],FERROUS,STEEL,BUSHELING,Indbush,2094.4300,21720,LBS,0.09642863720073664825,0,,216.0000,GT,,Industrial,,DAIFUKU WYNRIGHT,6300 NORTHWIND PARKWAY,,HOBART,IN,46342,,Robert Wallace,Merrillville Metal Recycling
DAIFUKU WYNRIGHT,21111,2026-05-12T09:13:17.71-05:00[America/Chicago],FERROUS,STEEL,BUSHELING,Indbush,4229.3600,43860,LBS,0.09642863657090743274,0,,216.0000,GT,,Industrial,,DAIFUKU WYNRIGHT,6300 NORTHWIND PARKWAY,,HOBART,IN,46342,,Robert Wallace,Merrillville Metal Recycling
DAIFUKU WYNRIGHT,20733,2026-05-05T12:44:10.804-05:00[America/Chicago],FERROUS,STEEL,BUSHELING,Indbush,3062.5700,31760,LBS,0.09642852644836272040,4000,4000lbs Unsorted,216.0000,GT,,Industrial,,DAIFUKU WYNRIGHT,6300 NORTHWIND PARKWAY,,HOBART,IN,46342,,Robert Wallace,Merrillville Metal Recycling
DAIFUKU WYNRIGHT,18604,2026-03-25T08:36:59.303-05:00[America/Chicago],FERROUS,STEEL,BUSHELING,Indbush,2242.9300,23260,LBS,0.09642863284608770421,1000,1000lbs Unsorted,216.0000,GT,MMR Finco,Industrial,,DAIFUKU WYNRIGHT,6300 NORTHWIND PARKWAY,,HOBART,IN,46342,,Robert Wallace,Merrillville Metal Recycling
DAIFUKU WYNRIGHT,18604,2026-03-25T08:36:59.303-05:00[America/Chicago],FERROUS,STEEL,HEAVY MELT - UNPREPARED,UNPHMS,89.2900,1000,LBS,0.08929000000000000000,0,,200.0000,GT,MMR Finco,Industrial,,DAIFUKU WYNRIGHT,6300 NORTHWIND PARKWAY,,HOBART,IN,46342,,Robert Wallace,Merrillville Metal Recycling
DAIFUKU WYNRIGHT,18429,2026-03-21T09:45:54.674-05:00[America/Chicago],FERROUS,STEEL,"UNPREPARED P&S ",UNPREP,2774.7500,28252,LBS,0.09821428571428571429,0,,220.0000,GT,MMR Finco,Industrial,,DAIFUKU WYNRIGHT,6300 NORTHWIND PARKWAY,,HOBART,IN,46342,,Robert Wallace,Merrillville Metal Recycling
DAIFUKU WYNRIGHT,18429,2026-03-21T09:45:54.674-05:00[America/Chicago],FERROUS,STEEL,BUSHELING,Indbush,1167.5600,12108,LBS,0.09642880740006607202,28252,70% Unsorted,216.0000,GT,MMR Finco,Industrial,,DAIFUKU WYNRIGHT,6300 NORTHWIND PARKWAY,,HOBART,IN,46342,,Robert Wallace,Merrillville Metal Recycling
DAIFUKU WYNRIGHT,16073,2026-01-15T11:24:07.056-06:00[America/Chicago],FERROUS,STEEL,BUSHELING,Indbush,1955.5300,21264,LBS,0.09196435289691497366,14176,40% Unsorted,206.0000,GT,MMR Finco,Industrial,,DAIFUKU WYNRIGHT,6300 NORTHWIND PARKWAY,,HOBART,IN,46342,,Robert Wallace,Merrillville Metal Recycling
DAIFUKU WYNRIGHT,16197,2026-01-21T08:01:05.637-06:00[America/Chicago],FERROUS,STEEL,SHEET IRON,SHIRST,44.6400,2500,LBS,0.01785600000000000000,0,,40.0000,GT,MMR Finco,Industrial,,DAIFUKU WYNRIGHT,6300 NORTHWIND PARKWAY,,HOBART,IN,46342,,Robert Wallace,Merrillville Metal Recycling
DAIFUKU WYNRIGHT,16197,2026-01-21T08:01:05.637-06:00[America/Chicago],FERROUS,STEEL,"UNPREPARED P&S ",UNPREP,446.4300,5000,LBS,0.08928600000000000000,0,,200.0000,GT,MMR Finco,Industrial,,DAIFUKU WYNRIGHT,6300 NORTHWIND PARKWAY,,HOBART,IN,46342,,Robert Wallace,Merrillville Metal Recycling
DAIFUKU WYNRIGHT,20733,2026-05-05T12:44:10.804-05:00[America/Chicago],FERROUS,STEEL,HEAVY MELT,INDHVYM,142.8600,2000,LBS,0.07143000000000000000,0,,160.0000,GT,,Industrial,,DAIFUKU WYNRIGHT,6300 NORTHWIND PARKWAY,,HOBART,IN,46342,,Robert Wallace,Merrillville Metal Recycling
DAIFUKU WYNRIGHT,20733,2026-05-05T12:44:10.804-05:00[America/Chicago],FERROUS,STEEL,SHEET IRON,SHIRST,169.6400,2000,LBS,0.08482000000000000000,0,,190.0000,GT,,Industrial,,DAIFUKU WYNRIGHT,6300 NORTHWIND PARKWAY,,HOBART,IN,46342,,Robert Wallace,Merrillville Metal Recycling
DAIFUKU WYNRIGHT,20128,2026-04-23T12:33:44.294-05:00[America/Chicago],FERROUS,STEEL,BUSHELING,Indbush,1313.3600,13620,LBS,0.09642878120411160059,200,200lbs Unsorted,216.0000,GT,,Industrial,,DAIFUKU WYNRIGHT,6300 NORTHWIND PARKWAY,,HOBART,IN,46342,,Robert Wallace,Merrillville Metal Recycling
DAIFUKU WYNRIGHT,20128,2026-04-23T12:33:44.294-05:00[America/Chicago],FERROUS,STEEL,"UNPREPARED P&S ",UNPREP,19.6400,200,LBS,0.09820000000000000000,0,,220.0000,GT,,Industrial,,DAIFUKU WYNRIGHT,6300 NORTHWIND PARKWAY,,HOBART,IN,46342,,Robert Wallace,Merrillville Metal Recycling
DAIFUKU WYNRIGHT,16719,2026-02-10T08:48:08.968-06:00[America/Chicago],FERROUS,STEEL,BUSHELING,Indbush,3832.1400,29600,LBS,0.12946418918918918919,8000,"6000lbs Unsorted, 2000lbs Unsorted",290.0000,GT,MMR Finco,Industrial,,DAIFUKU WYNRIGHT,6300 NORTHWIND PARKWAY,,HOBART,IN,46342,,Robert Wallace,Merrillville Metal Recycling
DAIFUKU WYNRIGHT,16719,2026-02-10T08:48:08.968-06:00[America/Chicago],FERROUS,STEEL,"UNPREPARED P&S ",UNPREP,535.7100,6000,LBS,0.08928500000000000000,0,,200.0000,GT,MMR Finco,Industrial,,DAIFUKU WYNRIGHT,6300 NORTHWIND PARKWAY,,HOBART,IN,46342,,Robert Wallace,Merrillville Metal Recycling
DAIFUKU WYNRIGHT,16719,2026-02-10T08:48:08.968-06:00[America/Chicago],FERROUS,STEEL,CLEAN SHEET,CLSHST,174.1100,2000,LBS,0.08705500000000000000,0,,195.0000,GT,MMR Finco,Industrial,,DAIFUKU WYNRIGHT,6300 NORTHWIND PARKWAY,,HOBART,IN,46342,,Robert Wallace,Merrillville Metal Recycling
DAIFUKU WYNRIGHT,16594,2026-02-05T08:33:15.376-06:00[America/Chicago],FERROUS,STEEL,BUSHELING,Indbush,2071.0400,22520,LBS,0.09196447602131438721,0,,206.0000,GT,,Industrial,,DAIFUKU WYNRIGHT,6300 NORTHWIND PARKWAY,,HOBART,IN,46342,,Robert Wallace,Merrillville Metal Recycling
DAIFUKU WYNRIGHT,21536,2026-05-19T10:21:53.896-05:00[America/Chicago],FERROUS,STEEL,BUSHELING,Indbush,3068.3600,31820,LBS,0.09642866121935889378,0,,216.0000,GT,,Industrial,,DAIFUKU WYNRIGHT,6300 NORTHWIND PARKWAY,,HOBART,IN,46342,,Robert Wallace,Merrillville Metal Recycling
DAIFUKU WYNRIGHT,21299,2026-05-14T13:13:56.032-05:00[America/Chicago],FERROUS,STEEL,BUSHELING,Indbush,1799.3600,18660,LBS,0.09642872454448017149,6000,6000lbs Unsorted,216.0000,GT,,Industrial,,DAIFUKU WYNRIGHT,6300 NORTHWIND PARKWAY,,HOBART,IN,46342,,Robert Wallace,Merrillville Metal Recycling
DAIFUKU WYNRIGHT,21299,2026-05-14T13:13:56.032-05:00[America/Chicago],FERROUS,STEEL,HEAVY MELT - UNPREPARED,UNPHMS,357.1400,4000,LBS,0.08928500000000000000,0,,200.0000,GT,,Industrial,,DAIFUKU WYNRIGHT,6300 NORTHWIND PARKWAY,,HOBART,IN,46342,,Robert Wallace,Merrillville Metal Recycling
DAIFUKU WYNRIGHT,16493,2026-02-02T11:22:11.214-06:00[America/Chicago],FERROUS,STEEL,BUSHELING,Indbush,999.8400,10872,LBS,0.09196467991169977925,1208,10% Unsorted,206.0000,GT,,Industrial,,DAIFUKU WYNRIGHT,6300 NORTHWIND PARKWAY,,HOBART,IN,46342,,Robert Wallace,Merrillville Metal Recycling
DAIFUKU WYNRIGHT,16493,2026-02-02T11:22:11.214-06:00[America/Chicago],FERROUS,STEEL,ZZ DO NOT USE - UNPREPARED HMS (uhms),UNHMS,99.7700,1208,LBS,0.08259105960264900662,0,,185.0000,GT,,Industrial,,DAIFUKU WYNRIGHT,6300 NORTHWIND PARKWAY,,HOBART,IN,46342,,Robert Wallace,Merrillville Metal Recycling
DAIFUKU WYNRIGHT,16449,2026-01-30T11:06:06.765-06:00[America/Chicago],FERROUS,STEEL,BUSHELING,Indbush,3559.0200,38700,LBS,0.09196434108527131783,0,,206.0000,GT,,Industrial,,DAIFUKU WYNRIGHT,6300 NORTHWIND PARKWAY,,HOBART,IN,46342,,Robert Wallace,Merrillville Metal Recycling
DAIFUKU WYNRIGHT,15803,2026-01-08T10:31:44.461-06:00[America/Chicago],FERROUS,STEEL,BUSHELING,Indbush,2300.9500,25020,LBS,0.09196442845723421263,0,,206.0000,GT,,Industrial,,DAIFUKU WYNRIGHT,6300 NORTHWIND PARKWAY,,HOBART,IN,46342,,Robert Wallace,Merrillville Metal Recycling
DAIFUKU WYNRIGHT,22394,2026-06-02T08:55:38.991-05:00[America/Chicago],FERROUS,STEEL,BUSHELING,Indbush,2867.7900,29740,LBS,0.09642871553463349025,2000,2000lbs Unsorted,216.0000,GT,,Industrial,,DAIFUKU WYNRIGHT,6300 NORTHWIND PARKWAY,,HOBART,IN,46342,,Robert Wallace,Merrillville Metal Recycling
DAIFUKU WYNRIGHT,22394,2026-06-02T08:55:38.991-05:00[America/Chicago],FERROUS,STEEL,HEAVY MELT - UNPREPARED,UNPHMS,178.5700,2000,LBS,0.08928500000000000000,0,,200.0000,GT,,Industrial,,DAIFUKU WYNRIGHT,6300 NORTHWIND PARKWAY,,HOBART,IN,46342,,Robert Wallace,Merrillville Metal Recycling
DAIFUKU WYNRIGHT,16303,2026-01-26T08:12:29.468-06:00[America/Chicago],FERROUS,STEEL,BUSHELING,Indbush,3962.6400,30608,LBS,0.12946419236800836383,7652,20% Unsorted,290.0000,GT,MMR Finco,Industrial,,DAIFUKU WYNRIGHT,6300 NORTHWIND PARKWAY,,HOBART,IN,46342,,Robert Wallace,Merrillville Metal Recycling
DAIFUKU WYNRIGHT,22574,2026-06-04T12:30:05.958-05:00[America/Chicago],FERROUS,STEEL,BUSHELING,Indbush,1953.6400,20260,LBS,0.09642843040473840079,0,,216.0000,GT,,Industrial,,DAIFUKU WYNRIGHT,6300 NORTHWIND PARKWAY,,HOBART,IN,46342,,Robert Wallace,Merrillville Metal Recycling
DAIFUKU WYNRIGHT,21000,2026-05-09T09:31:09.433-05:00[America/Chicago],FERROUS,STEEL,BUSHELING,Indbush,2019.2100,20940,LBS,0.09642836676217765043,400,400lbs Unsorted,216.0000,GT,,Industrial,,DAIFUKU WYNRIGHT,6300 NORTHWIND PARKWAY,,HOBART,IN,46342,,Robert Wallace,Merrillville Metal Recycling
DAIFUKU WYNRIGHT,21000,2026-05-09T09:31:09.433-05:00[America/Chicago],FERROUS,STEEL,HEAVY MELT,INDHVYM,28.5700,400,LBS,0.07142500000000000000,0,,160.0000,GT,,Industrial,,DAIFUKU WYNRIGHT,6300 NORTHWIND PARKWAY,,HOBART,IN,46342,,Robert Wallace,Merrillville Metal Recycling
DAIFUKU WYNRIGHT,17142,2026-02-19T08:31:46.455-06:00[America/Chicago],FERROUS,STEEL,BUSHELING,Indbush,1598.7900,16580,LBS,0.09642882991556091677,4000,"1000lbs Unsorted, 3000lbs Unsorted",216.0000,GT,MMR Finco,Industrial,,DAIFUKU WYNRIGHT,6300 NORTHWIND PARKWAY,,HOBART,IN,46342,,Robert Wallace,Merrillville Metal Recycling
DAIFUKU WYNRIGHT,17142,2026-02-19T08:31:46.455-06:00[America/Chicago],FERROUS,STEEL,"UNPREPARED P&S ",UNPREP,294.6400,3000,LBS,0.09821333333333333333,0,,220.0000,GT,MMR Finco,Industrial,,DAIFUKU WYNRIGHT,6300 NORTHWIND PARKWAY,,HOBART,IN,46342,,Robert Wallace,Merrillville Metal Recycling
DAIFUKU WYNRIGHT,17142,2026-02-19T08:31:46.455-06:00[America/Chicago],FERROUS,STEEL,SHEET IRON,SHIRST,17.8600,1000,LBS,0.01786000000000000000,0,,40.0000,GT,MMR Finco,Industrial,,DAIFUKU WYNRIGHT,6300 NORTHWIND PARKWAY,,HOBART,IN,46342,,Robert Wallace,Merrillville Metal Recycling
DAIFUKU WYNRIGHT,17016,2026-02-17T08:36:58.119-06:00[America/Chicago],FERROUS,STEEL,BUSHELING,Indbush,3072.2100,31860,LBS,0.09642843691148775895,2000,2000lbs Trash,216.0000,GT,MMR Finco,Industrial,,DAIFUKU WYNRIGHT,6300 NORTHWIND PARKWAY,,HOBART,IN,46342,,Robert Wallace,Merrillville Metal Recycling
DAIFUKU WYNRIGHT,16303,2026-01-26T08:12:29.468-06:00[America/Chicago],FERROUS,STEEL,"UNPREPARED P&S ",UNPREP,683.2100,7652,LBS,0.08928515420805018296,0,,200.0000,GT,MMR Finco,Industrial,,DAIFUKU WYNRIGHT,6300 NORTHWIND PARKWAY,,HOBART,IN,46342,,Robert Wallace,Merrillville Metal Recycling
DAIFUKU WYNRIGHT,16821,2026-02-12T09:33:09.682-06:00[America/Chicago],FERROUS,STEEL,BUSHELING,Indbush,1837.9300,19060,LBS,0.09642864637985309549,0,,216.0000,GT,MMR Finco,Industrial,,DAIFUKU WYNRIGHT,6300 NORTHWIND PARKWAY,,HOBART,IN,46342,,Robert Wallace,Merrillville Metal Recycling
DynaDome,17306,2026-02-24T11:54:22.833-06:00[America/Chicago],NON_FERROUS,ALUMINUM,ALUMINIUM TURNS,ALUTURN,19.8000,99,LBS,0.20000000000000000000,0,,0.2000,LBS,,Industrial,Manufacturing," ",-,,,,,,Pauline Samaniego,Merrillville Metal Recycling
DynaDome,17306,2026-02-24T11:54:22.833-06:00[America/Chicago],NON_FERROUS,ALUMINUM,ALUMINIUM TURNS,ALUTURN,50.4000,252,LBS,0.20000000000000000000,0,,0.2000,LBS,,Industrial,Manufacturing," ",-,,,,,,Pauline Samaniego,Merrillville Metal Recycling
DynaDome,20975,2026-05-08T14:33:42.831-05:00[America/Chicago],NON_FERROUS,ALUMINUM,6063 BARE ALUMINUM EXTRUSION,AL06063,535.5000,357,LBS,1.5000000000000000,0,,1.5000,LBS,,Industrial,Manufacturing," ",-,,,,,,Pauline Samaniego,Merrillville Metal Recycling
DynaDome,20975,2026-05-08T14:33:42.831-05:00[America/Chicago],NON_FERROUS,ALUMINUM,ALUMINIUM TURNS,ALUTURN,68.6000,343,LBS,0.20000000000000000000,0,,0.2000,LBS,,Industrial,Manufacturing," ",-,,,,,,Pauline Samaniego,Merrillville Metal Recycling
DynaDome,20975,2026-05-08T14:33:42.831-05:00[America/Chicago],NON_FERROUS,ALUMINUM,6063 BARE ALUMINUM EXTRUSION,AL06063,786.0000,524,LBS,1.5000000000000000,0,,1.5000,LBS,,Industrial,Manufacturing," ",-,,,,,,Pauline Samaniego,Merrillville Metal Recycling
DynaDome,20975,2026-05-08T14:33:42.831-05:00[America/Chicago],NON_FERROUS,ALUMINUM,6063 BARE ALUMINUM EXTRUSION,AL06063,658.5000,439,LBS,1.5000000000000000,0,,1.5000,LBS,,Industrial,Manufacturing," ",-,,,,,,Pauline Samaniego,Merrillville Metal Recycling
DynaDome,20975,2026-05-08T14:33:42.831-05:00[America/Chicago],NON_FERROUS,ALUMINUM,6063 BARE ALUMINUM EXTRUSION,AL06063,562.5000,375,LBS,1.5000000000000000,0,,1.5000,LBS,,Industrial,Manufacturing," ",-,,,,,,Pauline Samaniego,Merrillville Metal Recycling
DynaDome,17306,2026-02-24T11:54:22.833-06:00[America/Chicago],NON_FERROUS,ALUMINUM,6063 BARE ALUMINUM EXTRUSION,AL06063,593.7500,475,LBS,1.2500000000000000,0,,1.2500,LBS,,Industrial,Manufacturing," ",-,,,,,,Pauline Samaniego,Merrillville Metal Recycling
DynaDome,17306,2026-02-24T11:54:22.833-06:00[America/Chicago],NON_FERROUS,ALUMINUM,6063 BARE ALUMINUM EXTRUSION,AL06063,881.2500,705,LBS,1.2500000000000000,0,,1.2500,LBS,,Industrial,Manufacturing," ",-,,,,,,Pauline Samaniego,Merrillville Metal Recycling
DynaDome,17306,2026-02-24T11:54:22.833-06:00[America/Chicago],NON_FERROUS,ALUMINUM,6063 BARE ALUMINUM EXTRUSION,AL06063,660.0000,528,LBS,1.2500000000000000,0,,1.2500,LBS,,Industrial,Manufacturing," ",-,,,,,,Pauline Samaniego,Merrillville Metal Recycling
DynaDome,17306,2026-02-24T11:54:22.833-06:00[America/Chicago],NON_FERROUS,ALUMINUM,6063 BARE ALUMINUM EXTRUSION,AL06063,363.7500,291,LBS,1.2500000000000000,0,,1.2500,LBS,,Industrial,Manufacturing," ",-,,,,,,Pauline Samaniego,Merrillville Metal Recycling
DynaDome,17306,2026-02-24T11:54:22.833-06:00[America/Chicago],NON_FERROUS,ALUMINUM,6063 BARE ALUMINUM EXTRUSION,AL06063,693.7500,555,LBS,1.2500000000000000,0,,1.2500,LBS,,Industrial,Manufacturing," ",-,,,,,,Pauline Samaniego,Merrillville Metal Recycling
DynaDome,20975,2026-05-08T14:33:42.831-05:00[America/Chicago],FERROUS,STEEL,CLEAN SHEET,CLSHST,168.0000,1792,LBS,0.09375000000000000000,0,,210.0000,GT,,Industrial,Manufacturing," ",-,,,,,,Pauline Samaniego,Merrillville Metal Recycling
DynaDome,17306,2026-02-24T11:54:22.833-06:00[America/Chicago],NON_FERROUS,ALUMINUM,6063 BARE ALUMINUM EXTRUSION,AL06063,702.5000,562,LBS,1.2500000000000000,0,,1.2500,LBS,,Industrial,Manufacturing," ",-,,,,,,Pauline Samaniego,Merrillville Metal Recycling
DynaDome,20975,2026-05-08T14:33:42.831-05:00[America/Chicago],NON_FERROUS,ALUMINUM,6063 BARE ALUMINUM EXTRUSION,AL06063,552.0000,368,LBS,1.5000000000000000,0,,1.5000,LBS,,Industrial,Manufacturing," ",-,,,,,,Pauline Samaniego,Merrillville Metal Recycling
DynaDome,17306,2026-02-24T11:54:22.833-06:00[America/Chicago],NON_FERROUS,ALUMINUM,6063 BARE ALUMINUM EXTRUSION,AL06063,445.0000,356,LBS,1.2500000000000000,0,,1.2500,LBS,,Industrial,Manufacturing," ",-,,,,,,Pauline Samaniego,Merrillville Metal Recycling
DynaDome,17306,2026-02-24T11:54:22.833-06:00[America/Chicago],NON_FERROUS,ALUMINUM,6063 BARE ALUMINUM EXTRUSION,AL06063,486.2500,389,LBS,1.2500000000000000,0,,1.2500,LBS,,Industrial,Manufacturing," ",-,,,,,,Pauline Samaniego,Merrillville Metal Recycling
EPI (Terry),17145,2026-02-19T08:49:34.775-06:00[America/Chicago],FERROUS,STEEL,BUSHELING,Indbush,159.6000,1100,LBS,0.14509090909090909091,0,,325.0000,GT,,Retail,,,,,,,,,Alexus Thomas,Merrillville Metal Recycling
EPI (Terry),22992,2026-06-11T13:14:30.305-05:00[America/Chicago],FERROUS,STEEL,BUSHELING,Indbush,45.8000,540,LBS,0.08481481481481481481,0,,190.0000,GT,,Retail,,,,,,,,,Alexus Thomas,Merrillville Metal Recycling
EPI (Terry),22992,2026-06-11T13:14:30.305-05:00[America/Chicago],FERROUS,STEEL,BUSHELING,Indbush,28.8400,340,LBS,0.08482352941176470588,0,,190.0000,GT,,Retail,,,,,,,,,Alexus Thomas,Merrillville Metal Recycling
EPI (Terry),22550,2026-06-04T10:00:03.35-05:00[America/Chicago],FERROUS,STEEL,BUSHELING,Indbush,78.0400,920,LBS,0.08482608695652173913,0,,190.0000,GT,,Retail,,,,,,,,,Alexus Thomas,Merrillville Metal Recycling
EPI (Terry),22148,2026-05-28T13:22:34.104-05:00[America/Chicago],FERROUS,STEEL,BUSHELING,Indbush,95.0000,1120,LBS,0.08482142857142857143,0,,190.0000,GT,,Retail,,,,,,,,,Alexus Thomas,Merrillville Metal Recycling
EPI (Terry),22148,2026-05-28T13:22:34.104-05:00[America/Chicago],FERROUS,STEEL,BUSHELING,Indbush,72.9500,860,LBS,0.08482558139534883721,0,,190.0000,GT,,Retail,,,,,,,,,Alexus Thomas,Merrillville Metal Recycling
EPI (Terry),22148,2026-05-28T13:22:34.104-05:00[America/Chicago],FERROUS,STEEL,BUSHELING,Indbush,66.1600,780,LBS,0.08482051282051282051,0,,190.0000,GT,,Retail,,,,,,,,,Alexus Thomas,Merrillville Metal Recycling
EPI (Terry),22148,2026-05-28T13:22:34.104-05:00[America/Chicago],FERROUS,STEEL,BUSHELING,Indbush,20.3600,240,LBS,0.08483333333333333333,0,,190.0000,GT,,Retail,,,,,,,,,Alexus Thomas,Merrillville Metal Recycling
EPI (Terry),21151,2026-05-12T13:01:17.305-05:00[America/Chicago],NON_FERROUS,STAINLESS STEEL TIER 1,304 STAINLESS SOLIDS,NISS300,167.2000,760,LBS,0.22000000000000000000,0,,0.2200,LBS,,Retail,,,,,,,,,Alexus Thomas,Merrillville Metal Recycling
EPI (Terry),21151,2026-05-12T13:01:17.305-05:00[America/Chicago],FERROUS,STEEL,BUSHELING,Indbush,116.0700,800,LBS,0.14508750000000000000,0,,325.0000,GT,,Retail,,,,,,,,,Alexus Thomas,Merrillville Metal Recycling
EPI (Terry),21151,2026-05-12T13:01:17.305-05:00[America/Chicago],FERROUS,STEEL,BUSHELING,Indbush,92.8600,640,LBS,0.14509375000000000000,0,,325.0000,GT,,Retail,,,,,,,,,Alexus Thomas,Merrillville Metal Recycling
EPI (Terry),21151,2026-05-12T13:01:17.305-05:00[America/Chicago],FERROUS,STEEL,BUSHELING,Indbush,84.1500,580,LBS,0.14508620689655172414,0,,325.0000,GT,,Retail,,,,,,,,,Alexus Thomas,Merrillville Metal Recycling
EPI (Terry),21151,2026-05-12T13:01:17.305-05:00[America/Chicago],FERROUS,STEEL,BUSHELING,Indbush,75.4500,520,LBS,0.14509615384615384615,0,,325.0000,GT,,Retail,,,,,,,,,Alexus Thomas,Merrillville Metal Recycling
EPI (Terry),21151,2026-05-12T13:01:17.305-05:00[America/Chicago],FERROUS,STEEL,BUSHELING,Indbush,65.2900,450,LBS,0.14508888888888888889,50,50lbs Unknown Deduction,325.0000,GT,,Retail,,,,,,,,,Alexus Thomas,Merrillville Metal Recycling
EPI (Terry),21151,2026-05-12T13:01:17.305-05:00[America/Chicago],FERROUS,STEEL,BUSHELING,Indbush,63.8400,440,LBS,0.14509090909090909091,100,100lbs Unknown Deduction,325.0000,GT,,Retail,,,,,,,,,Alexus Thomas,Merrillville Metal Recycling
EPI (Terry),21151,2026-05-12T13:01:17.305-05:00[America/Chicago],FERROUS,STEEL,BUSHELING,Indbush,53.6800,370,LBS,0.14508108108108108108,50,50lbs Unknown Deduction,325.0000,GT,,Retail,,,,,,,,,Alexus Thomas,Merrillville Metal Recycling
EPI (Terry),21151,2026-05-12T13:01:17.305-05:00[America/Chicago],FERROUS,STEEL,SHEET IRON,SHIRST,27.1400,320,LBS,0.08481250000000000000,0,,190.0000,GT,,Retail,,,,,,,,,Alexus Thomas,Merrillville Metal Recycling
EPI (Terry),21151,2026-05-12T13:01:17.305-05:00[America/Chicago],FERROUS,STEEL,BUSHELING,Indbush,43.5300,300,LBS,0.14510000000000000000,0,,325.0000,GT,,Retail,,,,,,,,,Alexus Thomas,Merrillville Metal Recycling
EPI (Terry),21151,2026-05-12T13:01:17.305-05:00[America/Chicago],FERROUS,STEEL,BUSHELING,Indbush,34.8200,240,LBS,0.14508333333333333333,0,,325.0000,GT,,Retail,,,,,,,,,Alexus Thomas,Merrillville Metal Recycling
EPI (Terry),21151,2026-05-12T13:01:17.305-05:00[America/Chicago],FERROUS,STEEL,BUSHELING,Indbush,11.6100,80,LBS,0.14512500000000000000,0,,325.0000,GT,,Retail,,,,,,,,,Alexus Thomas,Merrillville Metal Recycling
EPI (Terry),21151,2026-05-12T13:01:17.305-05:00[America/Chicago],FERROUS,STEEL,BUSHELING,Indbush,0.0000,0,LBS,,120,120lbs Trash,325.0000,GT,,Retail,,,,,,,,,Alexus Thomas,Merrillville Metal Recycling
EPI (Terry),20830,2026-05-07T08:32:50.808-05:00[America/Chicago],FERROUS,STEEL,BUSHELING,Indbush,179.9100,1240,LBS,0.14508870967741935484,0,,325.0000,GT,,Retail,,,,,,,,,Alexus Thomas,Merrillville Metal Recycling
EPI (Terry),20830,2026-05-07T08:32:50.808-05:00[America/Chicago],FERROUS,STEEL,HEAVY MELT,INDHVYM,89.2900,800,LBS,0.11161250000000000000,0,,250.0000,GT,,Retail,,,,,,,,,Alexus Thomas,Merrillville Metal Recycling
EPI (Terry),20830,2026-05-07T08:32:50.808-05:00[America/Chicago],FERROUS,STEEL,HEAVY MELT,INDHVYM,69.2000,620,LBS,0.11161290322580645161,0,,250.0000,GT,,Retail,,,,,,,,,Alexus Thomas,Merrillville Metal Recycling
EPI (Terry),20830,2026-05-07T08:32:50.808-05:00[America/Chicago],FERROUS,STEEL,HEAVY MELT,INDHVYM,66.9600,600,LBS,0.11160000000000000000,0,,250.0000,GT,,Retail,,,,,,,,,Alexus Thomas,Merrillville Metal Recycling
EPI (Terry),20830,2026-05-07T08:32:50.808-05:00[America/Chicago],FERROUS,STEEL,HEAVY MELT,INDHVYM,64.7300,580,LBS,0.11160344827586206897,0,,250.0000,GT,,Retail,,,,,,,,,Alexus Thomas,Merrillville Metal Recycling
EPI (Terry),20830,2026-05-07T08:32:50.808-05:00[America/Chicago],FERROUS,STEEL,BUSHELING,Indbush,46.4300,320,LBS,0.14509375000000000000,1220,1220lbs Unsorted,325.0000,GT,,Retail,,,,,,,,,Alexus Thomas,Merrillville Metal Recycling
EPI (Terry),20775,2026-05-06T10:01:56.476-05:00[America/Chicago],NON_FERROUS,STAINLESS STEEL TIER 1,304 STAINLESS SOLIDS,NISS300,149.8200,681,LBS,0.22000000000000000000,0,,0.2200,LBS,,Retail,,,,,,,,,Alexus Thomas,Merrillville Metal Recycling
EPI (Terry),20775,2026-05-06T10:01:56.476-05:00[America/Chicago],NON_FERROUS,STAINLESS STEEL TIER 1,304 STAINLESS SOLIDS,NISS300,142.5600,648,LBS,0.22000000000000000000,0,,0.2200,LBS,,Retail,,,,,,,,,Alexus Thomas,Merrillville Metal Recycling
EPI (Terry),20775,2026-05-06T10:01:56.476-05:00[America/Chicago],NON_FERROUS,STAINLESS STEEL TIER 1,304 STAINLESS SOLIDS,NISS300,133.7600,608,LBS,0.22000000000000000000,0,,0.2200,LBS,,Retail,,,,,,,,,Alexus Thomas,Merrillville Metal Recycling
EPI (Terry),20775,2026-05-06T10:01:56.476-05:00[America/Chicago],NON_FERROUS,STAINLESS STEEL TIER 1,304 STAINLESS SOLIDS,NISS300,82.0600,373,LBS,0.22000000000000000000,0,,0.2200,LBS,,Retail,,,,,,,,,Alexus Thomas,Merrillville Metal Recycling
EPI (Terry),20775,2026-05-06T10:01:56.476-05:00[America/Chicago],NON_FERROUS,STAINLESS STEEL TIER 1,304 STAINLESS SOLIDS,NISS300,25.5200,116,LBS,0.22000000000000000000,0,,0.2200,LBS,,Retail,,,,,,,,,Alexus Thomas,Merrillville Metal Recycling
EPI (Terry),20775,2026-05-06T10:01:56.476-05:00[America/Chicago],NON_FERROUS,STAINLESS STEEL TIER 1,304 STAINLESS SOLIDS,NISS300,22.6600,103,LBS,0.22000000000000000000,0,,0.2200,LBS,,Retail,,,,,,,,,Alexus Thomas,Merrillville Metal Recycling
EPI (Terry),20775,2026-05-06T10:01:56.476-05:00[America/Chicago],FERROUS,STEEL,HEAVY MELT - UNPREPARED,UNPHMS,550.0000,6160,LBS,0.08928571428571428571,0,,200.0000,GT,,Retail,,,,,,,,,Alexus Thomas,Merrillville Metal Recycling
EPI (Terry),20775,2026-05-06T10:01:56.476-05:00[America/Chicago],FERROUS,STEEL,BUSHELING,Indbush,146.6900,1011,LBS,0.14509396636993076162,0,,325.0000,GT,,Retail,,,,,,,,,Alexus Thomas,Merrillville Metal Recycling
EPI (Terry),20775,2026-05-06T10:01:56.476-05:00[America/Chicago],FERROUS,STEEL,HEAVY MELT,INDHVYM,85.3800,765,LBS,0.11160784313725490196,0,,250.0000,GT,,Retail,,,,,,,,,Alexus Thomas,Merrillville Metal Recycling
EPI (Terry),20775,2026-05-06T10:01:56.476-05:00[America/Chicago],FERROUS,STEEL,BUSHELING,Indbush,93.1500,642,LBS,0.14509345794392523364,0,,325.0000,GT,,Retail,,,,,,,,,Alexus Thomas,Merrillville Metal Recycling
EPI (Terry),20775,2026-05-06T10:01:56.476-05:00[America/Chicago],FERROUS,STEEL,BUSHELING,Indbush,89.8100,619,LBS,0.14508885298869143780,0,,325.0000,GT,,Retail,,,,,,,,,Alexus Thomas,Merrillville Metal Recycling
EPI (Terry),20775,2026-05-06T10:01:56.476-05:00[America/Chicago],FERROUS,STEEL,HEAVY MELT,INDHVYM,63.5000,569,LBS,0.11159929701230228471,0,,250.0000,GT,,Retail,,,,,,,,,Alexus Thomas,Merrillville Metal Recycling
EPI (Terry),20775,2026-05-06T10:01:56.476-05:00[America/Chicago],FERROUS,STEEL,BUSHELING,Indbush,57.7500,398,LBS,0.14510050251256281407,0,,325.0000,GT,,Retail,,,,,,,,,Alexus Thomas,Merrillville Metal Recycling
EPI (Terry),20775,2026-05-06T10:01:56.476-05:00[America/Chicago],FERROUS,STEEL,HEAVY MELT,INDHVYM,39.2900,352,LBS,0.11161931818181818182,0,,250.0000,GT,,Retail,,,,,,,,,Alexus Thomas,Merrillville Metal Recycling
EPI (Terry),20775,2026-05-06T10:01:56.476-05:00[America/Chicago],FERROUS,STEEL,HEAVY MELT,INDHVYM,37.0500,332,LBS,0.11159638554216867470,0,,250.0000,GT,,Retail,,,,,,,,,Alexus Thomas,Merrillville Metal Recycling
EPI (Terry),20775,2026-05-06T10:01:56.476-05:00[America/Chicago],FERROUS,STEEL,HEAVY MELT,INDHVYM,29.9100,268,LBS,0.11160447761194029851,0,,250.0000,GT,,Retail,,,,,,,,,Alexus Thomas,Merrillville Metal Recycling
EPI (Terry),20775,2026-05-06T10:01:56.476-05:00[America/Chicago],FERROUS,STEEL,HEAVY MELT,INDHVYM,25.6700,230,LBS,0.11160869565217391304,0,,250.0000,GT,,Retail,,,,,,,,,Alexus Thomas,Merrillville Metal Recycling
EPI (Terry),20136,2026-04-23T13:32:27.133-05:00[America/Chicago],FERROUS,STEEL,BUSHELING,Indbush,211.8300,1460,LBS,0.14508904109589041096,0,,325.0000,GT,,Retail,,,,,,,,,Alexus Thomas,Merrillville Metal Recycling
EPI (Terry),20136,2026-04-23T13:32:27.133-05:00[America/Chicago],FERROUS,STEEL,HEAVY MELT,INDHVYM,162.9500,1460,LBS,0.11160958904109589041,0,,250.0000,GT,,Retail,,,,,,,,,Alexus Thomas,Merrillville Metal Recycling
EPI (Terry),20136,2026-04-23T13:32:27.133-05:00[America/Chicago],FERROUS,STEEL,BUSHELING,Indbush,188.6200,1300,LBS,0.14509230769230769231,0,,325.0000,GT,,Retail,,,,,,,,,Alexus Thomas,Merrillville Metal Recycling
EPI (Terry),20136,2026-04-23T13:32:27.133-05:00[America/Chicago],FERROUS,STEEL,BUSHELING,Indbush,161.0500,1110,LBS,0.14509009009009009009,550,550lbs Unsorted,325.0000,GT,,Retail,,,,,,,,,Alexus Thomas,Merrillville Metal Recycling
EPI (Terry),20136,2026-04-23T13:32:27.133-05:00[America/Chicago],FERROUS,STEEL,BUSHELING,Indbush,159.6000,1100,LBS,0.14509090909090909091,0,,325.0000,GT,,Retail,,,,,,,,,Alexus Thomas,Merrillville Metal Recycling
EPI (Terry),20136,2026-04-23T13:32:27.133-05:00[America/Chicago],FERROUS,STEEL,HEAVY MELT,INDHVYM,113.8400,1020,LBS,0.11160784313725490196,0,,250.0000,GT,,Retail,,,,,,,,,Alexus Thomas,Merrillville Metal Recycling
EPI (Terry),20136,2026-04-23T13:32:27.133-05:00[America/Chicago],FERROUS,STEEL,HEAVY MELT,INDHVYM,61.3800,550,LBS,0.11160000000000000000,0,,250.0000,GT,,Retail,,,,,,,,,Alexus Thomas,Merrillville Metal Recycling
EPI (Terry),20136,2026-04-23T13:32:27.133-05:00[America/Chicago],FERROUS,STEEL,HEAVY MELT,INDHVYM,24.5500,220,LBS,0.11159090909090909091,0,,250.0000,GT,,Retail,,,,,,,,,Alexus Thomas,Merrillville Metal Recycling
EPI (Terry),20136,2026-04-23T13:32:27.133-05:00[America/Chicago],FERROUS,STEEL,BUSHELING,Indbush,31.9200,220,LBS,0.14509090909090909091,220,220lbs Unsorted,325.0000,GT,,Retail,,,,,,,,,Alexus Thomas,Merrillville Metal Recycling
EPI (Terry),20087,2026-04-23T08:12:15.861-05:00[America/Chicago],FERROUS,STEEL,BUSHELING,Indbush,449.2000,3096,LBS,0.14509043927648578811,0,,325.0000,GT,,Retail,,,,,,,,,Alexus Thomas,Merrillville Metal Recycling
EPI (Terry),20087,2026-04-23T08:12:15.861-05:00[America/Chicago],FERROUS,STEEL,HEAVY MELT,INDHVYM,91.5200,820,LBS,0.11160975609756097561,0,,250.0000,GT,,Retail,,,,,,,,,Alexus Thomas,Merrillville Metal Recycling
EPI (Terry),20087,2026-04-23T08:12:15.861-05:00[America/Chicago],FERROUS,STEEL,HEAVY MELT,INDHVYM,89.2900,800,LBS,0.11161250000000000000,0,,250.0000,GT,,Retail,,,,,,,,,Alexus Thomas,Merrillville Metal Recycling
EPI (Terry),20087,2026-04-23T08:12:15.861-05:00[America/Chicago],FERROUS,STEEL,HEAVY MELT,INDHVYM,80.3600,720,LBS,0.11161111111111111111,0,,250.0000,GT,,Retail,,,,,,,,,Alexus Thomas,Merrillville Metal Recycling
EPI (Terry),20087,2026-04-23T08:12:15.861-05:00[America/Chicago],FERROUS,STEEL,HEAVY MELT,INDHVYM,66.9600,600,LBS,0.11160000000000000000,0,,250.0000,GT,,Retail,,,,,,,,,Alexus Thomas,Merrillville Metal Recycling
EPI (Terry),20087,2026-04-23T08:12:15.861-05:00[America/Chicago],FERROUS,STEEL,HEAVY MELT,INDHVYM,60.2700,540,LBS,0.11161111111111111111,0,,250.0000,GT,,Retail,,,,,,,,,Alexus Thomas,Merrillville Metal Recycling
EPI (Terry),20087,2026-04-23T08:12:15.861-05:00[America/Chicago],FERROUS,STEEL,HEAVY MELT,INDHVYM,55.8000,500,LBS,0.11160000000000000000,0,,250.0000,GT,,Retail,,,,,,,,,Alexus Thomas,Merrillville Metal Recycling
EPI (Terry),20087,2026-04-23T08:12:15.861-05:00[America/Chicago],FERROUS,STEEL,HEAVY MELT,INDHVYM,51.3400,460,LBS,0.11160869565217391304,0,,250.0000,GT,,Retail,,,,,,,,,Alexus Thomas,Merrillville Metal Recycling
EPI (Terry),20087,2026-04-23T08:12:15.861-05:00[America/Chicago],FERROUS,STEEL,HEAVY MELT,INDHVYM,46.8800,420,LBS,0.11161904761904761905,0,,250.0000,GT,,Retail,,,,,,,,,Alexus Thomas,Merrillville Metal Recycling
EPI (Terry),20087,2026-04-23T08:12:15.861-05:00[America/Chicago],FERROUS,STEEL,HEAVY MELT,INDHVYM,46.8800,420,LBS,0.11161904761904761905,0,,250.0000,GT,,Retail,,,,,,,,,Alexus Thomas,Merrillville Metal Recycling
EPI (Terry),20087,2026-04-23T08:12:15.861-05:00[America/Chicago],FERROUS,STEEL,HEAVY MELT,INDHVYM,44.6400,400,LBS,0.11160000000000000000,0,,250.0000,GT,,Retail,,,,,,,,,Alexus Thomas,Merrillville Metal Recycling
EPI (Terry),20087,2026-04-23T08:12:15.861-05:00[America/Chicago],FERROUS,STEEL,HEAVY MELT,INDHVYM,42.4100,380,LBS,0.11160526315789473684,0,,250.0000,GT,,Retail,,,,,,,,,Alexus Thomas,Merrillville Metal Recycling
EPI (Terry),20087,2026-04-23T08:12:15.861-05:00[America/Chicago],FERROUS,STEEL,HEAVY MELT,INDHVYM,37.9500,340,LBS,0.11161764705882352941,0,,250.0000,GT,,Retail,,,,,,,,,Alexus Thomas,Merrillville Metal Recycling
EPI (Terry),20087,2026-04-23T08:12:15.861-05:00[America/Chicago],FERROUS,STEEL,HEAVY MELT,INDHVYM,15.6300,140,LBS,0.11164285714285714286,0,,250.0000,GT,,Retail,,,,,,,,,Alexus Thomas,Merrillville Metal Recycling
EPI (Terry),20087,2026-04-23T08:12:15.861-05:00[America/Chicago],FERROUS,STEEL,HEAVY MELT,INDHVYM,-211.6100,-1896,LBS,0.11160864978902953586,3096,3096lbs Unsorted,250.0000,GT,,Retail,,,,,,,,,Alexus Thomas,Merrillville Metal Recycling
EPI (Terry),19303,2026-04-08T12:54:40.163-05:00[America/Chicago],FERROUS,STEEL,HEAVY MELT,INDHVYM,98.2100,880,LBS,0.11160227272727272727,0,,250.0000,GT,,Retail,,,,,,,,,Alexus Thomas,Merrillville Metal Recycling
EPI (Terry),19303,2026-04-08T12:54:40.163-05:00[America/Chicago],FERROUS,STEEL,BUSHELING,Indbush,110.2700,760,LBS,0.14509210526315789474,0,,325.0000,GT,,Retail,,,,,,,,,Alexus Thomas,Merrillville Metal Recycling
EPI (Terry),19303,2026-04-08T12:54:40.163-05:00[America/Chicago],FERROUS,STEEL,BUSHELING,Indbush,104.4600,720,LBS,0.14508333333333333333,0,,325.0000,GT,,Retail,,,,,,,,,Alexus Thomas,Merrillville Metal Recycling
EPI (Terry),19303,2026-04-08T12:54:40.163-05:00[America/Chicago],FERROUS,STEEL,BUSHELING,Indbush,78.3500,540,LBS,0.14509259259259259259,0,,325.0000,GT,,Retail,,,,,,,,,Alexus Thomas,Merrillville Metal Recycling
EPI (Terry),19303,2026-04-08T12:54:40.163-05:00[America/Chicago],FERROUS,STEEL,BUSHELING,Indbush,52.2300,360,LBS,0.14508333333333333333,0,,325.0000,GT,,Retail,,,,,,,,,Alexus Thomas,Merrillville Metal Recycling
EPI (Terry),18606,2026-03-25T09:27:44.183-05:00[America/Chicago],FERROUS,STEEL,CLEAN SHEET,CLSHST,178.1300,1900,LBS,0.09375263157894736842,0,,210.0000,GT,,Retail,,,,,,,,,Alexus Thomas,Merrillville Metal Recycling
EPI (Terry),18606,2026-03-25T09:27:44.183-05:00[America/Chicago],FERROUS,STEEL,CLEAN SHEET,CLSHST,133.1300,1420,LBS,0.09375352112676056338,0,,210.0000,GT,,Retail,,,,,,,,,Alexus Thomas,Merrillville Metal Recycling
EPI (Terry),18606,2026-03-25T09:27:44.183-05:00[America/Chicago],FERROUS,STEEL,CLEAN SHEET,CLSHST,127.5000,1360,LBS,0.09375000000000000000,0,,210.0000,GT,,Retail,,,,,,,,,Alexus Thomas,Merrillville Metal Recycling
EPI (Terry),18606,2026-03-25T09:27:44.183-05:00[America/Chicago],FERROUS,STEEL,CLEAN SHEET,CLSHST,123.7500,1320,LBS,0.09375000000000000000,0,,210.0000,GT,,Retail,,,,,,,,,Alexus Thomas,Merrillville Metal Recycling
EPI (Terry),18606,2026-03-25T09:27:44.183-05:00[America/Chicago],FERROUS,STEEL,CLEAN SHEET,CLSHST,118.1300,1260,LBS,0.09375396825396825397,0,,210.0000,GT,,Retail,,,,,,,,,Alexus Thomas,Merrillville Metal Recycling
EPI (Terry),18606,2026-03-25T09:27:44.183-05:00[America/Chicago],FERROUS,STEEL,CLEAN SHEET,CLSHST,54.3800,580,LBS,0.09375862068965517241,0,,210.0000,GT,,Retail,,,,,,,,,Alexus Thomas,Merrillville Metal Recycling
EPI (Terry),18606,2026-03-25T09:27:44.183-05:00[America/Chicago],FERROUS,STEEL,CLEAN SHEET,CLSHST,26.2500,280,LBS,0.09375000000000000000,0,,210.0000,GT,,Retail,,,,,,,,,Alexus Thomas,Merrillville Metal Recycling
EPI (Terry),18214,2026-03-17T10:34:10.534-05:00[America/Chicago],FERROUS,STEEL,BUSHELING,Indbush,159.6000,1100,LBS,0.14509090909090909091,0,,325.0000,GT,,Retail,,,,,,,,,Alexus Thomas,Merrillville Metal Recycling
EPI (Terry),18214,2026-03-17T10:34:10.534-05:00[America/Chicago],FERROUS,STEEL,BUSHELING,Indbush,133.4800,920,LBS,0.14508695652173913043,0,,325.0000,GT,,Retail,,,,,,,,,Alexus Thomas,Merrillville Metal Recycling
EPI (Terry),18214,2026-03-17T10:34:10.534-05:00[America/Chicago],FERROUS,STEEL,BUSHELING,Indbush,107.3700,740,LBS,0.14509459459459459459,0,,325.0000,GT,,Retail,,,,,,,,,Alexus Thomas,Merrillville Metal Recycling
EPI (Terry),18214,2026-03-17T10:34:10.534-05:00[America/Chicago],FERROUS,STEEL,BUSHELING,Indbush,104.4600,720,LBS,0.14508333333333333333,0,,325.0000,GT,,Retail,,,,,,,,,Alexus Thomas,Merrillville Metal Recycling
EPI (Terry),17498,2026-03-02T09:46:53.34-06:00[America/Chicago],FERROUS,STEEL,HEAVY MELT,INDHVYM,164.5100,1340,LBS,0.12276865671641791045,0,,275.0000,GT,,Retail,,,,,,,,,Alexus Thomas,Merrillville Metal Recycling
EPI (Terry),17498,2026-03-02T09:46:53.34-06:00[America/Chicago],FERROUS,STEEL,BUSHELING,Indbush,110.2700,760,LBS,0.14509210526315789474,0,,325.0000,GT,,Retail,,,,,,,,,Alexus Thomas,Merrillville Metal Recycling
EPI (Terry),17498,2026-03-02T09:46:53.34-06:00[America/Chicago],FERROUS,STEEL,HEAVY MELT,INDHVYM,58.9300,480,LBS,0.12277083333333333333,0,,275.0000,GT,,Retail,,,,,,,,,Alexus Thomas,Merrillville Metal Recycling
EPI (Terry),17498,2026-03-02T09:46:53.34-06:00[America/Chicago],FERROUS,STEEL,HEAVY MELT,INDHVYM,41.7400,340,LBS,0.12276470588235294118,0,,275.0000,GT,,Retail,,,,,,,,,Alexus Thomas,Merrillville Metal Recycling
EPI (Terry),17145,2026-02-19T08:49:34.775-06:00[America/Chicago],FERROUS,STEEL,BUSHELING,Indbush,171.2100,1180,LBS,0.14509322033898305085,0,,325.0000,GT,,Retail,,,,,,,,,Alexus Thomas,Merrillville Metal Recycling
EPI (Terry),22992,2026-06-11T13:14:30.305-05:00[America/Chicago],FERROUS,STEEL,BUSHELING,Indbush,88.2100,1040,LBS,0.08481730769230769231,0,,190.0000,GT,,Retail,,,,,,,,,Alexus Thomas,Merrillville Metal Recycling
EPI (Terry),17145,2026-02-19T08:49:34.775-06:00[America/Chicago],FERROUS,STEEL,HEAVY MELT,INDHVYM,112.9500,920,LBS,0.12277173913043478261,0,,275.0000,GT,,Retail,,,,,,,,,Alexus Thomas,Merrillville Metal Recycling
EPI (Terry),17145,2026-02-19T08:49:34.775-06:00[America/Chicago],FERROUS,STEEL,BUSHELING,Indbush,83.5700,576,LBS,0.14508680555555555556,144,144lbs Unsorted,325.0000,GT,,Retail,,,,,,,,,Alexus Thomas,Merrillville Metal Recycling
EPI (Terry),17145,2026-02-19T08:49:34.775-06:00[America/Chicago],FERROUS,STEEL,HEAVY MELT,INDHVYM,17.6800,144,LBS,0.12277777777777777778,0,,275.0000,GT,,Retail,,,,,,,,,Alexus Thomas,Merrillville Metal Recycling
EPI (Terry),16817,2026-02-12T08:39:42.421-06:00[America/Chicago],FERROUS,STEEL,HEAVY MELT,INDHVYM,256.1400,2250,LBS,0.11384000000000000000,0,,255.0000,GT,,Retail,,,,,,,,,Alexus Thomas,Merrillville Metal Recycling
EPI (Terry),16817,2026-02-12T08:39:42.421-06:00[America/Chicago],FERROUS,STEEL,BUSHELING,Indbush,160.5400,1240,LBS,0.12946774193548387097,0,,290.0000,GT,,Retail,,,,,,,,,Alexus Thomas,Merrillville Metal Recycling
EPI (Terry),16817,2026-02-12T08:39:42.421-06:00[America/Chicago],FERROUS,STEEL,BUSHELING,Indbush,121.7000,940,LBS,0.12946808510638297872,0,,290.0000,GT,,Retail,,,,,,,,,Alexus Thomas,Merrillville Metal Recycling
EPI (Terry),16817,2026-02-12T08:39:42.421-06:00[America/Chicago],FERROUS,STEEL,BUSHELING,Indbush,113.9300,880,LBS,0.12946590909090909091,0,,290.0000,GT,,Retail,,,,,,,,,Alexus Thomas,Merrillville Metal Recycling
EPI (Terry),16817,2026-02-12T08:39:42.421-06:00[America/Chicago],FERROUS,STEEL,BUSHELING,Indbush,-104.8700,-810,LBS,0.12946913580246913580,2250,2250lbs Unsorted,290.0000,GT,,Retail,,,,,,,,,Alexus Thomas,Merrillville Metal Recycling
EPI (Terry),16573,2026-02-04T13:16:05.396-06:00[America/Chicago],NON_FERROUS,STAINLESS STEEL TIER 1,304 STAINLESS SOLIDS,NISS300,105.0000,420,LBS,0.25000000000000000000,0,,0.2500,LBS,,Retail,,,,,,,,,Alexus Thomas,Merrillville Metal Recycling
EPI (Terry),16573,2026-02-04T13:16:05.396-06:00[America/Chicago],FERROUS,STEEL,HEAVY MELT,INDHVYM,221.3000,1944,LBS,0.11383744855967078189,0,,255.0000,GT,,Retail,,,,,,,,,Alexus Thomas,Merrillville Metal Recycling
EPI (Terry),16573,2026-02-04T13:16:05.396-06:00[America/Chicago],FERROUS,STEEL,BUSHELING,Indbush,191.6100,1480,LBS,0.12946621621621621622,0,,290.0000,GT,,Retail,,,,,,,,,Alexus Thomas,Merrillville Metal Recycling
EPI (Terry),16573,2026-02-04T13:16:05.396-06:00[America/Chicago],FERROUS,STEEL,BUSHELING,Indbush,111.3400,860,LBS,0.12946511627906976744,0,,290.0000,GT,,Retail,,,,,,,,,Alexus Thomas,Merrillville Metal Recycling
EPI (Terry),16573,2026-02-04T13:16:05.396-06:00[America/Chicago],FERROUS,STEEL,BUSHELING,Indbush,106.1600,820,LBS,0.12946341463414634146,0,,290.0000,GT,,Retail,,,,,,,,,Alexus Thomas,Merrillville Metal Recycling
EPI (Terry),16573,2026-02-04T13:16:05.396-06:00[America/Chicago],FERROUS,STEEL,BUSHELING,Indbush,95.8000,740,LBS,0.12945945945945945946,0,,290.0000,GT,,Retail,,,,,,,,,Alexus Thomas,Merrillville Metal Recycling
EPI (Terry),16573,2026-02-04T13:16:05.396-06:00[America/Chicago],FERROUS,STEEL,BUSHELING,Indbush,-181.7700,-1404,LBS,0.12946581196581196581,1944,1944lbs Unsorted,290.0000,GT,,Retail,,,,,,,,,Alexus Thomas,Merrillville Metal Recycling
EPI (Terry),16318,2026-01-26T13:36:12.95-06:00[America/Chicago],FERROUS,STEEL,HEAVY MELT,INDHVYM,154.8200,1360,LBS,0.11383823529411764706,0,,255.0000,GT,,Retail,,,,,,,,,Alexus Thomas,Merrillville Metal Recycling
EPI (Terry),16318,2026-01-26T13:36:12.95-06:00[America/Chicago],FERROUS,STEEL,BUSHELING,Indbush,93.2100,720,LBS,0.12945833333333333333,0,,290.0000,GT,,Retail,,,,,,,,,Alexus Thomas,Merrillville Metal Recycling
EPI (Terry),16318,2026-01-26T13:36:12.95-06:00[America/Chicago],FERROUS,STEEL,BUSHELING,Indbush,85.4500,660,LBS,0.12946969696969696970,0,,290.0000,GT,,Retail,,,,,,,,,Alexus Thomas,Merrillville Metal Recycling
EPI (Terry),16318,2026-01-26T13:36:12.95-06:00[America/Chicago],FERROUS,STEEL,BUSHELING,Indbush,80.2700,620,LBS,0.12946774193548387097,0,,290.0000,GT,,Retail,,,,,,,,,Alexus Thomas,Merrillville Metal Recycling
EPI (Terry),16318,2026-01-26T13:36:12.95-06:00[America/Chicago],FERROUS,STEEL,BUSHELING,Indbush,-38.8400,-300,LBS,0.12946666666666666667,1360,1360lbs Unsorted,290.0000,GT,,Retail,,,,,,,,,Alexus Thomas,Merrillville Metal Recycling
EPI (Terry),16161,2026-01-20T10:41:02.59-06:00[America/Chicago],FERROUS,STEEL,BUSHELING,Indbush,222.6800,1720,LBS,0.12946511627906976744,0,,290.0000,GT,,Retail,,,,,,,,,Alexus Thomas,Merrillville Metal Recycling
EPI (Terry),16161,2026-01-20T10:41:02.59-06:00[America/Chicago],FERROUS,STEEL,BUSHELING,Indbush,129.4600,1000,LBS,0.12946000000000000000,0,,290.0000,GT,,Retail,,,,,,,,,Alexus Thomas,Merrillville Metal Recycling
EPI (Terry),16161,2026-01-20T10:41:02.59-06:00[America/Chicago],FERROUS,STEEL,BUSHELING,Indbush,106.1600,820,LBS,0.12946341463414634146,0,,290.0000,GT,,Retail,,,,,,,,,Alexus Thomas,Merrillville Metal Recycling
EPI (Terry),16161,2026-01-20T10:41:02.59-06:00[America/Chicago],FERROUS,STEEL,BUSHELING,Indbush,103.5700,800,LBS,0.12946250000000000000,0,,290.0000,GT,,Retail,,,,,,,,,Alexus Thomas,Merrillville Metal Recycling
EPI (Terry),15836,2026-01-08T15:44:47.629-06:00[America/Chicago],FERROUS,STEEL,BUSHELING,Indbush,81.9600,720,LBS,0.11383333333333333333,0,,255.0000,GT,,Retail,,,,,,,,,Alexus Thomas,Merrillville Metal Recycling
EPI (Terry),15836,2026-01-08T15:44:47.629-06:00[America/Chicago],FERROUS,STEEL,BUSHELING,Indbush,79.6900,700,LBS,0.11384285714285714286,0,,255.0000,GT,,Retail,,,,,,,,,Alexus Thomas,Merrillville Metal Recycling
EPI (Terry),15836,2026-01-08T15:44:47.629-06:00[America/Chicago],FERROUS,STEEL,BUSHELING,Indbush,77.4100,680,LBS,0.11383823529411764706,0,,255.0000,GT,,Retail,,,,,,,,,Alexus Thomas,Merrillville Metal Recycling
Joe Krzyzanowski,22099,2026-05-28T09:05:42.896-05:00[America/Chicago],FERROUS,STEEL,CLEAN SHEET,CLSHST,-33.1300,3380,LBS,-0.00980177514792899408,0,350$ Service Charge/Fee,210.0000,GT,,Retail,Retail-Preferred,Pickup,3700 S 800 W,,San Pierre,IN,46374,,Dayle Dodson,Merrillville Metal Recycling
Joe Krzyzanowski,22099,2026-05-28T09:05:42.896-05:00[America/Chicago],FERROUS,STEEL,CLEAN SHEET,CLSHST,379.3800,7780,LBS,0.04876349614395886889,0,350$ Service Charge/Fee,210.0000,GT,,Retail,Retail-Preferred,Pickup,3700 S 800 W,,San Pierre,IN,46374,,Dayle Dodson,Merrillville Metal Recycling
LOCAL 395 IRONWORKERS,18253,2026-03-18T12:15:59.258-05:00[America/Chicago],FERROUS,STEEL,PLATE & STRUCTUAL,INDP&S,480.9400,5670,LBS,0.08482186948853615520,5670,"20% Unsorted, 30% Unsorted",190.0000,GT,,Industrial,,LOCAL 395 IRONWORKERS,890 E 25th Ave,,Lake Station,IN,46405,,Pauline Samaniego,Merrillville Metal Recycling
LOCAL 395 IRONWORKERS,18253,2026-03-18T12:15:59.258-05:00[America/Chicago],FERROUS,STEEL,HEAVY MELT - UNPREPARED,UNPHMS,182.2500,2268,LBS,0.08035714285714285714,0,,180.0000,GT,,Industrial,,LOCAL 395 IRONWORKERS,890 E 25th Ave,,Lake Station,IN,46405,,Pauline Samaniego,Merrillville Metal Recycling
LOCAL 395 IRONWORKERS,18253,2026-03-18T12:15:59.258-05:00[America/Chicago],FERROUS,STEEL,HEAVY MELT,INDHVYM,303.7500,3402,LBS,0.08928571428571428571,0,,200.0000,GT,,Industrial,,LOCAL 395 IRONWORKERS,890 E 25th Ave,,Lake Station,IN,46405,,Pauline Samaniego,Merrillville Metal Recycling
Precision Cartridge,15655,2026-01-05T13:02:26.038-06:00[America/Chicago],NON_FERROUS,BRASS TIER 2,70/30 Brass Shells,7030BR,1189.1000,517,LBS,2.3000000000000000,0,,2.3000,LBS,,Industrial,," ",-,,,,,,Jim Laporte,Merrillville Metal Recycling
Precision Cartridge,15655,2026-01-05T13:02:26.038-06:00[America/Chicago],NON_FERROUS,BRASS TIER 2,70/30 Brass Shells,7030BR,1621.5000,705,LBS,2.3000000000000000,0,,2.3000,LBS,,Industrial,," ",-,,,,,,Jim Laporte,Merrillville Metal Recycling
"Skyway USA, Inc. ",16959,2026-02-16T11:07:44.905-06:00[America/Chicago],FERROUS,STEEL,SHEET IRON,SHIRST,305.2200,3180,LBS,0.09598113207547169811,0,,215.0000,GT,,Industrial,Manufacturing,Receivables,250 Assay St,Suite 500,Houston,TX,77044,,Robert Wallace,Merrillville Metal Recycling
Spina Electric,20042,2026-04-22T11:07:52.478-05:00[America/Chicago],FERROUS,STEEL,SHEET IRON,SHIRST,393.3000,17620,LBS,0.02232122587968217934,1360,1360lbs Unknown Deduction,50.0000,GT,,Industrial,Manufacturing,Spina Electric,10855 W 400 N,,"Michigan City ",IN,46360,,Robert Wallace,Merrillville Metal Recycling
William's Used Auto Parts,15571,2026-01-02T11:23:07.495-06:00[America/Chicago],FERROUS,STEEL,AUTO CAST,FEAUCST,951.7500,6580,LBS,0.14464285714285714286,0,,324.0000,GT,,Industrial,General Industrial," ",-,,,,,,Pauline Samaniego,Merrillville Metal Recycling
William's Used Auto Parts,19010,2026-04-02T11:50:48.812-05:00[America/Chicago],FERROUS,STEEL,AUTO CAST,FEAUCST,986.0000,5800,LBS,0.17000000000000000000,0,,340.0000,NT,,Industrial,General Industrial," ",3945 Sheffield Ave,,Hammond,IN,46327,,Pauline Samaniego,Merrillville Metal Recycling
William's Used Auto Parts,22477,2026-06-03T08:52:57.509-05:00[America/Chicago],FERROUS,STEEL,AUTO CAST,FEAUCST,348.8400,2052,LBS,0.17000000000000000000,0,,340.0000,NT,,Industrial,General Industrial," ",3945 Sheffield Ave,,Hammond,IN,46327,,Pauline Samaniego,Merrillville Metal Recycling
William's Used Auto Parts,22477,2026-06-03T08:52:57.509-05:00[America/Chicago],FERROUS,STEEL,AUTO CAST,FEAUCST,580.3800,3414,LBS,0.17000000000000000000,0,,340.0000,NT,,Industrial,General Industrial," ",3945 Sheffield Ave,,Hammond,IN,46327,,Pauline Samaniego,Merrillville Metal Recycling
William's Used Auto Parts,16224,2026-01-22T10:44:52.487-06:00[America/Chicago],NON_FERROUS,ALUMINUM,ALUMINUM CANS,AL00UBC,40.8000,68,LBS,0.60000000000000000000,0,,0.6000,LBS,,Industrial,General Industrial," ",3945 Sheffield Ave,,Hammond,IN,46327,,Pauline Samaniego,Merrillville Metal Recycling
William's Used Auto Parts,16224,2026-01-22T10:44:52.487-06:00[America/Chicago],FERROUS,STEEL,AUTO CAST,FEAUCST,823.6600,5000,LBS,0.16473200000000000000,0,,369.0000,GT,,Industrial,General Industrial," ",3945 Sheffield Ave,,Hammond,IN,46327,,Pauline Samaniego,Merrillville Metal Recycling
William's Used Auto Parts,17648,2026-03-04T11:11:13.382-06:00[America/Chicago],FERROUS,STEEL,AUTO CAST,FEAUCST,782.0000,4600,LBS,0.17000000000000000000,0,,340.0000,NT,,Industrial,General Industrial," ",3945 Sheffield Ave,,Hammond,IN,46327,,Pauline Samaniego,Merrillville Metal Recycling
William's Used Auto Parts,22477,2026-06-03T08:52:57.509-05:00[America/Chicago],FERROUS,STEEL,HEAVY MELT,INDHVYM,97.9900,878,LBS,0.11160592255125284738,0,,250.0000,GT,,Industrial,General Industrial," ",3945 Sheffield Ave,,Hammond,IN,46327,,Pauline Samaniego,Merrillville Metal Recycling
