Location,Material Code,Material Name,Commodity Name,Commodity Type,Total Wip Weight,Total FG Weight,Total Net Weight,Total Wip Cost,Total FG Cost,Total Cost,Average Cost,Hold Total
Milton,CLPBNDS,#1 BUNDLES,STEEL,FERROUS,0,0,0,0,0,0,0,0
Milton,1018ST,1018 STEEL,STEEL,FERROUS,0,0,0,0,0,0,0,0
Milton,4140SOLS,4140 SOLIDS,STEEL,FERROUS,251,3004,3255,20.1695,241.3905,261.5600,0.0804,0
Milton,AAAPRT,AA AUTO PARTS,STEEL,FERROUS,0,0,0,0,0,0,0,0
Milton,FE0DEAT,AUTO BODY - COMPLETE,STEEL,FERROUS,94820,0,94820,8612.4706,0,8612.4706,0.0908,0
Milton,AUCORESTEEL,AUTO BODY - CORE ,STEEL,FERROUS,26370,0,26370,2585.2823,0,2585.2823,0.0980,0
Milton,FE0AUTO,AUTO BODY - INCOMPLETE,STEEL,FERROUS,440,0,440,38.3000,0,38.3000,0.0870,0
Merrillville,FEAUCST,AUTO CAST,STEEL,FERROUS,136041,0,136041,22203.4244,0,22203.4244,0.1632,0
Milton,FEAUCST,AUTO CAST,STEEL,FERROUS,14881,0,14881,2022.2855,0,2022.2855,0.1359,0
Merrillville,Indbush,BUSHELING,STEEL,FERROUS,119218,0,119218,11492.8023,0,11492.8023,0.0964,0
Milton,Indbush,BUSHELING,STEEL,FERROUS,122477,0,122477,16340.4751,0,16340.4751,0.1334,0
Merrillville,CLSHST,CLEAN SHEET,STEEL,FERROUS,83544,0,83544,7013.4993,0,7013.4993,0.0839,0
Milton,CLSHST,CLEAN SHEET,STEEL,FERROUS,53898,0,53898,5066.0755,0,5066.0755,0.0940,0
Milton,FENST,FENCING,STEEL,FERROUS,16440,0,16440,287.2667,0,287.2667,0.0175,0
Merrillville,ACUT,FULL A/C UNIT,STEEL,FERROUS,18075,0,18075,2710.1930,0,2710.1930,0.1499,0
Milton,ACUT,FULL A/C UNIT,STEEL,FERROUS,1668,0,1668,250.2000,0,250.2000,0.1500,0
Merrillville,INDHVYM,HEAVY MELT,STEEL,FERROUS,69876,1719,71595,7934.9369,142.7581,8077.6950,0.1128,0
Milton,INDHVYM,HEAVY MELT,STEEL,FERROUS,89145,1392,90537,8942.2207,90.6455,9032.8662,0.0998,0
Merrillville,UNPHMS,HEAVY MELT - UNPREPARED,STEEL,FERROUS,134204,0,134204,11350.4554,0,11350.4554,0.0846,0
Milton,UNPHMS,HEAVY MELT - UNPREPARED,STEEL,FERROUS,58558,0,58558,4280.1690,0,4280.1690,0.0731,0
Milton,las,LAS,STEEL,FERROUS,1771,0,1771,70.8400,0,70.8400,0.0400,0
Milton,OVSZMAC,OVERSIZED MACHINERY,STEEL,FERROUS,59560,0,59560,1640.9020,0,1640.9020,0.0276,0
Milton,PTDBUSH,PAINTED BUSH,STEEL,FERROUS,0,0,0,0,0,0,0,0
Merrillville,INDP&S,PLATE & STRUCTUAL,STEEL,FERROUS,60602,0,60602,5747.2815,0,5747.2815,0.0948,0
Milton,INDP&S,PLATE & STRUCTUAL,STEEL,FERROUS,45346,0,45346,3595.4804,0,3595.4804,0.0793,0
Merrillville,RLWHLS,RAIL WHEELS ,STEEL,FERROUS,0,0,0,0,0,0,0,0
Merrillville,REBAR,REBAR,STEEL,FERROUS,4360,0,4360,97.3200,0,97.3200,0.0223,0
Milton,REBAR,REBAR,STEEL,FERROUS,5302,0,5302,315.6265,0,315.6265,0.0595,0
Merrillville,SHIRST,SHEET IRON,STEEL,FERROUS,380723,1835,382558,31856.2378,128.3610,31984.5988,0.0836,0
Milton,SHIRST,SHEET IRON,STEEL,FERROUS,195545,0,195545,15603.2450,-9.5249,15593.7201,0.0797,0
Milton,SKST,SKELATAL ,STEEL,FERROUS,0,0,0,0,0,0,0,0
Milton,STBD,STEEL BANDING (fe),STEEL,FERROUS,0,0,0,0,0,0,0,0
Merrillville,STBXCAB,STEEL BX CABLE,STEEL,FERROUS,9,0,9,0.7238,0,0.7238,0.0804,0
Milton,STBXCAB,STEEL BX CABLE,STEEL,FERROUS,0,0,0,0,0,0,0,0
Merrillville,STBXW,STEEL BX WIRE (fe),STEEL,FERROUS,228,0,228,30.2000,0,30.2000,0.1325,0
Milton,STBXW,STEEL BX WIRE (fe),STEEL,FERROUS,429,0,429,176.8103,0,176.8103,0.4121,0
Merrillville,STCBLE,STEEL CABLE,STEEL,FERROUS,0,0,0,0,0,0,0,0
Milton,INDCLIPS,STEEL CLIPS,STEEL,FERROUS,0,0,0,0,0,0,0,0
Milton,STLCOL,STEEL COIL,STEEL,FERROUS,0,11489,11489,0,639.5635,639.5635,0.0557,0
Milton,STMTRBLK,STEEL MOTOR BLOCKS,STEEL,FERROUS,32649,0,32649,3470.1123,0,3470.1123,0.1063,0
Merrillville,TURNSTEEL,STEEL TURNING,STEEL,FERROUS,1852,0,1852,95.0800,0,95.0800,0.0513,0
Milton,TURNSTEEL,STEEL TURNING,STEEL,FERROUS,92322,0,92322,3128.2394,0,3128.2394,0.0339,0
Milton,STWR,STEEL WIRE,STEEL,FERROUS,440,0,440,21.6071,0,21.6071,0.0491,0
Merrillville,UNPREP,UNPREPARED P&S ,STEEL,FERROUS,27438,0,27438,2530.6814,0,2530.6814,0.0922,0
Milton,UNPREP,UNPREPARED P&S ,STEEL,FERROUS,58240,0,58240,3767.5277,0,3767.5277,0.0647,0
Merrillville,UNHMS,ZZ DO NOT USE - UNPREPARED HMS (uhms),STEEL,FERROUS,0,0,0,0,0,0,0,0
Milton,UNHMS,ZZ DO NOT USE - UNPREPARED HMS (uhms),STEEL,FERROUS,0,0,0,0,0,0,0,0
Merrillville,FETURN,ZZ DO NOT USE STEEL TURNINGS,STEEL,FERROUS,0,0,0,0,0,0,0,0
Milton,FETURN,ZZ DO NOT USE STEEL TURNINGS,STEEL,FERROUS,0,0,0,0,0,0,0,0
Milton,1010ALEXT,1010 BARE EXTRUSION,ALUMINUM,NON_FERROUS,198,0,198,128.7000,0,128.7000,0.6500,0
Merrillville,Al01100,1100 SERIES,ALUMINUM,NON_FERROUS,0,0,0,0,0,0,0,0
Milton,Al01100,1100 SERIES,ALUMINUM,NON_FERROUS,12,0,12,0.9950,0,0.9950,0.0829,0
Milton,AL02024,2000 SERIES ALUMINUM,ALUMINUM,NON_FERROUS,329,0,329,65.8000,0,65.8000,0.2000,0
Milton,2024ALCST,2024 AL CASTINGS,ALUMINUM,NON_FERROUS,1,0,1,0.2000,0,0.2000,0.2000,0
Merrillville,PTD3003,3003 AL PAINTED,ALUMINUM,NON_FERROUS,45,0,45,9.0000,0,9.0000,0.2000,0
Milton,PTD3003,3003 AL PAINTED,ALUMINUM,NON_FERROUS,0,0,0,0,0,0,0,0
Milton,AL3003,3003 AL SOLIDS,ALUMINUM,NON_FERROUS,783,0,783,566.7059,0,566.7059,0.7238,0
Milton,30ALP,3003 ALUMINUM WITH POLY,ALUMINUM,NON_FERROUS,0,0,0,0,0,0,0,0
Milton,3105ALSOL,3105 AL SOLIDS,ALUMINUM,NON_FERROUS,0,0,0,0,0,0,0,0
Milton,319ALFLASHING,319 AL FLASHINGS ,ALUMINUM,NON_FERROUS,0,2113,2113,0,754.2692,754.2692,0.3570,0
Milton,319CSTAL,319 CASTINGS,ALUMINUM,NON_FERROUS,0,0,0,0,0,0,0,0
Milton,380ALTRN,380 ALUMINUM TURNINGS,ALUMINUM,NON_FERROUS,0,0,0,0,0,0,0,0
Milton,380NCAL,380 BARE NEW CAST ALUMINUM,ALUMINUM,NON_FERROUS,0,0,0,0,0,0,0,0
Milton,380NCRUB,380 NEW CAST W/ 5% RUBBER ATTACHMENTS,ALUMINUM,NON_FERROUS,0,1847,1847,0,553.3485,553.3485,0.2996,0
Merrillville,380PTDNC,380 PTD NEW CAST,ALUMINUM,NON_FERROUS,0,0,0,0,0,0,0,0
Milton,380PTDNC,380 PTD NEW CAST,ALUMINUM,NON_FERROUS,0,666,666,0,199.7910,199.7910,0.3000,0
Merrillville,AL05052,5052 ALUMINUM,ALUMINUM,NON_FERROUS,429,0,429,171.6000,0,171.6000,0.4000,0
Milton,AL05052,5052 ALUMINUM,ALUMINUM,NON_FERROUS,2318,11895,14213,3858.0914,18125.3537,21983.4451,1.5467,0
Milton,AL5052SHPOLY,5052 ALUMINUM SHEET W/POLY,ALUMINUM,NON_FERROUS,1938,0,1938,2940.3113,0,2940.3113,1.5172,0
Milton,6022ALUM,6022 ALUMINUM,ALUMINUM,NON_FERROUS,0,0,0,0,0,0,0,0
Merrillville,6061ALR,6061 AL RIMS,ALUMINUM,NON_FERROUS,485,705,1190,215.4043,321.3320,536.7363,0.4510,0
Milton,6061ALR,6061 AL RIMS,ALUMINUM,NON_FERROUS,357,600,957,262.0608,220.4400,482.5008,0.5042,0
Merrillville,AL06061,6061 ALUMINUM - SPC,ALUMINUM,NON_FERROUS,1293,1643,2936,850.1989,1084.4980,1934.6969,0.6590,0
Milton,AL06061,6061 ALUMINUM - SPC,ALUMINUM,NON_FERROUS,100,1997,2097,90.4103,1792.8613,1883.2716,0.8981,0
Merrillville,ALEXTRU,6061 ALUMINUM EXTRUSIONS,ALUMINUM,NON_FERROUS,821,0,821,708.4665,0,708.4665,0.8629,0
Milton,ALEXTRU,6061 ALUMINUM EXTRUSIONS,ALUMINUM,NON_FERROUS,828,0,828,579.6000,0,579.6000,0.7000,0
Merrillville,6061PTDSPCAL,6061 PAINTED SPC,ALUMINUM,NON_FERROUS,0,0,0,0,0,0,0,0
Milton,6061PTDSPCAL,6061 PAINTED SPC,ALUMINUM,NON_FERROUS,0,0,0,0,0,0,0,0
Merrillville,TRWLS,6061 TRUCK WHEELS,ALUMINUM,NON_FERROUS,0,0,0,0,0,0,0,0
Merrillville,AL6061TURNS,6061 TURNINGS,ALUMINUM,NON_FERROUS,835,165,1000,417.5000,82.5000,500.0000,0.5000,0
Milton,AL6061TURNS,6061 TURNINGS,ALUMINUM,NON_FERROUS,20455,0,20455,7042.0390,0,7042.0390,0.3443,0
Merrillville,6063ALS,6063 AL SOLIDS,ALUMINUM,NON_FERROUS,0,0,0,0,0,0,0,0
Milton,6063ALS,6063 AL SOLIDS,ALUMINUM,NON_FERROUS,0,442,442,0,354.9195,354.9195,0.8030,0
Merrillville,AL06063,6063 BARE ALUMINUM EXTRUSION,ALUMINUM,NON_FERROUS,399,0,399,417.8234,0,417.8234,1.0472,0
Milton,AL06063,6063 BARE ALUMINUM EXTRUSION,ALUMINUM,NON_FERROUS,4404,8899,13303,4233.5763,11362.3321,15595.9084,1.1724,0
Merrillville,AL06310,6063 PAINTED EXTRUSION,ALUMINUM,NON_FERROUS,76,0,76,57.0000,0,57.0000,0.7500,0
Milton,AL06310,6063 PAINTED EXTRUSION,ALUMINUM,NON_FERROUS,210,700,910,105.0000,514.3472,619.3472,0.6806,0
Merrillville,6063PIAL,6063 PIPE,ALUMINUM,NON_FERROUS,249,0,249,249.0000,0,249.0000,1.0000,0
Milton,6063PIAL,6063 PIPE,ALUMINUM,NON_FERROUS,0,0,0,0,0,0,0,0
Milton,6105 turnings,6105 TURNINGS,ALUMINUM,NON_FERROUS,0,0,0,0,0,0,0,0
Milton,AL07000,7000 SERIES ALUMINUM,ALUMINUM,NON_FERROUS,0,0,0,0,0,0,0,0
Milton,AL07075,7075 ALUMINUM,ALUMINUM,NON_FERROUS,0,1346,1346,0,781.8168,781.8168,0.5808,0
Merrillville,ALCURAEND,ACR AL/CU RADIATOR ENDS,ALUMINUM,NON_FERROUS,149,0,149,126.2709,0,126.2709,0.8475,0
Milton,ALCURAEND,ACR AL/CU RADIATOR ENDS,ALUMINUM,NON_FERROUS,281,0,281,60.3041,0,60.3041,0.2146,0
Merrillville,AL0ACSR,ACSR WIRE,ALUMINUM,NON_FERROUS,156,0,156,81.3696,0,81.3696,0.5216,0
Milton,AL0ACSR,ACSR WIRE,ALUMINUM,NON_FERROUS,866,474,1340,216.5000,98.2371,314.7371,0.2349,0
Milton,5086,AL 5086,ALUMINUM,NON_FERROUS,150,0,150,127.5000,0,127.5000,0.8500,0
Milton,CASTAL356,AL CAST - 356,ALUMINUM,NON_FERROUS,0,0,0,0,0,0,0,0
Merrillville,ALDUST,AL DUST,ALUMINUM,NON_FERROUS,0,0,0,0,0,0,0,0
Milton,ALDUST,AL DUST,ALUMINUM,NON_FERROUS,0,0,0,0,0,0,0,0
Milton,ALTANKS,AL TANKS,ALUMINUM,NON_FERROUS,0,0,0,0,0,0,0,0
Merrillville,ALCURAD,AL/CU RADIATORS - CLEAN,ALUMINUM,NON_FERROUS,543,0,543,995.7491,0,995.7491,1.8338,0
Milton,ALCURAD,AL/CU RADIATORS - CLEAN,ALUMINUM,NON_FERROUS,1766,0,1766,2471.9562,0,2471.9562,1.3997,0
Merrillville,ALCURFE,AL/CU RADIATORS - FE,ALUMINUM,NON_FERROUS,430,0,430,493.3592,0,493.3592,1.1473,0
Milton,ALCURFE,AL/CU RADIATORS - FE,ALUMINUM,NON_FERROUS,486,135,621,528.8768,127.7933,656.6701,1.0574,0
Merrillville,ALUARM,ALUM ARMATURE,ALUMINUM,NON_FERROUS,32,0,32,3.1016,0,3.1016,0.0969,0
Milton,ALUARM,ALUM ARMATURE,ALUMINUM,NON_FERROUS,0,0,0,0,0,0,0,0
Merrillville,ALUMBRECWR,ALUM BARE EC WIRE,ALUMINUM,NON_FERROUS,441,0,441,220.0590,0,220.0590,0.4990,0
Milton,ALUMBRECWR,ALUM BARE EC WIRE,ALUMINUM,NON_FERROUS,0,0,0,0,0,0,0,0
Milton,ALUMDROSS,ALUM DROSS,ALUMINUM,NON_FERROUS,33906,0,33906,5961.8957,0,5961.8957,0.1758,0
Merrillville,ALTRANSF,ALUM TRANSFORMERS,ALUMINUM,NON_FERROUS,155,0,155,13.9500,0,13.9500,0.0900,0
Milton,ALTRANSF,ALUM TRANSFORMERS,ALUMINUM,NON_FERROUS,124,3724,3848,6.4888,336.1235,342.6123,0.0890,0
Merrillville,ALUTURN,ALUMINIUM TURNS,ALUMINUM,NON_FERROUS,1226,681,1907,265.5419,141.8081,407.3500,0.2136,0
Milton,ALUTURN,ALUMINIUM TURNS,ALUMINUM,NON_FERROUS,15156,3252,18408,3742.2184,802.5730,4544.7914,0.2469,0
Merrillville,ALUBREAK,ALUMINUM BREAK,ALUMINUM,NON_FERROUS,23088,1219,24307,2329.4669,129.5958,2459.0627,0.1012,0
Milton,ALUBREAK,ALUMINUM BREAK,ALUMINUM,NON_FERROUS,14855,0,14855,1294.9076,0,1294.9076,0.0872,0
Merrillville, ALBZTS1,ALUMINUM BRONZE TURNINGS,ALUMINUM,NON_FERROUS,0,0,0,0,0,0,0,0
Merrillville,AL00UBC,ALUMINUM CANS,ALUMINUM,NON_FERROUS,1456,0,1456,585.7995,0,585.7995,0.4023,0
Milton,AL00UBC,ALUMINUM CANS,ALUMINUM,NON_FERROUS,606,0,606,121.2000,0,121.2000,0.2000,0
Merrillville,ALDCAST,ALUMINUM DIE-CAST,ALUMINUM,NON_FERROUS,3,0,3,1.2000,0,1.2000,0.4000,0
Milton,ALDCAST,ALUMINUM DIE-CAST,ALUMINUM,NON_FERROUS,0,0,0,0,0,0,0,0
Merrillville,ALFOIL,ALUMINUM FOIL,ALUMINUM,NON_FERROUS,2,0,2,0.1200,0,0.1200,0.0600,0
Milton,ALFOIL,ALUMINUM FOIL,ALUMINUM,NON_FERROUS,8,0,8,0.4800,0,0.4800,0.0600,0
Milton,ALLITHO,ALUMINUM LITHO,ALUMINUM,NON_FERROUS,0,0,0,0,0,0,0,0
Merrillville,ALUMLC,ALUMINUM MLC,ALUMINUM,NON_FERROUS,417,0,417,166.8000,0,166.8000,0.4000,0
Milton,ALUMLC,ALUMINUM MLC,ALUMINUM,NON_FERROUS,2105,1217,3322,1523.5197,830.8136,2354.3333,0.7087,0
Merrillville,ALMOLDS,ALUMINUM MOLDS,ALUMINUM,NON_FERROUS,0,0,0,0,0,0,0,0
Milton,ALMOLDS,ALUMINUM MOLDS,ALUMINUM,NON_FERROUS,0,0,0,0,0,0,0,0
Milton,ALMOTOR,ALUMINUM MOTOR BLOCKS WHOLE,ALUMINUM,NON_FERROUS,6715,0,6715,868.1348,0,868.1348,0.1293,0
Merrillville,ALNCST,ALUMINUM NEW CAST,ALUMINUM,NON_FERROUS,38,0,38,15.2000,0,15.2000,0.4000,0
Milton,ALNCST,ALUMINUM NEW CAST,ALUMINUM,NON_FERROUS,39,0,39,11.7000,0,11.7000,0.3000,0
Merrillville,ALSHEET,ALUMINUM OLD SHEET,ALUMINUM,NON_FERROUS,2330.0,0,2330.0,1187.1507,0,1187.1507,0.5095,0
Milton,ALSHEET,ALUMINUM OLD SHEET,ALUMINUM,NON_FERROUS,2032,0,2032,606.2226,0,606.2226,0.2983,0
Merrillville,ALPAINT,ALUMINUM PAINTED SIDING,ALUMINUM,NON_FERROUS,3377,0,3377,1907.6548,0,1907.6548,0.5649,0
Milton,ALPAINT,ALUMINUM PAINTED SIDING,ALUMINUM,NON_FERROUS,430,2142,2572,171.8040,853.3015,1025.1055,0.3986,0
Merrillville,AL0RADS,ALUMINUM RADIATORS - CLEAN,ALUMINUM,NON_FERROUS,163,0,163,57.0500,0,57.0500,0.3500,0
Milton,AL0RADS,ALUMINUM RADIATORS - CLEAN,ALUMINUM,NON_FERROUS,491,0,491,103.1550,0,103.1550,0.2101,0
Merrillville,AL0RDFE,ALUMINUM RADIATORS - FE,ALUMINUM,NON_FERROUS,1079,0,1079,312.7159,0,312.7159,0.2898,0
Milton,AL0RDFE,ALUMINUM RADIATORS - FE,ALUMINUM,NON_FERROUS,1887,0,1887,276.2847,0,276.2847,0.1464,0
Merrillville,ALWHEEL,ALUMINUM RIMS,ALUMINUM,NON_FERROUS,382,504,886,271.3127,318.2660,589.5787,0.6654,0
Milton,ALWHEEL,ALUMINUM RIMS,ALUMINUM,NON_FERROUS,218,0,218,109.0000,0,109.0000,0.5000,0
Milton,ALSKMS,ALUMINUM SPILLS,ALUMINUM,NON_FERROUS,0,0,0,0,0,0,0,0
Merrillville,ALTHERMEX,ALUMINUM THERMAL EXT,ALUMINUM,NON_FERROUS,1027,1666,2693,608.7456,949.0544,1557.8000,0.5785,0
Milton,ALTHERMEX,ALUMINUM THERMAL EXT,ALUMINUM,NON_FERROUS,834,505,1339,266.0000,174.6861,440.6861,0.3291,0
Merrillville,ALTRSTK,ALUMINUM TRAILER STOCK,ALUMINUM,NON_FERROUS,0,0,0,0,0,0,0,0
Merrillville,ALBRZ,ALUMINUM/BRONZE,ALUMINUM,NON_FERROUS,0,0,0,0,0,0,0,0
Milton,ALBRZ,ALUMINUM/BRONZE,ALUMINUM,NON_FERROUS,381,0,381,880.7000,0,880.7000,2.3115,0
Merrillville,PMLC,Aluminum Painted MLC,ALUMINUM,NON_FERROUS,0,0,0,0,0,0,0,0
Milton,PMLC,Aluminum Painted MLC,ALUMINUM,NON_FERROUS,0,0,0,0,0,0,0,0
Merrillville,CASAL,CAST AL,ALUMINUM,NON_FERROUS,14,0,14,4.2000,0,4.2000,0.3000,0
Milton,CASAL,CAST AL,ALUMINUM,NON_FERROUS,0,0,0,0,0,0,0,0
Merrillville,ALWHLCR,CHROME RIMS,ALUMINUM,NON_FERROUS,413,483,896,166.2054,234.1294,400.3348,0.4468,0
Milton,ALWHLCR,CHROME RIMS,ALUMINUM,NON_FERROUS,612,547,1159,183.6000,250.7518,434.3518,0.3748,0
Merrillville,CCAL,CLEAN CAST ALUMINUM,ALUMINUM,NON_FERROUS,747,757,1504,309.0505,297.5313,606.5818,0.4033,0
Milton,CCAL,CLEAN CAST ALUMINUM,ALUMINUM,NON_FERROUS,0,0,0,0,0,0,0,0
Milton,CUALTRNMX,COPPER / AL TURNINGS MIX,ALUMINUM,NON_FERROUS,0,0,0,0,0,0,0,0
Milton,CATR,Cast Aluminum - Transmissions,ALUMINUM,NON_FERROUS,1495,0,1495,448.5000,0,448.5000,0.3000,0
Merrillville,DALRS,Dirty Aluminum Rims,ALUMINUM,NON_FERROUS,9,0,9,3.6000,0,3.6000,0.4000,0
Milton,DALRS,Dirty Aluminum Rims,ALUMINUM,NON_FERROUS,5279,0,5279,6445.1795,0,6445.1795,1.2209,0
Milton,BOTTAL,FURNACE BOTTOMS - ALUMINUM,ALUMINUM,NON_FERROUS,3824,0,3824,542.2000,0,542.2000,0.1418,0
Merrillville,InsECW,INSULATED EC WIRE,ALUMINUM,NON_FERROUS,131,0,131,39.4920,0,39.4920,0.3015,0
Milton,InsECW,INSULATED EC WIRE,ALUMINUM,NON_FERROUS,320,1725,2045,113.5000,603.7500,717.2500,0.3507,0
Merrillville,AL063FE,IRONY EXTRUSIONS,ALUMINUM,NON_FERROUS,1824,0,1824,1090.6797,0,1090.6797,0.5980,0
Milton,AL063FE,IRONY EXTRUSIONS,ALUMINUM,NON_FERROUS,3,1691,1694,1.0500,417.9666,419.0166,0.2474,0
Milton,MXDAL,MIXED ALUMINUM,ALUMINUM,NON_FERROUS,220,0,220,77.9000,0,77.9000,0.3541,0
Milton,MXBRAL,MIXED BRASS ALUM SPILLS,ALUMINUM,NON_FERROUS,0,0,0,0,0,0,0,0
Milton,OLYFLA,OILY FLASHINGS,ALUMINUM,NON_FERROUS,0,0,0,0,0,0,0,0
Merrillville,OLCAAL,OLD CAST AL,ALUMINUM,NON_FERROUS,0,0,0,0,0,0,0,0
Milton,OLCAAL,OLD CAST AL,ALUMINUM,NON_FERROUS,2,0,2,0.5000,0,0.5000,0.2500,0
Merrillville,OCAL5,OLD CAST AL 5% FE,ALUMINUM,NON_FERROUS,690,0,690,241.5000,0,241.5000,0.3500,0
Milton,OCAL5,OLD CAST AL 5% FE,ALUMINUM,NON_FERROUS,0,1895,1895,0,663.2500,663.2500,0.3500,0
Milton,PTD5052,PTD 5052 ALUMINUM,ALUMINUM,NON_FERROUS,9,0,9,13.5000,0,13.5000,1.5000,0
Milton,NWCSTAL,ZZ - DO NOT USE NEW CAST ALUMINUM,ALUMINUM,NON_FERROUS,0,0,0,0,0,0,0,0
Milton,AL03003,ZZ DO NOT USE - 3003 ALUMINUM,ALUMINUM,NON_FERROUS,0,0,0,0,0,0,0,0
Merrillville,3003PTD,ZZ DO NOT USE - 3003 ALUMINUM PAINTED  ,ALUMINUM,NON_FERROUS,0,0,0,0,0,0,0,0
Milton,3003PTD,ZZ DO NOT USE - 3003 ALUMINUM PAINTED  ,ALUMINUM,NON_FERROUS,0,0,0,0,0,0,0,0
Merrillville,356ALCAST,ZZ DO NOT USE - 356 ALUMINUM CASTINGS,ALUMINUM,NON_FERROUS,0,0,0,0,0,0,0,0
Milton,356ALCAST,ZZ DO NOT USE - 356 ALUMINUM CASTINGS,ALUMINUM,NON_FERROUS,0,0,0,0,0,0,0,0
Merrillville,AL0BECW,ZZ DO NOT USE - AL BARE EC WIRE,ALUMINUM,NON_FERROUS,0,0,0,0,0,0,0,0
Milton,AL0BECW,ZZ DO NOT USE - AL BARE EC WIRE,ALUMINUM,NON_FERROUS,0,0,0,0,0,0,0,0
Milton,ALMFURN,ZZ DO NOT USE - AL FURNACE BOTTOMS,ALUMINUM,NON_FERROUS,0,0,0,0,0,0,0,0
Milton,ALMDROSS,ZZ DO NOT USE - ALUMINUM DROSS,ALUMINUM,NON_FERROUS,0,0,0,0,0,0,0,0
Merrillville,ALMTRNG,ZZ DO NOT USE - ALUMINUM TURNINGS,ALUMINUM,NON_FERROUS,0.0,1119,1119.0,0,223.8447,223.8447,0.2000,0
Milton,ALMTRNG,ZZ DO NOT USE - ALUMINUM TURNINGS,ALUMINUM,NON_FERROUS,0,0,0,0,0,0,0,0
Merrillville,ALBRKG,ZZ DO NOT USE ALUMINUM BREAKAGE,ALUMINUM,NON_FERROUS,0,0,0,0,0,0,0,0
Milton,ALBRKG,ZZ DO NOT USE ALUMINUM BREAKAGE,ALUMINUM,NON_FERROUS,0,0,0,0,0,0,0,0
Merrillville,AL0CAST,ZZ DO NOT USE CAST ALUMINUM,ALUMINUM,NON_FERROUS,0,0,0,0,0,0,0,0
Milton,AL0CAST,ZZ DO NOT USE CAST ALUMINUM,ALUMINUM,NON_FERROUS,0,0,0,0,0,0,0,0
Milton,ALMFLASH,ZZZ DO NOT USE - ALUMINUM FLASHINGS - 319,ALUMINUM,NON_FERROUS,0,0,0,0,0,0,0,0
Milton,DRTYBRS,DIRTY BRASS,BRASS TIER 1,NON_FERROUS,547,0,547,444.0707,0,444.0707,0.8118,0
Merrillville,DPBr,Dirty Plumbers Brass,BRASS TIER 1,NON_FERROUS,64,0,64,32.0000,0,32.0000,0.5000,0
Milton,DPBr,Dirty Plumbers Brass,BRASS TIER 1,NON_FERROUS,0,0,0,0,0,0,0,0
Merrillville,EDMW,EDM WIRE ,BRASS TIER 1,NON_FERROUS,366,0,366,805.2000,0,805.2000,2.2000,0
Milton,EDMW,EDM WIRE ,BRASS TIER 1,NON_FERROUS,365,0,365,610.6622,0,610.6622,1.6730,0
Merrillville,IyRdBr,Irony Red Brass,BRASS TIER 1,NON_FERROUS,0,0,0,0,0,0,0,0
Merrillville,IrYwBr,Irony Yellow Brass,BRASS TIER 1,NON_FERROUS,633,0,633,852.1420,0,852.1420,1.3462,0
Milton,IrYwBr,Irony Yellow Brass,BRASS TIER 1,NON_FERROUS,0,0,0,0,0,0,0,0
Milton,BRFAUC,LOW GRADE FAUCET BRASS,BRASS TIER 1,NON_FERROUS,208,0,208,128.9325,0,128.9325,0.6199,0
Milton,OXEDMWR,OXIDIZED EDM WIRE,BRASS TIER 1,NON_FERROUS,290,0,290,435.5154,0,435.5154,1.5018,0
Milton,RDBM,RED BALL MILL,BRASS TIER 1,NON_FERROUS,0,0,0,0,0,0,0,0
Merrillville,BRREDSD,RED BRASS SOLIDS,BRASS TIER 1,NON_FERROUS,168,0,168,482.5462,0,482.5462,2.8723,0
Milton,BRREDSD,RED BRASS SOLIDS,BRASS TIER 1,NON_FERROUS,37,0,37,101.0500,0,101.0500,2.7311,0
Merrillville,BR360BO,RED BRASS TURNINGS,BRASS TIER 1,NON_FERROUS,40,0,40,112.0000,0,112.0000,2.8000,0
Milton,BR360BO,RED BRASS TURNINGS,BRASS TIER 1,NON_FERROUS,0,0,0,0,0,0,0,0
Merrillville,SEMREBR,SEMI RED BRASS,BRASS TIER 1,NON_FERROUS,0,0,0,0,0,0,0,0
Milton,SEMREBR,SEMI RED BRASS,BRASS TIER 1,NON_FERROUS,0,0,0,0,0,0,0,0
Milton,YELBM,YELLOW BALL MILL,BRASS TIER 1,NON_FERROUS,0,0,0,0,0,0,0,0
Merrillville,BRSHEL,YELLOW BRASS SHELLS,BRASS TIER 1,NON_FERROUS,70,0,70,107.1000,0,107.1000,1.5300,0
Milton,BRSHEL,YELLOW BRASS SHELLS,BRASS TIER 1,NON_FERROUS,15,0,15,22.9500,0,22.9500,1.5300,0
Merrillville,BRYELLO,YELLOW BRASS SOLIDS,BRASS TIER 1,NON_FERROUS,259,0,259,762.6500,0,762.6500,2.9446,0
Milton,BRYELLO,YELLOW BRASS SOLIDS,BRASS TIER 1,NON_FERROUS,1131,0,1131,1773.8286,0,1773.8286,1.5684,0
Merrillville,BRINDBT,YELLOW BRASS TURNINGS,BRASS TIER 1,NON_FERROUS,98,0,98,180.4072,0,180.4072,1.8409,0
Milton,BRINDBT,YELLOW BRASS TURNINGS,BRASS TIER 1,NON_FERROUS,0,0,0,0,0,0,0,0
Milton,BR00230,230 BRASS SOLIDS,BRASS TIER 2,NON_FERROUS,0,0,0,0,0,0,0,0
Milton,360BS,360 BRASS SOLIDS,BRASS TIER 2,NON_FERROUS,69,0,69,235.9800,0,235.9800,3.4200,0
Milton,360 brass turnings,360 BRASS TURNINGS,BRASS TIER 2,NON_FERROUS,344,0,344,842.8000,0,842.8000,2.4500,0
Milton,6040NAVBR,60/40 NAVAL BRASS,BRASS TIER 2,NON_FERROUS,0,0,0,0,0,0,0,0
Merrillville,7030BR,70/30 Brass Shells,BRASS TIER 2,NON_FERROUS,60,0,60,138.0000,0,138.0000,2.3000,0
Merrillville,BRAUTOR,BRASS AUTO RADIATORS - CLEAN,BRASS TIER 2,NON_FERROUS,169,0,169,220.7200,0,220.7200,1.3060,0
Milton,BRAUTOR,BRASS AUTO RADIATORS - CLEAN,BRASS TIER 2,NON_FERROUS,302,0,302,451.1303,0,451.1303,1.4938,0
Merrillville,BRAUTOF,BRASS AUTO RADIATORS - FE,BRASS TIER 2,NON_FERROUS,242,0,242,224.8473,0,224.8473,0.9291,0
Milton,BRAUTOF,BRASS AUTO RADIATORS - FE,BRASS TIER 2,NON_FERROUS,38,0,38,38.0000,0,38.0000,1.0000,0
Milton,BRBM,BRASS BALL MILL,BRASS TIER 2,NON_FERROUS,0,0,0,0,0,0,0,0
Milton,BRHVBRK,BRASS BREAKAGE,BRASS TIER 2,NON_FERROUS,0,0,0,0,0,0,0,0
Milton,BRDROSS,BRASS DROSS,BRASS TIER 2,NON_FERROUS,0,0,0,0,0,0,0,0
Milton,BRINDUST,BRASS DUST,BRASS TIER 2,NON_FERROUS,0,0,0,0,0,0,0,0
Milton,BRFHGGF,BRASS FINES - HGGF,BRASS TIER 2,NON_FERROUS,0,0,0,0,0,0,0,0
Milton,BRFLLGGF,BRASS FINES - LGGF,BRASS TIER 2,NON_FERROUS,0,0,0,0,0,0,0,0
Milton,BRFLASH,BRASS FLASHINGS,BRASS TIER 2,NON_FERROUS,0,0,0,0,0,0,0,0
Milton,BRFC,BRASS FURNACE CUTTINGS,BRASS TIER 2,NON_FERROUS,0,0,0,0,0,0,0,0
Milton,BRSLAG,BRASS SLAG,BRASS TIER 2,NON_FERROUS,0,0,0,0,0,0,0,0
Milton,BRSPL01,BRASS SPILLS,BRASS TIER 2,NON_FERROUS,0,0,0,0,0,0,0,0
Milton,BRASTUR,BRASS TURNINGS,BRASS TIER 2,NON_FERROUS,0,0,0,0,0,0,0,0
Merrillville,BRNZTRN,BRONZE TURNINGS,BRASS TIER 2,NON_FERROUS,101,0,101,131.3000,0,131.3000,1.3000,0
Milton,BRNZTRN,BRONZE TURNINGS,BRASS TIER 2,NON_FERROUS,162,0,162,243.0000,0,243.0000,1.5000,0
Merrillville,CRNIBR7030,CHROME/NICKEL PLATED BRASS SHELLS,BRASS TIER 2,NON_FERROUS,0,0,0,0,0,0,0,0
Milton,DRTYBRSTRN,DIRTY BRASS TURNINGS,BRASS TIER 2,NON_FERROUS,161,0,161,241.5000,0,241.5000,1.5000,0
Merrillville,DRKBS,Door Knobs,BRASS TIER 2,NON_FERROUS,37,0,37,2.2357,0,2.2357,0.0604,0
Milton,DRKBS,Door Knobs,BRASS TIER 2,NON_FERROUS,18,0,18,1.0800,0,1.0800,0.0600,0
Milton,BREDMC,EDM CHOPS,BRASS TIER 2,NON_FERROUS,613,0,613,968.5400,0,968.5400,1.5800,0
Milton,ELECBR,ELECTRICAL BRASS,BRASS TIER 2,NON_FERROUS,0,0,0,0,0,0,0,0
Merrillville,BRHEATR,HEATER CORES,BRASS TIER 2,NON_FERROUS,0,219,219,0,18.1873,18.1873,0.0830,0
Merrillville,IrBrTs,Irony Brass Turnings,BRASS TIER 2,NON_FERROUS,0,0,0,0,0,0,0,0
Milton,MIXBR,MIXED BRASS,BRASS TIER 2,NON_FERROUS,227,0,227,228.4286,0,228.4286,1.0063,0
Merrillville,BR0PHOS,PHOS BRONZE SOLIDS,BRASS TIER 2,NON_FERROUS,148,0,148,330.0400,0,330.0400,2.2300,0
Milton,BR0PHOS,PHOS BRONZE SOLIDS,BRASS TIER 2,NON_FERROUS,20,0,20,40.0000,0,40.0000,2.0000,0
Merrillville,Pwtr,Pewter,BRASS TIER 2,NON_FERROUS,17,0,17,54.0600,0,54.0600,3.1800,0
Merrillville,SvrPBr,Silver Plated Brass,BRASS TIER 2,NON_FERROUS,0,0,0,0,0,0,0,0
Merrillville,CU00001,#1 COPPER,COPPER TIER 1,NON_FERROUS,333,0,333,1660.5652,0,1660.5652,4.9867,0
Milton,CU00001,#1 COPPER,COPPER TIER 1,NON_FERROUS,703,0,703,2233.0054,0,2233.0054,3.1764,0
Merrillville,CU00002,#2 COPPER,COPPER TIER 1,NON_FERROUS,449.0,0,449.0,2155.2123,0,2155.2123,4.8000,0
Milton,CU00002,#2 COPPER,COPPER TIER 1,NON_FERROUS,1435,0,1435,4102.9243,0,4102.9243,2.8592,0
Merrillville,CU00003,#3 COPPER,COPPER TIER 1,NON_FERROUS,859,0,859,2413.4648,0,2413.4648,2.8096,0
Milton,CU00003,#3 COPPER,COPPER TIER 1,NON_FERROUS,276,298,574,734.9597,789.7000,1524.6597,2.6562,0
Merrillville,CU0003MICA,#3 Cu MICA 98%,COPPER TIER 1,NON_FERROUS,0,0,0,0,0,0,0,0
Milton,CU0003MICA,#3 Cu MICA 98%,COPPER TIER 1,NON_FERROUS,0,0,0,0,0,0,0,0
Merrillville,CUBB001,BARE BRIGHT COPPER,COPPER TIER 1,NON_FERROUS,63,0,63,327.6000,0,327.6000,5.2000,0
Milton,CUBB001,BARE BRIGHT COPPER,COPPER TIER 1,NON_FERROUS,285,0,285,1071.5500,0,1071.5500,3.7598,0
Milton,BRYTRN,BERYLLIUM TURNINGS,COPPER TIER 1,NON_FERROUS,0,0,0,0,0,0,0,0
Milton,BRCU,BRASS/COPPER MIX,COPPER TIER 1,NON_FERROUS,228,0,228,259.9030,0,259.9030,1.1399,0
Merrillville,BrCuSds,Beryllium Copper Solids,COPPER TIER 1,NON_FERROUS,0,0,0,0,0,0,0,0
Milton,BrCuSds,Beryllium Copper Solids,COPPER TIER 1,NON_FERROUS,130,0,130,228.3448,0,228.3448,1.7565,0
Milton,CUREFIN,COPPER REFINERY,COPPER TIER 1,NON_FERROUS,0,0,0,0,0,0,0,0
Milton,INCU T,COPPER TURNINGS,COPPER TIER 1,NON_FERROUS,265,0,265,774.0000,0,774.0000,2.9208,0
Merrillville,CUBSBR,CU BUSS BAR,COPPER TIER 1,NON_FERROUS,145,0,145,573.2248,0,573.2248,3.9533,0
Milton,CUBSBR,CU BUSS BAR,COPPER TIER 1,NON_FERROUS,0,0,0,0,0,0,0,0
Merrillville,SVPBB,SILVER PLTD BUSS BAR,COPPER TIER 1,NON_FERROUS,0,0,0,0,0,0,0,0
Milton,SVPBB,SILVER PLTD BUSS BAR,COPPER TIER 1,NON_FERROUS,70,0,70,147.0000,0,147.0000,2.1000,0
Merrillville,SvPtCu,Silver Plated Copper,COPPER TIER 1,NON_FERROUS,10,0,10,20.0000,0,20.0000,2.0000,0
Milton,SvPtCu,Silver Plated Copper,COPPER TIER 1,NON_FERROUS,0,0,0,0,0,0,0,0
Merrillville,TCUBSBR,TIN PLATED BUSBAR,COPPER TIER 1,NON_FERROUS,0,0,0,0,0,0,0,0
Milton,TCUBSBR,TIN PLATED BUSBAR,COPPER TIER 1,NON_FERROUS,129,0,129,105.7089,0,105.7089,0.8194,0
Merrillville,TNPDCWR,TIN PLTD COPPER WIRE,COPPER TIER 1,NON_FERROUS,119.0,0,119.0,521.3452,0,521.3452,4.3811,0
Milton,TNPDCWR,TIN PLTD COPPER WIRE,COPPER TIER 1,NON_FERROUS,187,0,187,374.0000,0,374.0000,2.0000,0
Milton,BERYCU,ZZ - DO NOT USE BERYLLIUM COPPER,COPPER TIER 1,NON_FERROUS,0,0,0,0,0,0,0,0
Merrillville,CUIN160,#1 ICW 60%,COPPER TIER 2,NON_FERROUS,4386,0,4386,10618.5128,0,10618.5128,2.4210,0
Milton,CUIN160,#1 ICW 60%,COPPER TIER 2,NON_FERROUS,0,0,0,0,0,0,0,0
Merrillville,CUIN172,#1 ICW 72%,COPPER TIER 2,NON_FERROUS,38,0,38,114.0000,0,114.0000,3.0000,0
Milton,CUIN172,#1 ICW 72%,COPPER TIER 2,NON_FERROUS,0,0,0,0,0,0,0,0
Merrillville,ICW80,#1 ICW 80%,COPPER TIER 2,NON_FERROUS,1921,0,1921,7227.0564,0,7227.0564,3.7621,0
Milton,ICW80,#1 ICW 80%,COPPER TIER 2,NON_FERROUS,365,0,365,989.0500,0,989.0500,2.7097,0
Merrillville,CUIN185,#1 ICW 85%,COPPER TIER 2,NON_FERROUS,156,0,156,522.3069,0,522.3069,3.3481,0
Milton,CUIN185,#1 ICW 85%,COPPER TIER 2,NON_FERROUS,0,0,0,0,0,0,0,0
Merrillville,CUIN188,#1 ICW 88%,COPPER TIER 2,NON_FERROUS,273,0,273,1196.2744,0,1196.2744,4.3820,0
Milton,CUIN188,#1 ICW 88%,COPPER TIER 2,NON_FERROUS,62,0,62,173.8500,0,173.8500,2.8040,0
Merrillville,CUIN190,#1 ICW 90%,COPPER TIER 2,NON_FERROUS,572,0,572,1982.7093,0,1982.7093,3.4663,0
Milton,CUIN190,#1 ICW 90%,COPPER TIER 2,NON_FERROUS,0,0,0,0,0,0,0,0
Merrillville,CUIN220,#2 ICW 20% - CHRISTMAS LIGHTS,COPPER TIER 2,NON_FERROUS,72,0,72,14.4000,0,14.4000,0.2000,0
Milton,CUIN220,#2 ICW 20% - CHRISTMAS LIGHTS,COPPER TIER 2,NON_FERROUS,273,0,273,62.7800,0,62.7800,0.2300,0
Merrillville,CUIN235,#2 ICW 35%,COPPER TIER 2,NON_FERROUS,614,0,614,47.2166,0,47.2166,0.0769,0
Milton,CUIN235,#2 ICW 35%,COPPER TIER 2,NON_FERROUS,1578,0,1578,651.0477,0,651.0477,0.4126,0
Merrillville,CUIN245,#2 ICW 45%,COPPER TIER 2,NON_FERROUS,1664,0,1664,1821.7352,0,1821.7352,1.0948,0
Milton,CUIN245,#2 ICW 45%,COPPER TIER 2,NON_FERROUS,178,0,178,97.9000,0,97.9000,0.5500,0
Milton,ELIN50,#2 ICW 50%,COPPER TIER 2,NON_FERROUS,0,0,0,0,0,0,0,0
Merrillville,CUIN255,#2 ICW 55%,COPPER TIER 2,NON_FERROUS,0,0,0,0,0,0,0,0
Milton,CUIN255,#2 ICW 55%,COPPER TIER 2,NON_FERROUS,0,0,0,0,0,0,0,0
Merrillville,CUIN265,#2 ICW 65%,COPPER TIER 2,NON_FERROUS,9,0,9,11.7000,0,11.7000,1.3000,0
Milton,CUIN265,#2 ICW 65%,COPPER TIER 2,NON_FERROUS,134,0,134,194.2086,0,194.2086,1.4493,0
Merrillville,CUIN280,#2 ICW 80%,COPPER TIER 2,NON_FERROUS,176,0,176,441.5368,0,441.5368,2.5087,0
Milton,CUIN280,#2 ICW 80%,COPPER TIER 2,NON_FERROUS,128,0,128,211.2000,0,211.2000,1.6500,0
Merrillville,ALBXCBL,AL BX CABLE,COPPER TIER 2,NON_FERROUS,459,0,459,351.7530,0,351.7530,0.7663,0
Milton,ALBXCBL,AL BX CABLE,COPPER TIER 2,NON_FERROUS,54,0,54,67.5000,0,67.5000,1.2500,0
Merrillville,ALBXWI,ALUM BX WIRE,COPPER TIER 2,NON_FERROUS,0,0,0,0,0,0,0,0
Milton,ALBXWI,ALUM BX WIRE,COPPER TIER 2,NON_FERROUS,19,0,19,1.9000,0,1.9000,0.1000,0
Merrillville,COMWIRECU,COMMUNICATION WIRE,COPPER TIER 2,NON_FERROUS,360.0,0,360.0,539.3254,0,539.3254,1.4981,0
Milton,COMWIRECU,COMMUNICATION WIRE,COPPER TIER 2,NON_FERROUS,2164,1786,3950,2574.8039,2125.0461,4699.8500,1.1898,0
Merrillville,HELXOE,HELIAX OPEN-EYE,COPPER TIER 2,NON_FERROUS,0,0,0,0,0,0,0,0
Milton,HELXOE,HELIAX OPEN-EYE,COPPER TIER 2,NON_FERROUS,5,0,5,2.7500,0,2.7500,0.5500,0
Merrillville,ICWHARWIR,ICW HARNESS WIRE,COPPER TIER 2,NON_FERROUS,7,0,7,8.7028,0,8.7028,1.2433,0
Milton,ICWHARWIR,ICW HARNESS WIRE,COPPER TIER 2,NON_FERROUS,282,0,282,329.0052,0,329.0052,1.1667,0
Merrillville,RMXWIR,ROMEX WIRE,COPPER TIER 2,NON_FERROUS,291,0,291,627.4933,0,627.4933,2.1563,0
Milton,RMXWIR,ROMEX WIRE,COPPER TIER 2,NON_FERROUS,669,0,669,1500.4940,0,1500.4940,2.2429,0
Milton,TARBSWR,TAR BASED WIRE,COPPER TIER 2,NON_FERROUS,334,0,334,524.2776,0,524.2776,1.5697,0
Merrillville,TCABLE,Teck Cable,COPPER TIER 2,NON_FERROUS,0,0,0,0,0,0,0,0
Milton,TCABLE,Teck Cable,COPPER TIER 2,NON_FERROUS,0,0,0,0,0,0,0,0
Merrillville,ROMWIRE,ZZ DO NOT USE - ROMEX,COPPER TIER 2,NON_FERROUS,0,0,0,0,0,0,0,0
Milton,ROMWIRE,ZZ DO NOT USE - ROMEX,COPPER TIER 2,NON_FERROUS,0,0,0,0,0,0,0,0
Merrillville,OPNEYHLXCU,ZZ DO NOT USE HELIAX,COPPER TIER 2,NON_FERROUS,0,0,0,0,0,0,0,0
Milton,OPNEYHLXCU,ZZ DO NOT USE HELIAX,COPPER TIER 2,NON_FERROUS,0,0,0,0,0,0,0,0
Merrillville,CUALTER,ALTERNATORS,COPPER TIER 3,NON_FERROUS,119,0,119,23.9594,0,23.9594,0.2013,0
Milton,CUALTER,ALTERNATORS,COPPER TIER 3,NON_FERROUS,1105,682,1787,164.3211,76.0287,240.3498,0.1345,0
Merrillville,CUBALST,BALLAST,COPPER TIER 3,NON_FERROUS,460,0,460,69.0000,0,69.0000,0.1500,0
Milton,CUBALST,BALLAST,COPPER TIER 3,NON_FERROUS,1935,0,1935,127.9139,0,127.9139,0.0661,0
Merrillville,COPARM,COPPER ARMATURES,COPPER TIER 3,NON_FERROUS,465,0,465,452.2393,0,452.2393,0.9726,0
Milton,COPARM,COPPER ARMATURES,COPPER TIER 3,NON_FERROUS,15,0,15,1.5000,0,1.5000,0.1000,0
Merrillville,CUFUS,COPPER FUSES,COPPER TIER 3,NON_FERROUS,33,0,33,122.2629,0,122.2629,3.7049,0
Milton,CUFUS,COPPER FUSES,COPPER TIER 3,NON_FERROUS,11,0,11,1.6500,0,1.6500,0.1500,0
Merrillville,CU TRANS,COPPER TRANSFORMERS,COPPER TIER 3,NON_FERROUS,290,0,290,58.0000,0,58.0000,0.2000,0
Milton,CU TRANS,COPPER TRANSFORMERS,COPPER TIER 3,NON_FERROUS,159,0,159,19.0200,0,19.0200,0.1196,0
Merrillville,CUALTRAN,COPPER/ALUMINUM TRANSFORMERS,COPPER TIER 3,NON_FERROUS,61,0,61,7.3200,0,7.3200,0.1200,0
Milton,CUALTRAN,COPPER/ALUMINUM TRANSFORMERS,COPPER TIER 3,NON_FERROUS,438,0,438,29.6100,0,29.6100,0.0676,0
Merrillville,CuBkrs,Copper Breakers,COPPER TIER 3,NON_FERROUS,0,0,0,0,0,0,0,0
Milton,CuBkrs,Copper Breakers,COPPER TIER 3,NON_FERROUS,10,0,10,0.7000,0,0.7000,0.0700,0
Milton,CuSt,Cu/Steel Mix,COPPER TIER 3,NON_FERROUS,56,0,56,28.0000,0,28.0000,0.5000,0
Merrillville,CUMOTORDC,DC MOTORS,COPPER TIER 3,NON_FERROUS,17,0,17,0.0000,0,0.0000,0.0000,0
Merrillville,CUMOTOR,ELECTRIC MOTORS,COPPER TIER 3,NON_FERROUS,2038,0,2038,305.7000,0,305.7000,0.1500,0
Milton,CUMOTOR,ELECTRIC MOTORS,COPPER TIER 3,NON_FERROUS,4021,2937,6958,260.6714,238.1850,498.8564,0.0717,0
Merrillville,CUMOD,ELECTRIC MOTORS - FE,COPPER TIER 3,NON_FERROUS,4487,0,4487,433.6571,0,433.6571,0.0966,0
Milton,CUMOD,ELECTRIC MOTORS - FE,COPPER TIER 3,NON_FERROUS,839,0,839,25.1700,0,25.1700,0.0300,0
Merrillville,CUELMOL,ELECTRIC MOTORS - LARGE,COPPER TIER 3,NON_FERROUS,0,0,0,0,0,0,0,0
Milton,CUELMOL,ELECTRIC MOTORS - LARGE,COPPER TIER 3,NON_FERROUS,0,0,0,0,0,0,0,0
Merrillville,PRELMTR,PREMIUM ELECTRIC MOTORS ,COPPER TIER 3,NON_FERROUS,0,0,0,0,0,0,0,0
Milton,PRELMTR,PREMIUM ELECTRIC MOTORS ,COPPER TIER 3,NON_FERROUS,143,0,143,8.5800,0,8.5800,0.0600,0
Merrillville,CUSEALD,SEALED UNITS,COPPER TIER 3,NON_FERROUS,5633,0,5633,557.5387,0,557.5387,0.0990,0
Milton,CUSEALD,SEALED UNITS,COPPER TIER 3,NON_FERROUS,1935,3334,5269,119.3285,211.5671,330.8956,0.0628,0
Merrillville,CUSTART,STARTERS,COPPER TIER 3,NON_FERROUS,82,0,82,20.5000,0,20.5000,0.2500,0
Milton,CUSTART,STARTERS,COPPER TIER 3,NON_FERROUS,674,579,1253,101.1000,55.3529,156.4529,0.1249,0
Merrillville,STCSCOTRA,STEEL CASED COPPER TRANSFORMERS,COPPER TIER 3,NON_FERROUS,266,0,266,48.5571,0,48.5571,0.1825,0
Milton,STCSCOTRA,STEEL CASED COPPER TRANSFORMERS,COPPER TIER 3,NON_FERROUS,0,0,0,0,0,0,0,0
Merrillville,LEAUTOB,AUTO BATTERIES,LEAD,NON_FERROUS,2393,13709,16102,239.2427,1360.6225,1599.8652,0.0994,0
Milton,LEAUTOB,AUTO BATTERIES,LEAD,NON_FERROUS,1967,12620,14587,200.2288,1904.3163,2104.5451,0.1443,0
Merrillville,LESTRIP,CLEAN LEAD,LEAD,NON_FERROUS,0,0,0,0,0,0,0,0
Milton,LESTRIP,CLEAN LEAD,LEAD,NON_FERROUS,237,0,237,65.2445,0,65.2445,0.2753,0
Merrillville,FEPBCNTWTS,FE PB COUNTER WEIGHTS,LEAD,NON_FERROUS,0,0,0,0,0,0,0,0
Milton,PBFINES,FINES - LEAD,LEAD,NON_FERROUS,0,51358,51358,0,0.0000,0.0000,0.0000,0
Milton,Graphdst,GRAPHITE DUST,LEAD,NON_FERROUS,0,0,0,0,0,0,0,0
Milton,LDPPE,LEAD PIPE,LEAD,NON_FERROUS,60,534,594,6.0000,48.2630,54.2630,0.0914,0
Milton,LEADSOLD,LEAD SOLIDS,LEAD,NON_FERROUS,0,0,0,0,0,0,0,0
Milton,LIOB,LITHIUM ION BATTERIES,LEAD,NON_FERROUS,0,42832,42832,0,2205.3416,2205.3416,0.0515,0
Merrillville,LERANGE,RANGE LEAD,LEAD,NON_FERROUS,113,0,113,53.5055,0,53.5055,0.4735,0
Milton,LERANGE,RANGE LEAD,LEAD,NON_FERROUS,0,0,0,0,0,0,0,0
Merrillville,SOFLEA,SOFT LEAD,LEAD,NON_FERROUS,1280,0,1280,388.5451,0,388.5451,0.3036,0
Milton,SOFLEA,SOFT LEAD,LEAD,NON_FERROUS,1,334,335,0.3000,70.4890,70.7890,0.2113,0
Merrillville,LEFECAS,STEEL CASED BATTERIES,LEAD,NON_FERROUS,0,0,0,0,0,0,0,0
Milton,LEFECAS,STEEL CASED BATTERIES,LEAD,NON_FERROUS,0,2051,2051,0,102.5500,102.5500,0.0500,0
Merrillville,LEWHEEL,WHEEL WEIGHTS,LEAD,NON_FERROUS,398,0,398,42.2676,0,42.2676,0.1062,0
Milton,LEWHEEL,WHEEL WEIGHTS,LEAD,NON_FERROUS,615,4254,4869,12.5007,85.3650,97.8657,0.0201,0
Milton,LDFNE,ZZ DO NOT USE - LEAD FINES (pb),LEAD,NON_FERROUS,0,4526,4526,0,0.0000,0.0000,0.0000,0
Milton,174SOLIDS,17-4 SOLIDS,STAINLESS STEEL TIER 1,NON_FERROUS,0,0,0,0,0,0,0,0
Milton,NI174BO,17-4 STAINLESS STEEL TURNINGS,STAINLESS STEEL TIER 1,NON_FERROUS,2451,1309,3760,121.2283,34.3825,155.6108,0.0414,0
Milton,2507SSS,2507 SS SOLIDS,STAINLESS STEEL TIER 1,NON_FERROUS,0,0,0,0,0,0,0,0
Merrillville,304SSL,304 STAINLESS L,STAINLESS STEEL TIER 1,NON_FERROUS,5170,0,5170,1034.0000,0,1034.0000,0.2000,0
Milton,304SSL,304 STAINLESS L,STAINLESS STEEL TIER 1,NON_FERROUS,14,0,14,2.8000,0,2.8000,0.2000,0
Merrillville,304SSOS,304 STAINLESS OVERSIZED,STAINLESS STEEL TIER 1,NON_FERROUS,1358,0,1358,339.5000,0,339.5000,0.2500,0
Milton,304SSOS,304 STAINLESS OVERSIZED,STAINLESS STEEL TIER 1,NON_FERROUS,9400,0,9400,1880.0000,0,1880.0000,0.2000,0
Merrillville,NISS300,304 STAINLESS SOLIDS,STAINLESS STEEL TIER 1,NON_FERROUS,19165,6188,25353,5339.1144,1729.4861,7068.6005,0.2788,0
Milton,NISS300,304 STAINLESS SOLIDS,STAINLESS STEEL TIER 1,NON_FERROUS,11321,0,11321,3339.4527,0,3339.4527,0.2950,0
Merrillville,NI300BO,304 STAINLESS STEEL TURNINGS,STAINLESS STEEL TIER 1,NON_FERROUS,728,0,728,174.7200,0,174.7200,0.2400,0
Milton,NI300BO,304 STAINLESS STEEL TURNINGS,STAINLESS STEEL TIER 1,NON_FERROUS,477,2829,3306,137.7013,816.6816,954.3829,0.2887,0
Merrillville,304STNPLY,304 STAINLESS WITH POLY,STAINLESS STEEL TIER 1,NON_FERROUS,0,0,0,0,0,0,0,0
Milton,304STNPLY,304 STAINLESS WITH POLY,STAINLESS STEEL TIER 1,NON_FERROUS,0,0,0,0,0,0,0,0
Milton,316SSO,316 STAINLESS STEEL OVERSIZED,STAINLESS STEEL TIER 1,NON_FERROUS,6900,0,6900,4709.4526,0,4709.4526,0.6825,0
Merrillville,NISS316,316 STAINLESS STEEL SOLIDS,STAINLESS STEEL TIER 1,NON_FERROUS,40018,3372,43390,22510.5058,1905.9738,24416.4796,0.5627,0
Milton,NISS316,316 STAINLESS STEEL SOLIDS,STAINLESS STEEL TIER 1,NON_FERROUS,0,0,0,0,0,0,0,0
Milton,NI316BO,316 STAINLESS STEEL TURNINGS,STAINLESS STEEL TIER 1,NON_FERROUS,84,1063,1147,34.7269,439.4608,474.1877,0.4134,0
Merrillville,409SS,409 STAINLESS,STAINLESS STEEL TIER 1,NON_FERROUS,9,6689,6698,1.0231,792.1648,793.1879,0.1184,0
Merrillville,NIMIXD,STAINLESS STEEL - FE,STAINLESS STEEL TIER 1,NON_FERROUS,13934,0,13934,4408.6033,0,4408.6033,0.3164,0
Milton,NIMIXD,STAINLESS STEEL - FE,STAINLESS STEEL TIER 1,NON_FERROUS,1941,0,1941,194.1000,0,194.1000,0.1000,0
Milton,NI138T,13-8 STAINLESS STEEL TURNINGS,STAINLESS STEEL TIER 2,NON_FERROUS,0,0,0,0,0,0,0,0
Milton,155SSS,15-5 STAINLESS SOLIDS,STAINLESS STEEL TIER 2,NON_FERROUS,0,0,0,0,0,0,0,0
Milton,NI15-5,15-5 STAINLESS STEEL TURNINGS,STAINLESS STEEL TIER 2,NON_FERROUS,8603,0,8603,172.0600,0,172.0600,0.0200,0
Merrillville,201,201 STAINLESS CLIP,STAINLESS STEEL TIER 2,NON_FERROUS,0,0,0,0,0,0,0,0
Milton,201,201 STAINLESS CLIP,STAINLESS STEEL TIER 2,NON_FERROUS,0,0,0,0,0,0,0,0
Milton,201SSCOIL,201 STAINLESS COIL,STAINLESS STEEL TIER 2,NON_FERROUS,0,0,0,0,0,0,0,0
Milton,2205 Solids,2205 SOLIDS,STAINLESS STEEL TIER 2,NON_FERROUS,13,3159,3172,5.2000,1263.6000,1268.8000,0.4000,0
Milton,2205 STAINLESS,2205 STAINLESS STEEL TURNINGS,STAINLESS STEEL TIER 2,NON_FERROUS,0,0,0,0,0,0,0,0
Milton,NISS301,301 STAINLESS STEEL SOLIDS,STAINLESS STEEL TIER 2,NON_FERROUS,0,0,0,0,0,0,0,0
Milton,NISS309,309 STAINLESS STEEL SOLIDS,STAINLESS STEEL TIER 2,NON_FERROUS,0,0,0,0,0,0,0,0
Milton,NISS310,310 STAINLESS STEEL SOLIDS,STAINLESS STEEL TIER 2,NON_FERROUS,0,0,0,0,0,0,0,0
Milton,NISS400,400 STAINLESS STEEL SOLIDS,STAINLESS STEEL TIER 2,NON_FERROUS,0,0,0,0,0,0,0,0
Milton,410SSTRN,410 SS TURNINGS,STAINLESS STEEL TIER 2,NON_FERROUS,483,0,483,24.1500,0,24.1500,0.0500,0
Milton,410SSS,410 STAINLESS SOLIDS,STAINLESS STEEL TIER 2,NON_FERROUS,0,0,0,0,0,0,0,0
Milton,416SSS,416 SS SOLIDS,STAINLESS STEEL TIER 2,NON_FERROUS,0,0,0,0,0,0,0,0
Milton,416SST,416 SS TURNINGS,STAINLESS STEEL TIER 2,NON_FERROUS,202,0,202,6.0600,0,6.0600,0.0300,0
Milton,430SSP,430 STAINLESS STEEL PIPE,STAINLESS STEEL TIER 2,NON_FERROUS,83,0,83,20.7500,0,20.7500,0.2500,0
Milton,440SSS,440 STAINLESS SOLIDS,STAINLESS STEEL TIER 2,NON_FERROUS,0,0,0,0,0,0,0,0
Milton,446SS,446 STAINLESS STEEL,STAINLESS STEEL TIER 2,NON_FERROUS,0,0,0,0,0,0,0,0
Milton,465TRNS,465 TURNINGS,STAINLESS STEEL TIER 2,NON_FERROUS,0,0,0,0,0,0,0,0
Merrillville,NICARBD,CARBIDE,STAINLESS STEEL TIER 2,NON_FERROUS,33,0,33,660.0000,0,660.0000,20.0000,0
Milton,NICARBD,CARBIDE,STAINLESS STEEL TIER 2,NON_FERROUS,50,0,50,400.0000,0,400.0000,8.0000,0
Milton,H13Solids,H-13 SOLIDS,STAINLESS STEEL TIER 2,NON_FERROUS,75,1421,1496,5.7492,56.8400,62.5892,0.0418,0
Milton,TSH13TRN,H-13 TURNINGS,STAINLESS STEEL TIER 2,NON_FERROUS,0,0,0,0,0,0,0,0
Merrillville,HAST276,HAST C-276 SOLIDS,STAINLESS STEEL TIER 2,NON_FERROUS,0,0,0,0,0,0,0,0
Merrillville,NIINCON,INCONEL,STAINLESS STEEL TIER 2,NON_FERROUS,0,0,0,0,0,0,0,0
Milton,NIINCON,INCONEL,STAINLESS STEEL TIER 2,NON_FERROUS,151,0,151,256.6500,0,256.6500,1.6997,0
Milton,INCTR,INCONEL TURNINGS,STAINLESS STEEL TIER 2,NON_FERROUS,0,0,0,0,0,0,0,0
Milton,MIXSS,MIXED STAINLESS STEEL,STAINLESS STEEL TIER 2,NON_FERROUS,646,0,646,32.3000,0,32.3000,0.0500,0
Merrillville,MO2RE2,MO2-RE2,STAINLESS STEEL TIER 2,NON_FERROUS,0,884,884,0,1878.0000,1878.0000,2.1244,0
Milton,NIMONEL,MONEL,STAINLESS STEEL TIER 2,NON_FERROUS,0,0,0,0,0,0,0,0
Milton,MNT,MONEL TURNINGS,STAINLESS STEEL TIER 2,NON_FERROUS,0,0,0,0,0,0,0,0
Milton,NI00001,NICKEL,STAINLESS STEEL TIER 2,NON_FERROUS,41,0,41,41.0000,0,41.0000,1.0000,0
Milton,NITITAN,TITANIUM SOLIDS,STAINLESS STEEL TIER 2,NON_FERROUS,0,0,0,0,0,0,0,0
Merrillville,TTSS,TITANIUM TURNINGS,STAINLESS STEEL TIER 2,NON_FERROUS,33,0,33,4.9500,0,4.9500,0.1500,0
Milton,TTSS,TITANIUM TURNINGS,STAINLESS STEEL TIER 2,NON_FERROUS,0,625,625,0,158.2212,158.2212,0.2532,0
Milton,NITOOLS,TOOL STEEL,STAINLESS STEEL TIER 2,NON_FERROUS,114,0,114,156.0154,0,156.0154,1.3686,0
Merrillville,TUNGMOTAINS,TUNGSTEN MOLY TA INSERTS,STAINLESS STEEL TIER 2,NON_FERROUS,0,0,0,0,0,0,0,0
Milton,TUNGMOTAINS,TUNGSTEN MOLY TA INSERTS,STAINLESS STEEL TIER 2,NON_FERROUS,0,0,0,0,0,0,0,0
Milton,UPFECHMO,UNPREPARED FE/CHROME/MOLY,STAINLESS STEEL TIER 2,NON_FERROUS,3638,90154,93792,255.6285,6714.5995,6970.2280,0.0743,0
Merrillville,ZNDICST,ZINC DIE CAST,ZINC,NON_FERROUS,984,0,984,497.5314,0,497.5314,0.5056,0
Milton,ZNOX,ZINC OXIDE,ZINC,NON_FERROUS,0,0,0,0,0,0,0,0
Milton,ZI00001,ZINC SOLIDS,ZINC,NON_FERROUS,242,198,440,56.8793,44.6476,101.5269,0.2307,0
Milton,ZNTURN,ZINC TURNINGS,ZINC,NON_FERROUS,146,0,146,21.9000,0,21.9000,0.1500,0
Merrillville,ACPUM,AC PUMPS,OTHER,Other,95,0,95,24.7117,0,24.7117,0.2601,0
Milton,ACPUM,AC PUMPS,OTHER,Other,988,0,988,92.7244,0,92.7244,0.0939,0
Milton,BARRELS,BARRELS,OTHER,Other,10000,0,10000,474.0000,0,474.0000,0.0474,0
Milton,BRKERTIN,BROKERED TIN,OTHER,Other,0,0,0,0,0,0,0,0
Milton,PRCATAL,CATALYTIC CONVERTOR,OTHER,Other,579,0,579,4916.2840,0,4916.2840,8.4910,0
Milton,CO6FE,CO/6 HIGH FE,OTHER,Other,2878,0,2878,2014.6000,0,2014.6000,0.7000,0
Merrillville,MA00001,MAGNESIUM,OTHER,Other,5,0,5,0.0000,0,0.0000,0.0000,0
Milton,MA00001,MAGNESIUM,OTHER,Other,330,0,330,3.3000,0,3.3000,0.0100,0
Milton,MAGCST,MAGNESIUM CASTINGS,OTHER,Other,1022,2756,3778,172.3479,162.4021,334.7500,0.0886,0
Milton,MGNSMTRNS,MAGNESIUM TURNINGS,OTHER,Other,2875,13870,16745,28.7500,286.1253,314.8753,0.0188,0
Milton,ELPLUG,PLUG ENDS,OTHER,Other,41,0,41,1.6400,0,1.6400,0.0400,0
Merrillville,CB2,CARDBOARD,ZWASTE,WA,0,4017,4017,0,278.9922,278.9922,0.0695,0
Milton,CB2,CARDBOARD,ZWASTE,WA,37077,0,37077,0.0000,0,0.0000,0.0000,0
Merrillville,WASTE,WASTE,ZWASTE,WA,13178,0,13178,0.0000,0,0.0000,0.0000,0
Milton,WASTE,WASTE,ZWASTE,WA,2851,0,2851,0.0000,0,0.0000,0.0000,0
