Material Type,Closing Cost,Closing Weight,Closing Cost/um,Closing Balance - Wip - Cost,Closing Balance - Wip - Weight,Closing Balance - Finished Goods - Cost,Closing Balance - Finished Goods - Weight,Material Code,Available To Sale,Theoretical Inventory,Inventory Variance,Commodity,Commodity Type,Opening Cost,Opening Weight,Inbound Cost,Inbound Weight,Regrades Cost,Regrades Weight,Outbound Cost,Outbound Weight,Adjustments Cost,Adjustments Weight,Opening Balance - Wip - Cost,Opening Balance - Wip - Weight,Inbound - Wip - Cost,Inbound - Wip - Weight,Outbound - Wip - Cost,Outbound - Wip - Weight,Opening Balance - Finished Goods - Cost,Opening Balance - Finished Goods - Weight,Inbound - Finished Goods - Cost,Inbound - Finished Goods - Weight,Outbound - Finished Goods - Cost,Outbound - Finished Goods - Weight,Voided - Finished Goods - Cost,Voided - Finished Goods - Weight,Yard Name,Yard Address Name,Gl Income Code,Gl Expense Code,"Opening
  Cost/um","Closing Cost/um (+
  Freight)",Adjustment Notes,Hold Total Weight (Current),Hold Total Cost (Current),Start Date,End Date
1100 SERIES,0.0000,0,0,0.0000,0,0,0,Al01100,0,0,0,ALUMINUM,NON_FERROUS,0.0000,0,0,0,0,0,0,0,0,0,0.0000,0,0,0,0,0,0.0000,0,0,0,0,0,0,0,MERRILLVILLE,Merrillville Metal Recycling,,,0,0.00,,0,0,2025-12-31,2025-12-31
"#1 COPPER",6895.5392,1740,3.9629535632183908,1307.9649,333,5587.5743,1407,CU00001,1740,1740,0E-20,COPPER TIER 1,NON_FERROUS,6895.5392,1740,0,0,0,0,0,0,0,0,1307.9649,333,0,0,0,0,5587.5743,1407,0,0,0,0,0,0,MERRILLVILLE,Merrillville Metal Recycling,,,3.9629535632183908,4.755544275862068960,,0,0,2025-12-31,2025-12-31
"#1 ICW 60%",6277.0223,2504,2.5067980431309904,6277.0223,2504,0,0,CUIN160,2504,2504,0E-20,COPPER TIER 2,NON_FERROUS,6277.0223,2504,0,0,0,0,0,0,0,0,6277.0223,2504,0,0,0,0,0.0000,0,0,0,0,0,0,0,MERRILLVILLE,Merrillville Metal Recycling,,,2.5067980431309904,3.008157651757188480,,0,0,2025-12-31,2025-12-31
"#1 ICW 80%",42830.5680,15014,2.8527086719062209,26149.6380,9216,16680.9300,5798,ICW80,15014,15014,0E-24,COPPER TIER 2,NON_FERROUS,42830.5680,15014,0,0,0,0,0,0,0,0,26149.6380,9216,0,0,0,0,16680.9300,5798,0,0,0,0,0,0,MERRILLVILLE,Merrillville Metal Recycling,,,2.8527086719062209,3.423250406287465080,,0,0,2025-12-31,2025-12-31
"#1 ICW 85%",156.0000,52,3.0000000000000000,156.0000,52,0,0,CUIN185,52,52,0E-20,COPPER TIER 2,NON_FERROUS,156.0000,52,0,0,0,0,0,0,0,0,156.0000,52,0,0,0,0,0.0000,0,0,0,0,0,0,0,MERRILLVILLE,Merrillville Metal Recycling,,,3.0000000000000000,3.600000000000000000,,0,0,2025-12-31,2025-12-31
"#1 ICW 88%",81.1803,0,0,81.1803,0,0,0,CUIN188,0,0,0,COPPER TIER 2,NON_FERROUS,81.1803,0,0,0,0,0,0,0,0,0,81.1803,0,0,0,0,0,0.0000,0,0,0,0,0,0,0,MERRILLVILLE,Merrillville Metal Recycling,,,0,0.00,,0,0,2025-12-31,2025-12-31
"#1 ICW 90%",582.5417,183,3.1832879781420765,582.5417,183,0,0,CUIN190,183,183,0E-20,COPPER TIER 2,NON_FERROUS,582.5417,183,0,0,0,0,0,0,0,0,582.5417,183,0,0,0,0,0,0,0,0,0,0,0,0,MERRILLVILLE,Merrillville Metal Recycling,,,3.1832879781420765,3.819945573770491800,,0,0,2025-12-31,2025-12-31
201 STAINLESS CLIP,0.0000,0,0,0.0000,0,0,0,201,0,0,0,STAINLESS STEEL TIER 2,NON_FERROUS,0.0000,0,0,0,0,0,0,0,0,0,0.0000,0,0,0,0,0,0,0,0,0,0,0,0,0,MERRILLVILLE,Merrillville Metal Recycling,,,0,0.00,,0,0,2025-12-31,2025-12-31
"#2 COPPER",3405.8764,1116.5,3.0504938647559337,3405.8764,1116.5,0,0,CU00002,1116.5,1116.5,0E-20,COPPER TIER 1,NON_FERROUS,3405.8764,1116.5,0,0,0,0,0,0,0,0,3405.8764,1116.5,0,0,0,0,0.0000,0,0,0,0,0,0,0,MERRILLVILLE,Merrillville Metal Recycling,,,3.0504938647559337,3.660592637707120440,,0,0,2025-12-31,2025-12-31
"#2 ICW 20% - CHRISTMAS LIGHTS",69.4450,384,0.18084635416666666667,69.4450,384,0,0,CUIN220,384,384,0E-20,COPPER TIER 2,NON_FERROUS,69.4450,384,0,0,0,0,0,0,0,0,69.4450,384,0,0,0,0,0,0,0,0,0,0,0,0,MERRILLVILLE,Merrillville Metal Recycling,,,0.18084635416666666667,0.2170156250000000000040,,0,0,2025-12-31,2025-12-31
"#2 ICW 35%",0.0000,0,0,0.0000,0,0,0,CUIN235,0,0,0,COPPER TIER 2,NON_FERROUS,0.0000,0,0,0,0,0,0,0,0,0,0.0000,0,0,0,0,0,0.0000,0,0,0,0,0,0,0,MERRILLVILLE,Merrillville Metal Recycling,,,0,0.00,,0,0,2025-12-31,2025-12-31
"#2 ICW 45%",736.7218,986,0.74718235294117647059,736.7218,986,0,0,CUIN245,986,986,0E-20,COPPER TIER 2,NON_FERROUS,736.7218,986,0,0,0,0,0,0,0,0,736.7218,986,0,0,0,0,0.0000,0,0,0,0,0,0,0,MERRILLVILLE,Merrillville Metal Recycling,,,0.74718235294117647059,0.8966188235294117647080,,0,0,2025-12-31,2025-12-31
"#2 ICW 55%",0.0000,0,0,0.0000,0,0,0,CUIN255,0,0,0,COPPER TIER 2,NON_FERROUS,0.0000,0,0,0,0,0,0,0,0,0,0.0000,0,0,0,0,0,0,0,0,0,0,0,0,0,MERRILLVILLE,Merrillville Metal Recycling,,,0,0.00,,0,0,2025-12-31,2025-12-31
"#2 ICW 65%",0.0000,0,0,0.0000,0,0,0,CUIN265,0,0,0,COPPER TIER 2,NON_FERROUS,0.0000,0,0,0,0,0,0,0,0,0,0.0000,0,0,0,0,0,0.0000,0,0,0,0,0,0,0,MERRILLVILLE,Merrillville Metal Recycling,,,0,0.00,,0,0,2025-12-31,2025-12-31
"#2 ICW 80%",4644.8684,1875,2.4772631466666667,4644.8684,1875,0,0,CUIN280,1875,1875,0E-20,COPPER TIER 2,NON_FERROUS,4644.8684,1875,0,0,0,0,0,0,0,0,4644.8684,1875,0,0,0,0,0.0000,0,0,0,0,0,0,0,MERRILLVILLE,Merrillville Metal Recycling,,,2.4772631466666667,2.972715776000000040,,0,0,2025-12-31,2025-12-31
304 STAINLESS L,0.0000,0,0,0.0000,0,0,0,304SSL,0,0,0,STAINLESS STEEL TIER 1,NON_FERROUS,0.0000,0,0,0,0,0,0,0,0,0,0.0000,0,0,0,0,0,0,0,0,0,0,0,0,0,MERRILLVILLE,Merrillville Metal Recycling,,,0,0.00,,0,0,2025-12-31,2025-12-31
304 STAINLESS OVERSIZED,0.0000,0,0,0.0000,0,0,0,304SSOS,0,0,0,STAINLESS STEEL TIER 1,NON_FERROUS,0.0000,0,0,0,0,0,0,0,0,0,0.0000,0,0,0,0,0,0,0,0,0,0,0,0,0,MERRILLVILLE,Merrillville Metal Recycling,,,0,0.00,,0,0,2025-12-31,2025-12-31
304 STAINLESS SOLIDS,2495.0000,10000,0.24950000000000000000,2495.0000,10000,0,0,NISS300,10000,10000,0E-24,STAINLESS STEEL TIER 1,NON_FERROUS,2495.0000,10000,0,0,0,0,0,0,0,0,2495.0000,10000,0,0,0,0,0.0000,0,0,0,0,0,0,0,MERRILLVILLE,Merrillville Metal Recycling,,,0.24950000000000000000,0.2994000000000000000000,,0,0,2025-12-31,2025-12-31
304 STAINLESS STEEL TURNINGS,342.4800,1427,0.24000000000000000000,13.4400,56,329.0400,1371,NI300BO,1427,1427,0E-20,STAINLESS STEEL TIER 1,NON_FERROUS,342.4800,1427,0,0,0,0,0,0,0,0,13.4400,56,0,0,0,0,329.0400,1371,0,0,0,0,0,0,MERRILLVILLE,Merrillville Metal Recycling,,,0.24000000000000000000,0.2880000000000000000000,,0,0,2025-12-31,2025-12-31
304 STAINLESS WITH POLY,0.0000,0,0,0.0000,0,0,0,304STNPLY,0,0,0,STAINLESS STEEL TIER 1,NON_FERROUS,0.0000,0,0,0,0,0,0,0,0,0,0.0000,0,0,0,0,0,0,0,0,0,0,0,0,0,MERRILLVILLE,Merrillville Metal Recycling,,,0,0.00,,0,0,2025-12-31,2025-12-31
316 STAINLESS STEEL SOLIDS,1529.3226,2595,0.58933433526011560694,1529.3226,2595,0,0,NISS316,2595,2595,0E-20,STAINLESS STEEL TIER 1,NON_FERROUS,1529.3226,2595,0,0,0,0,0,0,0,0,1529.3226,2595,0,0,0,0,0,0,0,0,0,0,0,0,MERRILLVILLE,Merrillville Metal Recycling,,,0.58933433526011560694,0.7072012023121387283280,,0,0,2025-12-31,2025-12-31
380 PTD NEW CAST,0.0000,0,0,0.0000,0,0,0,380PTDNC,0,0,0,ALUMINUM,NON_FERROUS,0.0000,0,0,0,0,0,0,0,0,0,0.0000,0,0,0,0,0,0,0,0,0,0,0,0,0,MERRILLVILLE,Merrillville Metal Recycling,,,0,0.00,,0,0,2025-12-31,2025-12-31
"#3 COPPER",713.0000,526,1.3555133079847909,713.0000,526,0,0,CU00003,526,526,0E-20,COPPER TIER 1,NON_FERROUS,713.0000,526,0,0,0,0,0,0,0,0,713.0000,526,0,0,0,0,0,0,0,0,0,0,0,0,MERRILLVILLE,Merrillville Metal Recycling,,,1.3555133079847909,1.626615969581749080,,0,0,2025-12-31,2025-12-31
"#3 Cu MICA 98%",0.0000,0,0,0.0000,0,0,0,CU0003MICA,0,0,0,COPPER TIER 1,NON_FERROUS,0.0000,0,0,0,0,0,0,0,0,0,0.0000,0,0,0,0,0,0.0000,0,0,0,0,0,0,0,MERRILLVILLE,Merrillville Metal Recycling,,,0,0.00,,0,0,2025-12-31,2025-12-31
5052 ALUMINUM,115.1122,285,0.40390245614035087719,115.1122,285,0,0,AL05052,285,285,0E-20,ALUMINUM,NON_FERROUS,115.1122,285,0,0,0,0,0,0,0,0,115.1122,285,0,0,0,0,0.0000,0,0,0,0,0,0,0,MERRILLVILLE,Merrillville Metal Recycling,,,0.40390245614035087719,0.4846829473684210526280,,0,0,2025-12-31,2025-12-31
6061 ALUMINUM EXTRUSIONS,360.6400,800,0.45080000000000000000,360.6400,800,0,0,ALEXTRU,800,800,0E-20,ALUMINUM,NON_FERROUS,360.6400,800,0,0,0,0,0,0,0,0,360.6400,800,0,0,0,0,0.0000,0,0,0,0,0,0,0,MERRILLVILLE,Merrillville Metal Recycling,,,0.45080000000000000000,0.5409600000000000000000,,0,0,2025-12-31,2025-12-31
6061 ALUMINUM - SPC,0.0000,0,0,0.0000,0,0,0,AL06061,0,0,0,ALUMINUM,NON_FERROUS,0.0000,0,0,0,0,0,0,0,0,0,0.0000,0,0,0,0,0,0.0000,0,0,0,0,0,0,0,MERRILLVILLE,Merrillville Metal Recycling,,,0,0.00,,0,0,2025-12-31,2025-12-31
6061 PAINTED SPC,0.0000,0,0,0.0000,0,0,0,6061PTDSPCAL,0,0,0,ALUMINUM,NON_FERROUS,0.0000,0,0,0,0,0,0,0,0,0,0.0000,0,0,0,0,0,0.0000,0,0,0,0,0,0,0,MERRILLVILLE,Merrillville Metal Recycling,,,0,0.00,,0,0,2025-12-31,2025-12-31
6061 TRUCK WHEELS,60.4000,151,0.40000000000000000000,60.4000,151,0,0,TRWLS,151,151,0E-20,ALUMINUM,NON_FERROUS,60.4000,151,0,0,0,0,0,0,0,0,60.4000,151,0,0,0,0,0,0,0,0,0,0,0,0,MERRILLVILLE,Merrillville Metal Recycling,,,0.40000000000000000000,0.4800000000000000000000,,0,0,2025-12-31,2025-12-31
6061 TURNINGS,0.0000,0,0,0.0000,0,0,0,AL6061TURNS,0,0,0,ALUMINUM,NON_FERROUS,0.0000,0,0,0,0,0,0,0,0,0,0.0000,0,0,0,0,0,0,0,0,0,0,0,0,0,MERRILLVILLE,Merrillville Metal Recycling,,,0,0.00,,0,0,2025-12-31,2025-12-31
6063 AL SOLIDS,347.8322,493,0.70554198782961460446,347.8322,493,0,0,6063ALS,493,493,0E-20,ALUMINUM,NON_FERROUS,347.8322,493,0,0,0,0,0,0,0,0,347.8322,493,0,0,0,0,0.0000,0,0,0,0,0,0,0,MERRILLVILLE,Merrillville Metal Recycling,,,0.70554198782961460446,0.8466503853955375253520,,0,0,2025-12-31,2025-12-31
6063 BARE ALUMINUM EXTRUSION,4226.9669,4308,0.98119008820798514392,2929.8601,2765,1297.1068,1543,AL06063,4308,4308,0E-20,ALUMINUM,NON_FERROUS,4226.9669,4308,0,0,0,0,0,0,0,0,2929.8601,2765,0,0,0,0,1297.1068,1543,0,0,0,0,0,0,MERRILLVILLE,Merrillville Metal Recycling,,,0.98119008820798514392,1.1774281058495821727040,,0,0,2025-12-31,2025-12-31
6063 PAINTED EXTRUSION,887.1565,1545,0.57421132686084142395,0.0000,0,887.1565,1545,AL06310,1545,1545,0E-20,ALUMINUM,NON_FERROUS,887.1565,1545,0,0,0,0,0,0,0,0,0.0000,0,0,0,0,0,887.1565,1545,0,0,0,0,0,0,MERRILLVILLE,Merrillville Metal Recycling,,,0.57421132686084142395,0.6890535922330097087400,,0,0,2025-12-31,2025-12-31
6063 PIPE,146.3217,360,0.40644916666666666667,146.3217,360,0,0,6063PIAL,360,360,0E-20,ALUMINUM,NON_FERROUS,146.3217,360,0,0,0,0,0,0,0,0,146.3217,360,0,0,0,0,0.0000,0,0,0,0,0,0,0,MERRILLVILLE,Merrillville Metal Recycling,,,0.40644916666666666667,0.4877390000000000000040,,0,0,2025-12-31,2025-12-31
70/30 Brass Shells,216.2000,94,2.3000000000000000,216.2000,94,0,0,7030BR,94,94,0E-20,BRASS TIER 2,NON_FERROUS,216.2000,94,0,0,0,0,0,0,0,0,216.2000,94,0,0,0,0,0.0000,0,0,0,0,0,0,0,MERRILLVILLE,Merrillville Metal Recycling,,,2.3000000000000000,2.760000000000000000,,0,0,2025-12-31,2025-12-31
AC PUMPS,102.1820,212,0.48199056603773584906,102.1820,212,0,0,ACPUM,212,212,0E-20,OTHER,Other,102.1820,212,0,0,0,0,0,0,0,0,102.1820,212,0,0,0,0,0.0000,0,0,0,0,0,0,0,MERRILLVILLE,Merrillville Metal Recycling,,,0.48199056603773584906,0.5783886792452830188720,,0,0,2025-12-31,2025-12-31
ACR AL/CU RADIATOR ENDS,1175.0073,1625,0.72308141538461538462,1175.0073,1625,0,0,ALCURAEND,1625,1625,0E-20,ALUMINUM,NON_FERROUS,1175.0073,1625,0,0,0,0,0,0,0,0,1175.0073,1625,0,0,0,0,0.0000,0,0,0,0,0,0,0,MERRILLVILLE,Merrillville Metal Recycling,,,0.72308141538461538462,0.8676976984615384615440,,0,0,2025-12-31,2025-12-31
ACSR WIRE,8.2000,41,0.20000000000000000000,8.2000,41,0,0,AL0ACSR,41,41,0E-20,ALUMINUM,NON_FERROUS,8.2000,41,0,0,0,0,0,0,0,0,8.2000,41,0,0,0,0,0.0000,0,0,0,0,0,0,0,MERRILLVILLE,Merrillville Metal Recycling,,,0.20000000000000000000,0.2400000000000000000000,,0,0,2025-12-31,2025-12-31
AL BX CABLE,235.7500,205,1.1500000000000000,235.7500,205,0,0,ALBXCBL,205,205,0E-20,COPPER TIER 2,NON_FERROUS,235.7500,205,0,0,0,0,0,0,0,0,235.7500,205,0,0,0,0,0,0,0,0,0,0,0,0,MERRILLVILLE,Merrillville Metal Recycling,,,1.1500000000000000,1.380000000000000000,,0,0,2025-12-31,2025-12-31
AL/CU RADIATORS - CLEAN,3076.6363,2228,1.3808960053859964,1430.6500,923,1645.9863,1305,ALCURAD,2228,2228,0E-20,ALUMINUM,NON_FERROUS,3076.6363,2228,0,0,0,0,0,0,0,0,1430.6500,923,0,0,0,0,1645.9863,1305,0,0,0,0,0,0,MERRILLVILLE,Merrillville Metal Recycling,,,1.3808960053859964,1.657075206463195680,,0,0,2025-12-31,2025-12-31
AL/CU RADIATORS - FE,506.2985,460,1.1006489130434783,506.2985,460,0,0,ALCURFE,460,460,0E-20,ALUMINUM,NON_FERROUS,506.2985,460,0,0,0,0,0,0,0,0,506.2985,460,0,0,0,0,0,0,0,0,0,0,0,0,MERRILLVILLE,Merrillville Metal Recycling,,,1.1006489130434783,1.320778695652173960,,0,0,2025-12-31,2025-12-31
AL DUST,-0.1074,0,0,-0.1074,0,0,0,ALDUST,0,0,0,ALUMINUM,NON_FERROUS,-0.1074,0,0,0,0,0,0,0,0,0,-0.1074,0,0,0,0,0,0,0,0,0,0,0,0,0,MERRILLVILLE,Merrillville Metal Recycling,,,0,0.00,,0,0,2025-12-31,2025-12-31
ALTERNATORS,138.2999,309,0.44757249190938511327,138.2999,309,0,0,CUALTER,309,309,0E-20,COPPER TIER 3,NON_FERROUS,138.2999,309,0,0,0,0,0,0,0,0,138.2999,309,0,0,0,0,0.0000,0,0,0,0,0,0,0,MERRILLVILLE,Merrillville Metal Recycling,,,0.44757249190938511327,0.5370869902912621359240,,0,0,2025-12-31,2025-12-31
ALUM ARMATURE,95.4820,1385,0.06894007220216606498,95.4820,1385,0,0,ALUARM,1385,1385,0E-20,ALUMINUM,NON_FERROUS,95.4820,1385,0,0,0,0,0,0,0,0,95.4820,1385,0,0,0,0,0.0000,0,0,0,0,0,0,0,MERRILLVILLE,Merrillville Metal Recycling,,,0.06894007220216606498,0.0827280866425992779760,,0,0,2025-12-31,2025-12-31
ALUM BX WIRE,5.8204,43,0.13535813953488372093,5.8204,43,0,0,ALBXWI,43,43,0E-20,COPPER TIER 2,NON_FERROUS,5.8204,43,0,0,0,0,0,0,0,0,5.8204,43,0,0,0,0,0,0,0,0,0,0,0,0,MERRILLVILLE,Merrillville Metal Recycling,,,0.13535813953488372093,0.1624297674418604651160,,0,0,2025-12-31,2025-12-31
ALUMINUM/BRONZE,1105.9198,546,2.0254941391941392,1105.9198,546,0,0,ALBRZ,546,546,0E-20,ALUMINUM,NON_FERROUS,1105.9198,546,0,0,0,0,0,0,0,0,1105.9198,546,0,0,0,0,0.0000,0,0,0,0,0,0,0,MERRILLVILLE,Merrillville Metal Recycling,,,2.0254941391941392,2.430592967032967040,,0,0,2025-12-31,2025-12-31
ALUMINUM BRONZE TURNINGS,1718.4000,716,2.4000000000000000,657.6000,274,1060.8000,442," ALBZTS1",716,716,0E-20,ALUMINUM,NON_FERROUS,1718.4000,716,0,0,0,0,0,0,0,0,657.6000,274,0,0,0,0,1060.8000,442,0,0,0,0,0,0,MERRILLVILLE,Merrillville Metal Recycling,,,2.4000000000000000,2.880000000000000000,,0,0,2025-12-31,2025-12-31
ALUMINUM CANS,204.4086,584,0.35001472602739726027,204.4086,584,0,0,AL00UBC,584,584,0E-20,ALUMINUM,NON_FERROUS,204.4086,584,0,0,0,0,0,0,0,0,204.4086,584,0,0,0,0,0.0000,0,0,0,0,0,0,0,MERRILLVILLE,Merrillville Metal Recycling,,,0.35001472602739726027,0.4200176712328767123240,,0,0,2025-12-31,2025-12-31
ALUMINUM MLC,0.0000,0,0,0.0000,0,0,0,ALUMLC,0,0,0,ALUMINUM,NON_FERROUS,0.0000,0,0,0,0,0,0,0,0,0,0.0000,0,0,0,0,0,0.0000,0,0,0,0,0,0,0,MERRILLVILLE,Merrillville Metal Recycling,,,0,0.00,,0,0,2025-12-31,2025-12-31
ALUMINUM MOLDS,-0.1074,0,0,-0.1074,0,0,0,ALMOLDS,0,0,0,ALUMINUM,NON_FERROUS,-0.1074,0,0,0,0,0,0,0,0,0,-0.1074,0,0,0,0,0,0,0,0,0,0,0,0,0,MERRILLVILLE,Merrillville Metal Recycling,,,0,0.00,,0,0,2025-12-31,2025-12-31
ALUMINUM OLD SHEET,703.8500,2027.0,0.34723729649728663049,703.8500,2027.0,0,0,ALSHEET,2027.0,2027.0,0E-20,ALUMINUM,NON_FERROUS,703.8500,2027.0,0,0,0,0,0,0,0,0,703.8500,2027.0,0,0,0,0,0.0000,0,0,0,0,0,0,0,MERRILLVILLE,Merrillville Metal Recycling,,,0.34723729649728663049,0.4166847557967439565880,,0,0,2025-12-31,2025-12-31
Aluminum Painted MLC,0.0000,0,0,0.0000,0,0,0,PMLC,0,0,0,ALUMINUM,NON_FERROUS,0.0000,0,0,0,0,0,0,0,0,0,0.0000,0,0,0,0,0,0,0,0,0,0,0,0,0,MERRILLVILLE,Merrillville Metal Recycling,,,0,0.00,,0,0,2025-12-31,2025-12-31
ALUMINUM PAINTED SIDING,2789.6913,5012,0.55660241420590582602,2789.6913,5012,0,0,ALPAINT,5012,5012,0E-20,ALUMINUM,NON_FERROUS,2789.6913,5012,0,0,0,0,0,0,0,0,2789.6913,5012,0,0,0,0,0.0000,0,0,0,0,0,0,0,MERRILLVILLE,Merrillville Metal Recycling,,,0.55660241420590582602,0.6679228970470869912240,,0,0,2025-12-31,2025-12-31
ALUMINUM RADIATORS - CLEAN,658.9800,1047,0.62939828080229226361,48.4287,84,610.5513,963,AL0RADS,1047,1047,0E-20,ALUMINUM,NON_FERROUS,658.9800,1047,0,0,0,0,0,0,0,0,48.4287,84,0,0,0,0,610.5513,963,0,0,0,0,0,0,MERRILLVILLE,Merrillville Metal Recycling,,,0.62939828080229226361,0.7552779369627507163320,,0,0,2025-12-31,2025-12-31
ALUMINUM RADIATORS - FE,205.5883,1372,0.14984569970845481050,205.5883,1372,0,0,AL0RDFE,1372,1372,0E-20,ALUMINUM,NON_FERROUS,205.5883,1372,0,0,0,0,0,0,0,0,205.5883,1372,0,0,0,0,0,0,0,0,0,0,0,0,MERRILLVILLE,Merrillville Metal Recycling,,,0.14984569970845481050,0.1798148396501457726000,,0,0,2025-12-31,2025-12-31
ALUMINUM RIMS,735.0000,1225,0.60000000000000000000,26.4000,44,708.6000,1181,ALWHEEL,1225,1225,0E-20,ALUMINUM,NON_FERROUS,735.0000,1225,0,0,0,0,0,0,0,0,26.4000,44,0,0,0,0,708.6000,1181,0,0,0,0,0,0,MERRILLVILLE,Merrillville Metal Recycling,,,0.60000000000000000000,0.7200000000000000000000,,0,0,2025-12-31,2025-12-31
ALUMINUM THERMAL EXT,214.2666,483,0.44361614906832298137,51.6000,129,162.6666,354,ALTHERMEX,483,483,0E-20,ALUMINUM,NON_FERROUS,214.2666,483,0,0,0,0,0,0,0,0,51.6000,129,0,0,0,0,162.6666,354,0,0,0,0,0,0,MERRILLVILLE,Merrillville Metal Recycling,,,0.44361614906832298137,0.5323393788819875776440,,0,0,2025-12-31,2025-12-31
ALUM TRANSFORMERS,1099.0200,7838,0.14021689206430211789,538.4204,4081,560.5996,3757,ALTRANSF,7838,7838,0E-20,ALUMINUM,NON_FERROUS,1099.0200,7838,0,0,0,0,0,0,0,0,538.4204,4081,0,0,0,0,560.5996,3757,0,0,0,0,0,0,MERRILLVILLE,Merrillville Metal Recycling,,,0.14021689206430211789,0.1682602704771625414680,,0,0,2025-12-31,2025-12-31
AUTO BATTERIES,1899.0873,17642,0.10764580546423308015,1899.0873,17642,0,0,LEAUTOB,17642,17642,0E-24,LEAD,NON_FERROUS,1899.0873,17642,0,0,0,0,0,0,0,0,1899.0873,17642,0,0,0,0,0.0000,0,0,0,0,0,0,0,MERRILLVILLE,Merrillville Metal Recycling,,,0.10764580546423308015,0.1291749665570796961800,,0,0,2025-12-31,2025-12-31
AUTO CAST,5245.3944,36872,0.14225955738771967889,5245.3944,36872,0,0,FEAUCST,36872,36872,0E-24,STEEL,FERROUS,5245.3944,36872,0,0,0,0,0,0,0,0,5245.3944,36872,0,0,0,0,0,0,0,0,0,0,0,0,MERRILLVILLE,Merrillville Metal Recycling,,,0.14225955738771967889,0.1707114688652636146680,,0,0,2025-12-31,2025-12-31
BALLAST,115.2373,1075,0.10719748837209302326,115.2373,1075,0,0,CUBALST,1075,1075,0E-20,COPPER TIER 3,NON_FERROUS,115.2373,1075,0,0,0,0,0,0,0,0,115.2373,1075,0,0,0,0,0.0000,0,0,0,0,0,0,0,MERRILLVILLE,Merrillville Metal Recycling,,,0.10719748837209302326,0.1286369860465116279120,,0,0,2025-12-31,2025-12-31
BARE BRIGHT COPPER,28077.7316,7035,3.9911487704335466,12656.3407,3170,15421.3909,3865,CUBB001,7035,7035,0E-20,COPPER TIER 1,NON_FERROUS,28077.7316,7035,0,0,0,0,0,0,0,0,12656.3407,3170,0,0,0,0,15421.3909,3865,0,0,0,0,0,0,MERRILLVILLE,Merrillville Metal Recycling,,,3.9911487704335466,4.789378524520255920,,0,0,2025-12-31,2025-12-31
Beryllium Copper Solids,0.0000,0,0,0.0000,0,0,0,BrCuSds,0,0,0,COPPER TIER 1,NON_FERROUS,0.0000,0,0,0,0,0,0,0,0,0,0.0000,0,0,0,0,0,0,0,0,0,0,0,0,0,MERRILLVILLE,Merrillville Metal Recycling,,,0,0.00,,0,0,2025-12-31,2025-12-31
BRASS AUTO RADIATORS - CLEAN,0.0000,0,0,0.0000,0,0,0,BRAUTOR,0,0,0,BRASS TIER 2,NON_FERROUS,0.0000,0,0,0,0,0,0,0,0,0,0.0000,0,0,0,0,0,0.0000,0,0,0,0,0,0,0,MERRILLVILLE,Merrillville Metal Recycling,,,0,0.00,,0,0,2025-12-31,2025-12-31
BRASS AUTO RADIATORS - FE,5.3200,19,0.28000000000000000000,5.3200,19,0,0,BRAUTOF,19,19,0E-20,BRASS TIER 2,NON_FERROUS,5.3200,19,0,0,0,0,0,0,0,0,5.3200,19,0,0,0,0,0,0,0,0,0,0,0,0,MERRILLVILLE,Merrillville Metal Recycling,,,0.28000000000000000000,0.3360000000000000000000,,0,0,2025-12-31,2025-12-31
BRONZE TURNINGS,131.3000,101,1.3000000000000000,131.3000,101,0,0,BRNZTRN,101,101,0E-20,BRASS TIER 2,NON_FERROUS,131.3000,101,0,0,0,0,0,0,0,0,131.3000,101,0,0,0,0,0,0,0,0,0,0,0,0,MERRILLVILLE,Merrillville Metal Recycling,,,1.3000000000000000,1.560000000000000000,,0,0,2025-12-31,2025-12-31
BUSHELING,15129.9062,161465,0.09370393707614653330,15129.9062,161465,0,0,Indbush,161465,161465,0E-24,STEEL,FERROUS,15129.9062,161465,0,0,0,0,0,0,0,0,15129.9062,161465,0,0,0,0,0,0,0,0,0,0,0,0,MERRILLVILLE,Merrillville Metal Recycling,,,0.09370393707614653330,0.1124447244913758399600,,0,0,2025-12-31,2025-12-31
CARBIDE,357.0000,119,3.0000000000000000,357.0000,119,0,0,NICARBD,119,119,0E-20,STAINLESS STEEL TIER 2,NON_FERROUS,357.0000,119,0,0,0,0,0,0,0,0,357.0000,119,0,0,0,0,0,0,0,0,0,0,0,0,MERRILLVILLE,Merrillville Metal Recycling,,,3.0000000000000000,3.600000000000000000,,0,0,2025-12-31,2025-12-31
CARDBOARD,178.0604,2783,0.06398145885734818541,0.0000,0,178.0604,2783,CB2,2783,2783,0E-20,ZWASTE,WA,178.0604,2783,0,0,0,0,0,0,0,0,0.0000,0,0,0,0,0,178.0604,2783,0,0,0,0,0,0,MERRILLVILLE,Merrillville Metal Recycling,,,0.06398145885734818541,0.0767777506288178224920,,0,0,2025-12-31,2025-12-31
CHROME/NICKEL PLATED BRASS SHELLS,855.8000,389,2.2000000000000000,855.8000,389,0,0,CRNIBR7030,389,389,0E-20,BRASS TIER 2,NON_FERROUS,855.8000,389,0,0,0,0,0,0,0,0,855.8000,389,0,0,0,0,0,0,0,0,0,0,0,0,MERRILLVILLE,Merrillville Metal Recycling,,,2.2000000000000000,2.640000000000000000,,0,0,2025-12-31,2025-12-31
CHROME RIMS,240.9000,456,0.52828947368421052632,240.9000,456,0,0,ALWHLCR,456,456,0E-20,ALUMINUM,NON_FERROUS,240.9000,456,0,0,0,0,0,0,0,0,240.9000,456,0,0,0,0,0,0,0,0,0,0,0,0,MERRILLVILLE,Merrillville Metal Recycling,,,0.52828947368421052632,0.6339473684210526315840,,0,0,2025-12-31,2025-12-31
CLEAN CAST ALUMINUM,235.6801,900,0.26186677777777777778,60.0000,150,175.6801,750,CCAL,900,900,0E-20,ALUMINUM,NON_FERROUS,235.6801,900,0,0,0,0,0,0,0,0,60.0000,150,0,0,0,0,175.6801,750,0,0,0,0,0,0,MERRILLVILLE,Merrillville Metal Recycling,,,0.26186677777777777778,0.3142401333333333333360,,0,0,2025-12-31,2025-12-31
CLEAN LEAD,0.0000,0,0,0.0000,0,0,0,LESTRIP,0,0,0,LEAD,NON_FERROUS,0.0000,0,0,0,0,0,0,0,0,0,0.0000,0,0,0,0,0,0,0,0,0,0,0,0,0,MERRILLVILLE,Merrillville Metal Recycling,,,0,0.00,,0,0,2025-12-31,2025-12-31
CLEAN SHEET,2545.1503,37360,0.06812500802997858672,2545.1503,37360,0,0,CLSHST,37360,37360,0E-24,STEEL,FERROUS,2545.1503,37360,0,0,0,0,0,0,0,0,2545.1503,37360,0,0,0,0,0,0,0,0,0,0,0,0,MERRILLVILLE,Merrillville Metal Recycling,,,0.06812500802997858672,0.0817500096359743040640,,0,0,2025-12-31,2025-12-31
COMMUNICATION WIRE,8619.8241,6320.0,1.3638962183544304,3206.9739,2390.0,5412.8502,3930,COMWIRECU,6320.0,6320.0,0E-20,COPPER TIER 2,NON_FERROUS,8619.8241,6320.0,0,0,0,0,0,0,0,0,3206.9739,2390.0,0,0,0,0,5412.8502,3930,0,0,0,0,0,0,MERRILLVILLE,Merrillville Metal Recycling,,,1.3638962183544304,1.636675462025316480,,0,0,2025-12-31,2025-12-31
COPPER/ALUMINUM TRANSFORMERS,7.3200,61,0.12000000000000000000,7.3200,61,0,0,CUALTRAN,61,61,0E-20,COPPER TIER 3,NON_FERROUS,7.3200,61,0,0,0,0,0,0,0,0,7.3200,61,0,0,0,0,0,0,0,0,0,0,0,0,MERRILLVILLE,Merrillville Metal Recycling,,,0.12000000000000000000,0.1440000000000000000000,,0,0,2025-12-31,2025-12-31
COPPER ARMATURES,682.0000,341,2.0000000000000000,682.0000,341,0,0,COPARM,341,341,0E-20,COPPER TIER 3,NON_FERROUS,682.0000,341,0,0,0,0,0,0,0,0,682.0000,341,0,0,0,0,0.0000,0,0,0,0,0,0,0,MERRILLVILLE,Merrillville Metal Recycling,,,2.0000000000000000,2.400000000000000000,,0,0,2025-12-31,2025-12-31
Copper Breakers,0.0000,0,0,0.0000,0,0,0,CuBkrs,0,0,0,COPPER TIER 3,NON_FERROUS,0.0000,0,0,0,0,0,0,0,0,0,0.0000,0,0,0,0,0,0,0,0,0,0,0,0,0,MERRILLVILLE,Merrillville Metal Recycling,,,0,0.00,,0,0,2025-12-31,2025-12-31
COPPER FUSES,0.0000,0,0,0.0000,0,0,0,CUFUS,0,0,0,COPPER TIER 3,NON_FERROUS,0.0000,0,0,0,0,0,0,0,0,0,0.0000,0,0,0,0,0,0,0,0,0,0,0,0,0,MERRILLVILLE,Merrillville Metal Recycling,,,0,0.00,,0,0,2025-12-31,2025-12-31
COPPER TRANSFORMERS,12.4000,62,0.20000000000000000000,12.4000,62,0,0,CU TRANS,62,62,0E-20,COPPER TIER 3,NON_FERROUS,12.4000,62,0,0,0,0,0,0,0,0,12.4000,62,0,0,0,0,0.0000,0,0,0,0,0,0,0,MERRILLVILLE,Merrillville Metal Recycling,,,0.20000000000000000000,0.2400000000000000000000,,0,0,2025-12-31,2025-12-31
CU BUSS BAR,0.0000,0,0,0.0000,0,0,0,CUBSBR,0,0,0,COPPER TIER 1,NON_FERROUS,0.0000,0,0,0,0,0,0,0,0,0,0.0000,0,0,0,0,0,0.0000,0,0,0,0,0,0,0,MERRILLVILLE,Merrillville Metal Recycling,,,0,0.00,,0,0,2025-12-31,2025-12-31
DC MOTORS,-0.0178,0,0,-0.0178,0,0,0,CUMOTORDC,0,0,0,COPPER TIER 3,NON_FERROUS,-0.0178,0,0,0,0,0,0,0,0,0,-0.0178,0,0,0,0,0,0.0000,0,0,0,0,0,0,0,MERRILLVILLE,Merrillville Metal Recycling,,,0,0.00,,0,0,2025-12-31,2025-12-31
Dirty Aluminum Rims,0.0000,0,0,0.0000,0,0,0,DALRS,0,0,0,ALUMINUM,NON_FERROUS,0.0000,0,0,0,0,0,0,0,0,0,0.0000,0,0,0,0,0,0,0,0,0,0,0,0,0,MERRILLVILLE,Merrillville Metal Recycling,,,0,0.00,,0,0,2025-12-31,2025-12-31
Dirty Plumbers Brass,165.9000,285,0.58210526315789473684,165.9000,285,0,0,DPBr,285,285,0E-20,BRASS TIER 1,NON_FERROUS,165.9000,285,0,0,0,0,0,0,0,0,165.9000,285,0,0,0,0,0,0,0,0,0,0,0,0,MERRILLVILLE,Merrillville Metal Recycling,,,0.58210526315789473684,0.6985263157894736842080,,0,0,2025-12-31,2025-12-31
Door Knobs,31.5509,518,0.06090907335907335907,31.5509,518,0,0,DRKBS,518,518,0E-20,BRASS TIER 2,NON_FERROUS,31.5509,518,0,0,0,0,0,0,0,0,31.5509,518,0,0,0,0,0.0000,0,0,0,0,0,0,0,MERRILLVILLE,Merrillville Metal Recycling,,,0.06090907335907335907,0.0730908880308880308840,,0,0,2025-12-31,2025-12-31
"EDM WIRE ",1140.8000,496,2.3000000000000000,6.9000,3,1133.9000,493,EDMW,496,496,0E-20,BRASS TIER 1,NON_FERROUS,1140.8000,496,0,0,0,0,0,0,0,0,6.9000,3,0,0,0,0,1133.9000,493,0,0,0,0,0,0,MERRILLVILLE,Merrillville Metal Recycling,,,2.3000000000000000,2.760000000000000000,,0,0,2025-12-31,2025-12-31
ELECTRIC MOTORS,203.0779,1452,0.13986081267217630854,203.0779,1452,0,0,CUMOTOR,1452,1452,0E-20,COPPER TIER 3,NON_FERROUS,203.0779,1452,0,0,0,0,0,0,0,0,203.0779,1452,0,0,0,0,0.0000,0,0,0,0,0,0,0,MERRILLVILLE,Merrillville Metal Recycling,,,0.13986081267217630854,0.1678329752066115702480,,0,0,2025-12-31,2025-12-31
ELECTRIC MOTORS - FE,464.5401,5268,0.08818149202733485194,464.5401,5268,0,0,CUMOD,5268,5268,0E-20,COPPER TIER 3,NON_FERROUS,464.5401,5268,0,0,0,0,0,0,0,0,464.5401,5268,0,0,0,0,0.0000,0,0,0,0,0,0,0,MERRILLVILLE,Merrillville Metal Recycling,,,0.08818149202733485194,0.1058177904328018223280,,0,0,2025-12-31,2025-12-31
ELECTRIC MOTORS - LARGE,273.0081,2010,0.13582492537313432836,273.0081,2010,0,0,CUELMOL,2010,2010,0E-20,COPPER TIER 3,NON_FERROUS,273.0081,2010,0,0,0,0,0,0,0,0,273.0081,2010,0,0,0,0,0.0000,0,0,0,0,0,0,0,MERRILLVILLE,Merrillville Metal Recycling,,,0.13582492537313432836,0.1629899104477611940320,,0,0,2025-12-31,2025-12-31
FE PB COUNTER WEIGHTS,0.0000,0,0,0.0000,0,0,0,FEPBCNTWTS,0,0,0,LEAD,NON_FERROUS,0.0000,0,0,0,0,0,0,0,0,0,0.0000,0,0,0,0,0,0,0,0,0,0,0,0,0,MERRILLVILLE,Merrillville Metal Recycling,,,0,0.00,,0,0,2025-12-31,2025-12-31
FULL A/C UNIT,2202.9000,14686,0.15000000000000000000,2202.9000,14686,0,0,ACUT,14686,14686,0E-24,STEEL,FERROUS,2202.9000,14686,0,0,0,0,0,0,0,0,2202.9000,14686,0,0,0,0,0,0,0,0,0,0,0,0,MERRILLVILLE,Merrillville Metal Recycling,,,0.15000000000000000000,0.1800000000000000000000,,0,0,2025-12-31,2025-12-31
HAST C-276 SOLIDS,0.0000,0,0,0.0000,0,0,0,HAST276,0,0,0,STAINLESS STEEL TIER 2,NON_FERROUS,0.0000,0,0,0,0,0,0,0,0,0,0.0000,0,0,0,0,0,0,0,0,0,0,0,0,0,MERRILLVILLE,Merrillville Metal Recycling,,,0,0.00,,0,0,2025-12-31,2025-12-31
HEAVY MELT,3395.2791,39226,0.08655685259776678733,3395.2791,39226,0,0,INDHVYM,39226,39226,0E-24,STEEL,FERROUS,3395.2791,39226,0,0,0,0,0,0,0,0,3395.2791,39226,0,0,0,0,0,0,0,0,0,0,0,0,MERRILLVILLE,Merrillville Metal Recycling,,,0.08655685259776678733,0.1038682231173201447960,,0,0,2025-12-31,2025-12-31
ICW HARNESS WIRE,211.3081,259,0.81586138996138996139,211.3081,259,0,0,ICWHARWIR,259,259,0E-20,COPPER TIER 2,NON_FERROUS,211.3081,259,0,0,0,0,0,0,0,0,211.3081,259,0,0,0,0,0,0,0,0,0,0,0,0,MERRILLVILLE,Merrillville Metal Recycling,,,0.81586138996138996139,0.9790336679536679536680,,0,0,2025-12-31,2025-12-31
INCONEL,2314.0000,1157,2.0000000000000000,2314.0000,1157,0,0,NIINCON,1157,1157,0E-20,STAINLESS STEEL TIER 2,NON_FERROUS,2314.0000,1157,0,0,0,0,0,0,0,0,2314.0000,1157,0,0,0,0,0.0000,0,0,0,0,0,0,0,MERRILLVILLE,Merrillville Metal Recycling,,,2.0000000000000000,2.400000000000000000,,0,0,2025-12-31,2025-12-31
INSULATED EC WIRE,136.2276,470,0.28984595744680851064,136.2276,470,0,0,InsECW,470,470,0E-20,ALUMINUM,NON_FERROUS,136.2276,470,0,0,0,0,0,0,0,0,136.2276,470,0,0,0,0,0,0,0,0,0,0,0,0,MERRILLVILLE,Merrillville Metal Recycling,,,0.28984595744680851064,0.3478151489361702127680,,0,0,2025-12-31,2025-12-31
Irony Brass Turnings,89.2598,103,0.86660000000000000000,89.2598,103,0,0,IrBrTs,103,103,0E-20,BRASS TIER 2,NON_FERROUS,89.2598,103,0,0,0,0,0,0,0,0,89.2598,103,0,0,0,0,0,0,0,0,0,0,0,0,MERRILLVILLE,Merrillville Metal Recycling,,,0.86660000000000000000,1.0399200000000000000000,,0,0,2025-12-31,2025-12-31
IRONY EXTRUSIONS,392.3068,1760,0.22290159090909090909,309.4956,1315,82.8112,445,AL063FE,1760,1760,0E-20,ALUMINUM,NON_FERROUS,392.3068,1760,0,0,0,0,0,0,0,0,309.4956,1315,0,0,0,0,82.8112,445,0,0,0,0,0,0,MERRILLVILLE,Merrillville Metal Recycling,,,0.22290159090909090909,0.2674819090909090909080,,0,0,2025-12-31,2025-12-31
Irony Red Brass,0.0000,0,0,0.0000,0,0,0,IyRdBr,0,0,0,BRASS TIER 1,NON_FERROUS,0.0000,0,0,0,0,0,0,0,0,0,0.0000,0,0,0,0,0,0,0,0,0,0,0,0,0,MERRILLVILLE,Merrillville Metal Recycling,,,0,0.00,,0,0,2025-12-31,2025-12-31
Irony Yellow Brass,106.5622,135,0.78934962962962962963,106.5622,135,0,0,IrYwBr,135,135,0E-20,BRASS TIER 1,NON_FERROUS,106.5622,135,0,0,0,0,0,0,0,0,106.5622,135,0,0,0,0,0,0,0,0,0,0,0,0,MERRILLVILLE,Merrillville Metal Recycling,,,0.78934962962962962963,0.9472195555555555555560,,0,0,2025-12-31,2025-12-31
MAGNESIUM,0.0000,5,0E-20,0.0000,5,0,0,MA00001,5,5,0E-20,OTHER,Other,0.0000,5,0,0,0,0,0,0,0,0,0.0000,5,0,0,0,0,0,0,0,0,0,0,0,0,MERRILLVILLE,Merrillville Metal Recycling,,,0E-20,0E-22,,0,0,2025-12-31,2025-12-31
MO2-RE2,1878.0000,884,2.1244343891402715,0.0000,0,1878.0000,884,MO2RE2,884,884,0E-20,STAINLESS STEEL TIER 2,NON_FERROUS,1878.0000,884,0,0,0,0,0,0,0,0,0.0000,0,0,0,0,0,1878.0000,884,0,0,0,0,0,0,MERRILLVILLE,Merrillville Metal Recycling,,,2.1244343891402715,2.549321266968325800,,0,0,2025-12-31,2025-12-31
OLD CAST AL,0.0000,0,0,0.0000,0,0,0,OLCAAL,0,0,0,ALUMINUM,NON_FERROUS,0.0000,0,0,0,0,0,0,0,0,0,0.0000,0,0,0,0,0,0.0000,0,0,0,0,0,0,0,MERRILLVILLE,Merrillville Metal Recycling,,,0,0.00,,0,0,2025-12-31,2025-12-31
OLD CAST AL 5% FE,598.4554,1699,0.35223978811065332549,598.4554,1699,0,0,OCAL5,1699,1699,0E-20,ALUMINUM,NON_FERROUS,598.4554,1699,0,0,0,0,0,0,0,0,598.4554,1699,0,0,0,0,0.0000,0,0,0,0,0,0,0,MERRILLVILLE,Merrillville Metal Recycling,,,0.35223978811065332549,0.4226877457327839905880,,0,0,2025-12-31,2025-12-31
Pewter,54.0600,17,3.1800000000000000,54.0600,17,0,0,Pwtr,17,17,0E-20,BRASS TIER 2,NON_FERROUS,54.0600,17,0,0,0,0,0,0,0,0,54.0600,17,0,0,0,0,0,0,0,0,0,0,0,0,MERRILLVILLE,Merrillville Metal Recycling,,,3.1800000000000000,3.816000000000000000,,0,0,2025-12-31,2025-12-31
PHOS BRONZE SOLIDS,330.0400,148,2.2300000000000000,330.0400,148,0,0,BR0PHOS,148,148,0E-20,BRASS TIER 2,NON_FERROUS,330.0400,148,0,0,0,0,0,0,0,0,330.0400,148,0,0,0,0,0,0,0,0,0,0,0,0,MERRILLVILLE,Merrillville Metal Recycling,,,2.2300000000000000,2.676000000000000000,,0,0,2025-12-31,2025-12-31
PLATE & STRUCTUAL,3056.4892,37810,0.08083811690029092833,3056.4892,37810,0,0,INDP&S,37810,37810,0E-24,STEEL,FERROUS,3056.4892,37810,0,0,0,0,0,0,0,0,3056.4892,37810,0,0,0,0,0,0,0,0,0,0,0,0,MERRILLVILLE,Merrillville Metal Recycling,,,0.08083811690029092833,0.0970057402803491139960,,0,0,2025-12-31,2025-12-31
"PREMIUM ELECTRIC MOTORS ",0.0000,0,0,0.0000,0,0,0,PRELMTR,0,0,0,COPPER TIER 3,NON_FERROUS,0.0000,0,0,0,0,0,0,0,0,0,0.0000,0,0,0,0,0,0.0000,0,0,0,0,0,0,0,MERRILLVILLE,Merrillville Metal Recycling,,,0,0.00,,0,0,2025-12-31,2025-12-31
"RAIL WHEELS ",0.0000,0,0,0.0000,0,0,0,RLWHLS,0,0,0,STEEL,FERROUS,0.0000,0,0,0,0,0,0,0,0,0,0.0000,0,0,0,0,0,0,0,0,0,0,0,0,0,MERRILLVILLE,Merrillville Metal Recycling,,,0,0.00,,0,0,2025-12-31,2025-12-31
RANGE LEAD,144.4242,305,0.47352196721311475410,144.4242,305,0,0,LERANGE,305,305,0E-20,LEAD,NON_FERROUS,144.4242,305,0,0,0,0,0,0,0,0,144.4242,305,0,0,0,0,0,0,0,0,0,0,0,0,MERRILLVILLE,Merrillville Metal Recycling,,,0.47352196721311475410,0.5682263606557377049200,,0,0,2025-12-31,2025-12-31
REBAR,0.0000,0,0,0.0000,0,0,0,REBAR,0,0,0,STEEL,FERROUS,0.0000,0,0,0,0,0,0,0,0,0,0.0000,0,0,0,0,0,0,0,0,0,0,0,0,0,MERRILLVILLE,Merrillville Metal Recycling,,,0,0.00,,0,0,2025-12-31,2025-12-31
RED BRASS SOLIDS,1523.2000,544,2.8000000000000000,1523.2000,544,0,0,BRREDSD,544,544,0E-20,BRASS TIER 1,NON_FERROUS,1523.2000,544,0,0,0,0,0,0,0,0,1523.2000,544,0,0,0,0,0.0000,0,0,0,0,0,0,0,MERRILLVILLE,Merrillville Metal Recycling,,,2.8000000000000000,3.360000000000000000,,0,0,2025-12-31,2025-12-31
SEALED UNITS,435.4948,4716,0.09234410517387616624,435.4948,4716,0,0,CUSEALD,4716,4716,0E-20,COPPER TIER 3,NON_FERROUS,435.4948,4716,0,0,0,0,0,0,0,0,435.4948,4716,0,0,0,0,0.0000,0,0,0,0,0,0,0,MERRILLVILLE,Merrillville Metal Recycling,,,0.09234410517387616624,0.1108129262086513994880,,0,0,2025-12-31,2025-12-31
SEMI RED BRASS,111.3000,42,2.6500000000000000,111.3000,42,0,0,SEMREBR,42,42,0E-20,BRASS TIER 1,NON_FERROUS,111.3000,42,0,0,0,0,0,0,0,0,111.3000,42,0,0,0,0,0.0000,0,0,0,0,0,0,0,MERRILLVILLE,Merrillville Metal Recycling,,,2.6500000000000000,3.180000000000000000,,0,0,2025-12-31,2025-12-31
SHEET IRON,2500.4461,38339,0.06521938756879417825,2500.4461,38339,0,0,SHIRST,38339,38339,0E-24,STEEL,FERROUS,2500.4461,38339,0,0,0,0,0,0,0,0,2500.4461,38339,0,0,0,0,0,0,0,0,0,0,0,0,MERRILLVILLE,Merrillville Metal Recycling,,,0.06521938756879417825,0.0782632650825530139000,,0,0,2025-12-31,2025-12-31
Silver Plated Brass,0.0000,0,0,0.0000,0,0,0,SvrPBr,0,0,0,BRASS TIER 2,NON_FERROUS,0.0000,0,0,0,0,0,0,0,0,0,0.0000,0,0,0,0,0,0,0,0,0,0,0,0,0,MERRILLVILLE,Merrillville Metal Recycling,,,0,0.00,,0,0,2025-12-31,2025-12-31
Silver Plated Copper,0.0000,0,0,0.0000,0,0,0,SvPtCu,0,0,0,COPPER TIER 1,NON_FERROUS,0.0000,0,0,0,0,0,0,0,0,0,0.0000,0,0,0,0,0,0,0,0,0,0,0,0,0,MERRILLVILLE,Merrillville Metal Recycling,,,0,0.00,,0,0,2025-12-31,2025-12-31
SILVER PLTD BUSS BAR,401.4250,188,2.1352393617021277,401.4250,188,0,0,SVPBB,188,188,0E-20,COPPER TIER 1,NON_FERROUS,401.4250,188,0,0,0,0,0,0,0,0,401.4250,188,0,0,0,0,0.0000,0,0,0,0,0,0,0,MERRILLVILLE,Merrillville Metal Recycling,,,2.1352393617021277,2.562287234042553240,,0,0,2025-12-31,2025-12-31
SOFT LEAD,319.1360,985,0.32399593908629441624,319.1360,985,0,0,SOFLEA,985,985,0E-20,LEAD,NON_FERROUS,319.1360,985,0,0,0,0,0,0,0,0,319.1360,985,0,0,0,0,0.0000,0,0,0,0,0,0,0,MERRILLVILLE,Merrillville Metal Recycling,,,0.32399593908629441624,0.3887951269035532994880,,0,0,2025-12-31,2025-12-31
STAINLESS STEEL - FE,558.5536,5689,0.09818133239585164352,558.5536,5689,0,0,NIMIXD,5689,5689,0E-20,STAINLESS STEEL TIER 1,NON_FERROUS,558.5536,5689,0,0,0,0,0,0,0,0,558.5536,5689,0,0,0,0,0,0,0,0,0,0,0,0,MERRILLVILLE,Merrillville Metal Recycling,,,0.09818133239585164352,0.1178175988750219722240,,0,0,2025-12-31,2025-12-31
STARTERS,163.3416,618,0.26430679611650485437,163.3416,618,0,0,CUSTART,618,618,0E-20,COPPER TIER 3,NON_FERROUS,163.3416,618,0,0,0,0,0,0,0,0,163.3416,618,0,0,0,0,0.0000,0,0,0,0,0,0,0,MERRILLVILLE,Merrillville Metal Recycling,,,0.26430679611650485437,0.3171681553398058252440,,0,0,2025-12-31,2025-12-31
STEEL BX CABLE,0.0000,0,0,0.0000,0,0,0,STBXCAB,0,0,0,STEEL,FERROUS,0.0000,0,0,0,0,0,0,0,0,0,0.0000,0,0,0,0,0,0,0,0,0,0,0,0,0,MERRILLVILLE,Merrillville Metal Recycling,,,0,0.00,,0,0,2025-12-31,2025-12-31
STEEL BX WIRE (fe),23.7500,185,0.12837837837837837838,23.7500,185,0,0,STBXW,185,185,0E-20,STEEL,FERROUS,23.7500,185,0,0,0,0,0,0,0,0,23.7500,185,0,0,0,0,0,0,0,0,0,0,0,0,MERRILLVILLE,Merrillville Metal Recycling,,,0.12837837837837837838,0.1540540540540540540560,,0,0,2025-12-31,2025-12-31
STEEL CABLE,0.0000,0,0,0.0000,0,0,0,STCBLE,0,0,0,STEEL,FERROUS,0.0000,0,0,0,0,0,0,0,0,0,0.0000,0,0,0,0,0,0,0,0,0,0,0,0,0,MERRILLVILLE,Merrillville Metal Recycling,,,0,0.00,,0,0,2025-12-31,2025-12-31
STEEL CASED BATTERIES,116.5000,2330,0.05000000000000000000,116.5000,2330,0,0,LEFECAS,2330,2330,0E-20,LEAD,NON_FERROUS,116.5000,2330,0,0,0,0,0,0,0,0,116.5000,2330,0,0,0,0,0,0,0,0,0,0,0,0,MERRILLVILLE,Merrillville Metal Recycling,,,0.05000000000000000000,0.0600000000000000000000,,0,0,2025-12-31,2025-12-31
STEEL CASED COPPER TRANSFORMERS,554.8620,2907,0.19087100103199174407,114.5226,600,440.3394,2307,STCSCOTRA,2907,2907,0E-20,COPPER TIER 3,NON_FERROUS,554.8620,2907,0,0,0,0,0,0,0,0,114.5226,600,0,0,0,0,440.3394,2307,0,0,0,0,0,0,MERRILLVILLE,Merrillville Metal Recycling,,,0.19087100103199174407,0.2290452012383900928840,,0,0,2025-12-31,2025-12-31
Teck Cable,28.8525,46,0.62722826086956521739,28.8525,46,0,0,TCABLE,46,46,0E-20,COPPER TIER 2,NON_FERROUS,28.8525,46,0,0,0,0,0,0,0,0,28.8525,46,0,0,0,0,0.0000,0,0,0,0,0,0,0,MERRILLVILLE,Merrillville Metal Recycling,,,0.62722826086956521739,0.7526739130434782608680,,0,0,2025-12-31,2025-12-31
TIN PLATED BUSBAR,171.0000,114,1.5000000000000000,171.0000,114,0,0,TCUBSBR,114,114,0E-20,COPPER TIER 1,NON_FERROUS,171.0000,114,0,0,0,0,0,0,0,0,171.0000,114,0,0,0,0,0.0000,0,0,0,0,0,0,0,MERRILLVILLE,Merrillville Metal Recycling,,,1.5000000000000000,1.800000000000000000,,0,0,2025-12-31,2025-12-31
TIN PLTD COPPER WIRE,1.0722,0.3,3.5740000000000000,1.0722,0.3,0,0,TNPDCWR,0.3,0.3,0E-16,COPPER TIER 1,NON_FERROUS,1.0722,0.3,0,0,0,0,0,0,0,0,1.0722,0.3,0,0,0,0,0.0000,0,0,0,0,0,0,0,MERRILLVILLE,Merrillville Metal Recycling,,,3.5740000000000000,4.288800000000000000,,0,0,2025-12-31,2025-12-31
TUNGSTEN MOLY TA INSERTS,594.9326,125,4.7594608000000000,594.9326,125,0,0,TUNGMOTAINS,125,125,0E-20,STAINLESS STEEL TIER 2,NON_FERROUS,594.9326,125,0,0,0,0,0,0,0,0,594.9326,125,0,0,0,0,0,0,0,0,0,0,0,0,MERRILLVILLE,Merrillville Metal Recycling,,,4.7594608000000000,5.711352960000000000,,0,0,2025-12-31,2025-12-31
"UNPREPARED P&S ",1744.5707,25544,0.06829669198246163483,1744.5707,25544,0,0,UNPREP,25544,25544,0E-24,STEEL,FERROUS,1744.5707,25544,0,0,0,0,0,0,0,0,1744.5707,25544,0,0,0,0,0,0,0,0,0,0,0,0,MERRILLVILLE,Merrillville Metal Recycling,,,0.06829669198246163483,0.0819560303789539617960,,0,0,2025-12-31,2025-12-31
WASTE,0.0000,4650,0E-20,0.0000,4650,0,0,WASTE,4650,4650,0E-20,ZWASTE,WA,0.0000,4650,0,0,0,0,0,0,0,0,0.0000,4650,0,0,0,0,0,0,0,0,0,0,0,0,MERRILLVILLE,Merrillville Metal Recycling,,,0E-20,0E-22,,0,0,2025-12-31,2025-12-31
WHEEL WEIGHTS,41.8600,394,0.10624365482233502538,41.8600,394,0,0,LEWHEEL,394,394,0E-20,LEAD,NON_FERROUS,41.8600,394,0,0,0,0,0,0,0,0,41.8600,394,0,0,0,0,0,0,0,0,0,0,0,0,MERRILLVILLE,Merrillville Metal Recycling,,,0.10624365482233502538,0.1274923857868020304560,,0,0,2025-12-31,2025-12-31
YELLOW BRASS SHELLS,0.0000,0,0,0.0000,0,0,0,BRSHEL,0,0,0,BRASS TIER 1,NON_FERROUS,0.0000,0,0,0,0,0,0,0,0,0,0.0000,0,0,0,0,0,0,0,0,0,0,0,0,0,MERRILLVILLE,Merrillville Metal Recycling,,,0,0.00,,0,0,2025-12-31,2025-12-31
YELLOW BRASS SOLIDS,5590.3205,2645,2.1135427221172023,5590.3205,2645,0,0,BRYELLO,2645,2645,0E-20,BRASS TIER 1,NON_FERROUS,5590.3205,2645,0,0,0,0,0,0,0,0,5590.3205,2645,0,0,0,0,0.0000,0,0,0,0,0,0,0,MERRILLVILLE,Merrillville Metal Recycling,,,2.1135427221172023,2.536251266540642760,,0,0,2025-12-31,2025-12-31
YELLOW BRASS TURNINGS,178.4072,97,1.8392494845360825,178.4072,97,0,0,BRINDBT,97,97,0E-20,BRASS TIER 1,NON_FERROUS,178.4072,97,0,0,0,0,0,0,0,0,178.4072,97,0,0,0,0,0,0,0,0,0,0,0,0,MERRILLVILLE,Merrillville Metal Recycling,,,1.8392494845360825,2.207099381443299000,,0,0,2025-12-31,2025-12-31
ZINC DIE CAST,333.5888,771,0.43267029831387808042,333.5888,771,0,0,ZNDICST,771,771,0E-20,ZINC,NON_FERROUS,333.5888,771,0,0,0,0,0,0,0,0,333.5888,771,0,0,0,0,0,0,0,0,0,0,0,0,MERRILLVILLE,Merrillville Metal Recycling,,,0.43267029831387808042,0.5192043579766536965040,,0,0,2025-12-31,2025-12-31
"ZZ DO NOT USE - 3003 ALUMINUM PAINTED  ",9.0000,45,0.20000000000000000000,9.0000,45,0,0,3003PTD,45,45,0E-20,ALUMINUM,NON_FERROUS,9.0000,45,0,0,0,0,0,0,0,0,9.0000,45,0,0,0,0,0,0,0,0,0,0,0,0,MERRILLVILLE,Merrillville Metal Recycling,,,0.20000000000000000000,0.2400000000000000000000,,0,0,2025-12-31,2025-12-31
ZZ DO NOT USE - 356 ALUMINUM CASTINGS,0.0000,0,0,0.0000,0,0,0,356ALCAST,0,0,0,ALUMINUM,NON_FERROUS,0.0000,0,0,0,0,0,0,0,0,0,0.0000,0,0,0,0,0,0.0000,0,0,0,0,0,0,0,MERRILLVILLE,Merrillville Metal Recycling,,,0,0.00,,0,0,2025-12-31,2025-12-31
ZZ DO NOT USE - AL BARE EC WIRE,114.7776,395,0.29057620253164556962,114.7776,395,0,0,AL0BECW,395,395,0E-20,ALUMINUM,NON_FERROUS,114.7776,395,0,0,0,0,0,0,0,0,114.7776,395,0,0,0,0,0.0000,0,0,0,0,0,0,0,MERRILLVILLE,Merrillville Metal Recycling,,,0.29057620253164556962,0.3486914430379746835440,,0,0,2025-12-31,2025-12-31
ZZ DO NOT USE ALUMINUM BREAKAGE,611.4692,6221,0.09829114290307024594,611.4692,6221,0,0,ALBRKG,6221,6221,0E-20,ALUMINUM,NON_FERROUS,611.4692,6221,0,0,0,0,0,0,0,0,611.4692,6221,0,0,0,0,0.0000,0,0,0,0,0,0,0,MERRILLVILLE,Merrillville Metal Recycling,,,0.09829114290307024594,0.1179493714836842951280,,0,0,2025-12-31,2025-12-31
ZZ DO NOT USE - ALUMINUM TURNINGS,673.9667,3368.5,0.20007917470684280837,281.3562,1406.5,392.6105,1962,ALMTRNG,3368.5,3368.5,0E-20,ALUMINUM,NON_FERROUS,673.9667,3368.5,0,0,0,0,0,0,0,0,281.3562,1406.5,0,0,0,0,392.6105,1962,0,0,0,0,0,0,MERRILLVILLE,Merrillville Metal Recycling,,,0.20007917470684280837,0.2400950096482113700440,,0,0,2025-12-31,2025-12-31
ZZ DO NOT USE CAST ALUMINUM,0.0000,0,0,0.0000,0,0,0,AL0CAST,0,0,0,ALUMINUM,NON_FERROUS,0.0000,0,0,0,0,0,0,0,0,0,0.0000,0,0,0,0,0,0,0,0,0,0,0,0,0,MERRILLVILLE,Merrillville Metal Recycling,,,0,0.00,,0,0,2025-12-31,2025-12-31
ZZ DO NOT USE HELIAX,272.8000,248,1.1000000000000000,272.8000,248,0,0,OPNEYHLXCU,248,248,0E-20,COPPER TIER 2,NON_FERROUS,272.8000,248,0,0,0,0,0,0,0,0,272.8000,248,0,0,0,0,0,0,0,0,0,0,0,0,MERRILLVILLE,Merrillville Metal Recycling,,,1.1000000000000000,1.320000000000000000,,0,0,2025-12-31,2025-12-31
ZZ DO NOT USE - ROMEX,889.2796,417,2.1325649880095923,889.2796,417,0,0,ROMWIRE,417,417,0E-20,COPPER TIER 2,NON_FERROUS,889.2796,417,0,0,0,0,0,0,0,0,889.2796,417,0,0,0,0,0.0000,0,0,0,0,0,0,0,MERRILLVILLE,Merrillville Metal Recycling,,,2.1325649880095923,2.559077985611510760,,0,0,2025-12-31,2025-12-31
ZZ DO NOT USE STEEL TURNINGS,0.0003,0,0,0.0003,0,0,0,FETURN,0,0,0,STEEL,FERROUS,0.0003,0,0,0,0,0,0,0,0,0,0.0003,0,0,0,0,0,0.0000,0,0,0,0,0,0,0,MERRILLVILLE,Merrillville Metal Recycling,,,0,0.00,,0,0,2025-12-31,2025-12-31
ZZ DO NOT USE - UNPREPARED HMS (uhms),1843.3370,36425,0.05060636925188743995,1843.3370,36425,0,0,UNHMS,36425,36425,0E-24,STEEL,FERROUS,1843.3370,36425,0,0,0,0,0,0,0,0,1843.3370,36425,0,0,0,0,0,0,0,0,0,0,0,0,MERRILLVILLE,Merrillville Metal Recycling,,,0.05060636925188743995,0.0607276431022649279400,,0,0,2025-12-31,2025-12-31
