Material Type,Commodity,Commodity Type,Closing Balance - Wip - Cost,Closing Balance - Wip - Weight,Closing Balance - Finished Goods - Cost,Closing Balance - Finished Goods - Weight,Material Code,Available To Sale,Theoretical Inventory,Inventory Variance,Start Date,End Date,Outbound Cost,Outbound Weight,Adjustments Cost,Adjustments Weight,Opening Cost,Opening Weight,Inbound Cost,Inbound Weight,Regrades Cost,Regrades Weight,Closing Cost,Closing Weight,Closing Cost/um,Opening Balance - Wip - Cost,Opening Balance - Wip - Weight,Inbound - Wip - Cost,Inbound - Wip - Weight,Outbound - Wip - Cost,Outbound - Wip - Weight,Opening Balance - Finished Goods - Cost,Opening Balance - Finished Goods - Weight,Inbound - Finished Goods - Cost,Inbound - Finished Goods - Weight,Outbound - Finished Goods - Cost,Outbound - Finished Goods - Weight,Voided - Finished Goods - Cost,Voided - Finished Goods - Weight,Yard Name,Yard Address Name,Gl Income Code,Gl Expense Code,"Opening
  Cost/um","Closing Cost/um (+
  Freight)",Adjustment Notes,Hold Total Weight (Current),Hold Total Cost (Current)
1018 STEEL,STEEL,FERROUS,0.0000,0,0,0,1018ST,0,0,0,2025-12-31,2025-12-31,0,0,0,0,0.0000,0,0,0,0,0,0.0000,0,0,0.0000,0,0,0,0,0,0,0,0,0,0,0,0,0,MILTON,Benton Metals,,,0,0.00,,0,0
13-8 STAINLESS STEEL TURNINGS,STAINLESS STEEL TIER 2,NON_FERROUS,0.0000,0,0,0,NI138T,0,0,0,2025-12-31,2025-12-31,0,0,0,0,0.0000,0,0,0,0,0,0.0000,0,0,0.0000,0,0,0,0,0,0,0,0,0,0,0,0,0,MILTON,Benton Metals,,,0,0.00,,0,0
15-5 STAINLESS SOLIDS,STAINLESS STEEL TIER 2,NON_FERROUS,0.0000,0,0,0,155SSS,0,0,0,2025-12-31,2025-12-31,0,0,0,0,0.0000,0,0,0,0,0,0.0000,0,0,0.0000,0,0,0,0,0,0.0000,0,0,0,0,0,0,0,MILTON,Benton Metals,,,0,0.00,,0,0
15-5 STAINLESS STEEL TURNINGS,STAINLESS STEEL TIER 2,NON_FERROUS,172.0600,8603,0,0,NI15-5,8603,8603,0E-20,2025-12-31,2025-12-31,0,0,0,0,172.0600,8603,0,0,0,0,172.0600,8603,0.02000000000000000000,172.0600,8603,0,0,0,0,0.0000,0,0,0,0,0,0,0,MILTON,Benton Metals,,,0.02000000000000000000,0.0240000000000000000000,,0,0
17-4 SOLIDS,STAINLESS STEEL TIER 1,NON_FERROUS,42.4063,588,0,0,174SOLIDS,588,588,0E-20,2025-12-31,2025-12-31,0,0,0,0,42.4063,588,0,0,0,0,42.4063,588,0.07211955782312925170,42.4063,588,0,0,0,0,0.0000,0,0,0,0,0,0,0,MILTON,Benton Metals,,,0.07211955782312925170,0.0865434693877551020400,,0,0
17-4 STAINLESS STEEL TURNINGS,STAINLESS STEEL TIER 1,NON_FERROUS,145.6950,23380,437.9636,2699,NI174BO,26079,26079,0E-24,2025-12-31,2025-12-31,0,0,0,0,583.6586,26079,0,0,0,0,583.6586,26079,0.02238040569040223935,145.6950,23380,0,0,0,0,437.9636,2699,0,0,0,0,0,0,MILTON,Benton Metals,,,0.02238040569040223935,0.0268564868284826872200,,0,0
"#1 BUNDLES",STEEL,FERROUS,0.0000,0,0,0,CLPBNDS,0,0,0,2025-12-31,2025-12-31,0,0,0,0,0.0000,0,0,0,0,0,0.0000,0,0,0.0000,0,0,0,0,0,0,0,0,0,0,0,0,0,MILTON,Benton Metals,,,0,0.00,,0,0
"#1 COPPER",COPPER TIER 1,NON_FERROUS,2051.8140,601,0,0,CU00001,601,601,0E-20,2025-12-31,2025-12-31,0,0,0,0,2051.8140,601,0,0,0,0,2051.8140,601,3.4140000000000000,2051.8140,601,0,0,0,0,0.0000,0,0,0,0,0,0,0,MILTON,Benton Metals,,,3.4140000000000000,4.096800000000000000,,0,0
"#1 ICW 60%",COPPER TIER 2,NON_FERROUS,-697.9732,0,0,0,CUIN160,0,0,0,2025-12-31,2025-12-31,0,0,0,0,-697.9732,0,0,0,0,0,-697.9732,0,0,-697.9732,0,0,0,0,0,0.0000,0,0,0,0,0,0,0,MILTON,Benton Metals,,,0,0.00,,0,0
"#1 ICW 72%",COPPER TIER 2,NON_FERROUS,0.0000,0,0,0,CUIN172,0,0,0,2025-12-31,2025-12-31,0,0,0,0,0.0000,0,0,0,0,0,0.0000,0,0,0.0000,0,0,0,0,0,0,0,0,0,0,0,0,0,MILTON,Benton Metals,,,0,0.00,,0,0
"#1 ICW 80%",COPPER TIER 2,NON_FERROUS,0.0000,0,0,0,ICW80,0,0,0,2025-12-31,2025-12-31,0,0,0,0,0.0000,0,0,0,0,0,0.0000,0,0,0.0000,0,0,0,0,0,0.0000,0,0,0,0,0,0,0,MILTON,Benton Metals,,,0,0.00,,0,0
"#1 ICW 85%",COPPER TIER 2,NON_FERROUS,0.0000,0,0,0,CUIN185,0,0,0,2025-12-31,2025-12-31,0,0,0,0,0.0000,0,0,0,0,0,0.0000,0,0,0.0000,0,0,0,0,0,0,0,0,0,0,0,0,0,MILTON,Benton Metals,,,0,0.00,,0,0
"#1 ICW 88%",COPPER TIER 2,NON_FERROUS,1278.2814,515,5869.7282,3133,CUIN188,3648,3648,0E-20,2025-12-31,2025-12-31,0,0,0,0,7148.0096,3648,0,0,0,0,7148.0096,3648,1.9594324561403509,1278.2814,515,0,0,0,0,5869.7282,3133,0,0,0,0,0,0,MILTON,Benton Metals,,,1.9594324561403509,2.351318947368421080,,0,0
"#1 ICW 90%",COPPER TIER 2,NON_FERROUS,0.0000,0,0,0,CUIN190,0,0,0,2025-12-31,2025-12-31,0,0,0,0,0.0000,0,0,0,0,0,0.0000,0,0,0.0000,0,0,0,0,0,0,0,0,0,0,0,0,0,MILTON,Benton Metals,,,0,0.00,,0,0
2000 SERIES ALUMINUM,ALUMINUM,NON_FERROUS,65.8000,329,0,0,AL02024,329,329,0E-20,2025-12-31,2025-12-31,0,0,0,0,65.8000,329,0,0,0,0,65.8000,329,0.20000000000000000000,65.8000,329,0,0,0,0,0,0,0,0,0,0,0,0,MILTON,Benton Metals,,,0.20000000000000000000,0.2400000000000000000000,,0,0
201 STAINLESS CLIP,STAINLESS STEEL TIER 2,NON_FERROUS,172.0000,3440,0,0,201,3440,3440,0E-20,2025-12-31,2025-12-31,0,0,0,0,172.0000,3440,0,0,0,0,172.0000,3440,0.05000000000000000000,172.0000,3440,0,0,0,0,0,0,0,0,0,0,0,0,MILTON,Benton Metals,,,0.05000000000000000000,0.0600000000000000000000,,0,0
201 STAINLESS COIL,STAINLESS STEEL TIER 2,NON_FERROUS,0.0000,0,0,0,201SSCOIL,0,0,0,2025-12-31,2025-12-31,0,0,0,0,0.0000,0,0,0,0,0,0.0000,0,0,0.0000,0,0,0,0,0,0.0000,0,0,0,0,0,0,0,MILTON,Benton Metals,,,0,0.00,,0,0
2205 SOLIDS,STAINLESS STEEL TIER 2,NON_FERROUS,0.0000,0,0,0,2205 Solids,0,0,0,2025-12-31,2025-12-31,0,0,0,0,0.0000,0,0,0,0,0,0.0000,0,0,0.0000,0,0,0,0,0,0.0000,0,0,0,0,0,0,0,MILTON,Benton Metals,,,0,0.00,,0,0
2205 STAINLESS STEEL TURNINGS,STAINLESS STEEL TIER 2,NON_FERROUS,0.0000,0,0,0,2205 STAINLESS,0,0,0,2025-12-31,2025-12-31,0,0,0,0,0.0000,0,0,0,0,0,0.0000,0,0,0.0000,0,0,0,0,0,0.0000,0,0,0,0,0,0,0,MILTON,Benton Metals,,,0,0.00,,0,0
230 BRASS SOLIDS,BRASS TIER 2,NON_FERROUS,0.0000,0,0,0,BR00230,0,0,0,2025-12-31,2025-12-31,0,0,0,0,0.0000,0,0,0,0,0,0.0000,0,0,0.0000,0,0,0,0,0,0,0,0,0,0,0,0,0,MILTON,Benton Metals,,,0,0.00,,0,0
"#2 COPPER",COPPER TIER 1,NON_FERROUS,1402.0712,469,0,0,CU00002,469,469,0E-20,2025-12-31,2025-12-31,0,0,0,0,1402.0712,469,0,0,0,0,1402.0712,469,2.9894908315565032,1402.0712,469,0,0,0,0,0.0000,0,0,0,0,0,0,0,MILTON,Benton Metals,,,2.9894908315565032,3.587388997867803840,,0,0
"#2 ICW 20% - CHRISTMAS LIGHTS",COPPER TIER 2,NON_FERROUS,19.7800,101,0,0,CUIN220,101,101,0E-20,2025-12-31,2025-12-31,0,0,0,0,19.7800,101,0,0,0,0,19.7800,101,0.19584158415841584158,19.7800,101,0,0,0,0,0.0000,0,0,0,0,0,0,0,MILTON,Benton Metals,,,0.19584158415841584158,0.2350099009900990098960,,0,0
"#2 ICW 35%",COPPER TIER 2,NON_FERROUS,59.8033,183,329.9429,1020,CUIN235,1203,1203,0E-20,2025-12-31,2025-12-31,0,0,0,0,389.7462,1203,0,0,0,0,389.7462,1203,0.32397855361596009975,59.8033,183,0,0,0,0,329.9429,1020,0,0,0,0,0,0,MILTON,Benton Metals,,,0.32397855361596009975,0.3887742643391521197000,,0,0
"#2 ICW 45%",COPPER TIER 2,NON_FERROUS,0.0000,0,0,0,CUIN245,0,0,0,2025-12-31,2025-12-31,0,0,0,0,0.0000,0,0,0,0,0,0.0000,0,0,0.0000,0,0,0,0,0,0,0,0,0,0,0,0,0,MILTON,Benton Metals,,,0,0.00,,0,0
"#2 ICW 55%",COPPER TIER 2,NON_FERROUS,0.0000,0,0,0,CUIN255,0,0,0,2025-12-31,2025-12-31,0,0,0,0,0.0000,0,0,0,0,0,0.0000,0,0,0.0000,0,0,0,0,0,0,0,0,0,0,0,0,0,MILTON,Benton Metals,,,0,0.00,,0,0
"#2 ICW 65%",COPPER TIER 2,NON_FERROUS,128.1280,104,909.1819,738,CUIN265,842,842,0E-20,2025-12-31,2025-12-31,0,0,0,0,1037.3099,842,0,0,0,0,1037.3099,842,1.2319595011876485,128.1280,104,0,0,0,0,909.1819,738,0,0,0,0,0,0,MILTON,Benton Metals,,,1.2319595011876485,1.478351401425178200,,0,0
"#2 ICW 80%",COPPER TIER 2,NON_FERROUS,0.0000,0,0,0,CUIN280,0,0,0,2025-12-31,2025-12-31,0,0,0,0,0.0000,0,0,0,0,0,0.0000,0,0,0.0000,0,0,0,0,0,0.0000,0,0,0,0,0,0,0,MILTON,Benton Metals,,,0,0.00,,0,0
3003 ALUMINUM WITH POLY,ALUMINUM,NON_FERROUS,0.0000,0,0,0,30ALP,0,0,0,2025-12-31,2025-12-31,0,0,0,0,0.0000,0,0,0,0,0,0.0000,0,0,0.0000,0,0,0,0,0,0.0000,0,0,0,0,0,0,0,MILTON,Benton Metals,,,0,0.00,,0,0
301 STAINLESS STEEL SOLIDS,STAINLESS STEEL TIER 2,NON_FERROUS,0.0000,0,0,0,NISS301,0,0,0,2025-12-31,2025-12-31,0,0,0,0,0.0000,0,0,0,0,0,0.0000,0,0,0.0000,0,0,0,0,0,0,0,0,0,0,0,0,0,MILTON,Benton Metals,,,0,0.00,,0,0
304 STAINLESS L,STAINLESS STEEL TIER 1,NON_FERROUS,0.0000,0,0,0,304SSL,0,0,0,2025-12-31,2025-12-31,0,0,0,0,0.0000,0,0,0,0,0,0.0000,0,0,0.0000,0,0,0,0,0,0.0000,0,0,0,0,0,0,0,MILTON,Benton Metals,,,0,0.00,,0,0
304 STAINLESS OVERSIZED,STAINLESS STEEL TIER 1,NON_FERROUS,0.0000,0,0,0,304SSOS,0,0,0,2025-12-31,2025-12-31,0,0,0,0,0.0000,0,0,0,0,0,0.0000,0,0,0.0000,0,0,0,0,0,0,0,0,0,0,0,0,0,MILTON,Benton Metals,,,0,0.00,,0,0
304 STAINLESS SOLIDS,STAINLESS STEEL TIER 1,NON_FERROUS,0.0000,0,0,0,NISS300,0,0,0,2025-12-31,2025-12-31,0,0,0,0,0.0000,0,0,0,0,0,0.0000,0,0,0.0000,0,0,0,0,0,0.0000,0,0,0,0,0,0,0,MILTON,Benton Metals,,,0,0.00,,0,0
304 STAINLESS STEEL TURNINGS,STAINLESS STEEL TIER 1,NON_FERROUS,785.4637,3024,0,0,NI300BO,3024,3024,0E-20,2025-12-31,2025-12-31,0,0,0,0,785.4637,3024,0,0,0,0,785.4637,3024,0.25974328703703703704,785.4637,3024,0,0,0,0,0.0000,0,0,0,0,0,0,0,MILTON,Benton Metals,,,0.25974328703703703704,0.3116919444444444444480,,0,0
304 STAINLESS WITH POLY,STAINLESS STEEL TIER 1,NON_FERROUS,0.0000,0,0,0,304STNPLY,0,0,0,2025-12-31,2025-12-31,0,0,0,0,0.0000,0,0,0,0,0,0.0000,0,0,0.0000,0,0,0,0,0,0.0000,0,0,0,0,0,0,0,MILTON,Benton Metals,,,0,0.00,,0,0
309 STAINLESS STEEL SOLIDS,STAINLESS STEEL TIER 2,NON_FERROUS,0.0000,0,0,0,NISS309,0,0,0,2025-12-31,2025-12-31,0,0,0,0,0.0000,0,0,0,0,0,0.0000,0,0,0.0000,0,0,0,0,0,0,0,0,0,0,0,0,0,MILTON,Benton Metals,,,0,0.00,,0,0
3105 AL SOLIDS,ALUMINUM,NON_FERROUS,195.2000,488,0,0,3105ALSOL,488,488,0E-20,2025-12-31,2025-12-31,0,0,0,0,195.2000,488,0,0,0,0,195.2000,488,0.40000000000000000000,195.2000,488,0,0,0,0,0.0000,0,0,0,0,0,0,0,MILTON,Benton Metals,,,0.40000000000000000000,0.4800000000000000000000,,0,0
310 STAINLESS STEEL SOLIDS,STAINLESS STEEL TIER 2,NON_FERROUS,0.0000,0,0,0,NISS310,0,0,0,2025-12-31,2025-12-31,0,0,0,0,0.0000,0,0,0,0,0,0.0000,0,0,0.0000,0,0,0,0,0,0,0,0,0,0,0,0,0,MILTON,Benton Metals,,,0,0.00,,0,0
316 STAINLESS STEEL OVERSIZED,STAINLESS STEEL TIER 1,NON_FERROUS,4484.4526,6000,0,0,316SSO,6000,6000,0E-20,2025-12-31,2025-12-31,0,0,0,0,4484.4526,6000,0,0,0,0,4484.4526,6000,0.74740876666666666667,4484.4526,6000,0,0,0,0,0,0,0,0,0,0,0,0,MILTON,Benton Metals,,,0.74740876666666666667,0.8968905200000000000040,,0,0
316 STAINLESS STEEL SOLIDS,STAINLESS STEEL TIER 1,NON_FERROUS,140.3720,218,227.9434,354,NISS316,572,572,0E-20,2025-12-31,2025-12-31,0,0,0,0,368.3154,572,0,0,0,0,368.3154,572,0.64390804195804195804,140.3720,218,0,0,0,0,227.9434,354,0,0,0,0,0,0,MILTON,Benton Metals,,,0.64390804195804195804,0.7726896503496503496480,,0,0
316 STAINLESS STEEL TURNINGS,STAINLESS STEEL TIER 1,NON_FERROUS,411.0000,1370,0,0,NI316BO,1370,1370,0E-20,2025-12-31,2025-12-31,0,0,0,0,411.0000,1370,0,0,0,0,411.0000,1370,0.30000000000000000000,411.0000,1370,0,0,0,0,0.0000,0,0,0,0,0,0,0,MILTON,Benton Metals,,,0.30000000000000000000,0.3600000000000000000000,,0,0
319 CASTINGS,ALUMINUM,NON_FERROUS,0.0000,0,0,0,319CSTAL,0,0,0,2025-12-31,2025-12-31,0,0,0,0,0.0000,0,0,0,0,0,0.0000,0,0,0.0000,0,0,0,0,0,0.0000,0,0,0,0,0,0,0,MILTON,Benton Metals,,,0,0.00,,0,0
360 BRASS SOLIDS,BRASS TIER 2,NON_FERROUS,235.2804,117,0,0,360BS,117,117,0E-20,2025-12-31,2025-12-31,0,0,0,0,235.2804,117,0,0,0,0,235.2804,117,2.0109435897435897,235.2804,117,0,0,0,0,0.0000,0,0,0,0,0,0,0,MILTON,Benton Metals,,,2.0109435897435897,2.413132307692307640,,0,0
360 BRASS TURNINGS,BRASS TIER 2,NON_FERROUS,0.0000,0,0,0,360 brass turnings,0,0,0,2025-12-31,2025-12-31,0,0,0,0,0.0000,0,0,0,0,0,0.0000,0,0,0.0000,0,0,0,0,0,0.0000,0,0,0,0,0,0,0,MILTON,Benton Metals,,,0,0.00,,0,0
380 ALUMINUM TURNINGS,ALUMINUM,NON_FERROUS,358.5319,1951,0,0,380ALTRN,1951,1951,0E-20,2025-12-31,2025-12-31,0,0,0,0,358.5319,1951,0,0,0,0,358.5319,1951,0.18376827268067657611,358.5319,1951,0,0,0,0,0.0000,0,0,0,0,0,0,0,MILTON,Benton Metals,,,0.18376827268067657611,0.2205219272168118913320,,0,0
380 BARE NEW CAST ALUMINUM,ALUMINUM,NON_FERROUS,118.1991,423,267.6944,958,380NCAL,1381,1381,0E-20,2025-12-31,2025-12-31,0,0,0,0,385.8935,1381,0,0,0,0,385.8935,1381,0.27943048515568428675,118.1991,423,0,0,0,0,267.6944,958,0,0,0,0,0,0,MILTON,Benton Metals,,,0.27943048515568428675,0.3353165821868211441000,,0,0
380 NEW CAST W/ 5% RUBBER ATTACHMENTS,ALUMINUM,NON_FERROUS,185.2500,741,948.2476,3740,380NCRUB,4481,4481,0E-20,2025-12-31,2025-12-31,0,0,0,0,1133.4976,4481,0,0,0,0,1133.4976,4481,0.25295639366212898906,185.2500,741,0,0,0,0,948.2476,3740,0,0,0,0,0,0,MILTON,Benton Metals,,,0.25295639366212898906,0.3035476723945547868720,,0,0
380 PTD NEW CAST,ALUMINUM,NON_FERROUS,0.0000,0,0,0,380PTDNC,0,0,0,2025-12-31,2025-12-31,0,0,0,0,0.0000,0,0,0,0,0,0.0000,0,0,0.0000,0,0,0,0,0,0.0000,0,0,0,0,0,0,0,MILTON,Benton Metals,,,0,0.00,,0,0
"#3 COPPER",COPPER TIER 1,NON_FERROUS,0.0000,0,0,0,CU00003,0,0,0,2025-12-31,2025-12-31,0,0,0,0,0.0000,0,0,0,0,0,0.0000,0,0,0.0000,0,0,0,0,0,0,0,0,0,0,0,0,0,MILTON,Benton Metals,,,0,0.00,,0,0
"#3 Cu MICA 98%",COPPER TIER 1,NON_FERROUS,0.0000,0,0,0,CU0003MICA,0,0,0,2025-12-31,2025-12-31,0,0,0,0,0.0000,0,0,0,0,0,0.0000,0,0,0.0000,0,0,0,0,0,0.0000,0,0,0,0,0,0,0,MILTON,Benton Metals,,,0,0.00,,0,0
400 STAINLESS STEEL SOLIDS,STAINLESS STEEL TIER 2,NON_FERROUS,0.0000,0,0,0,NISS400,0,0,0,2025-12-31,2025-12-31,0,0,0,0,0.0000,0,0,0,0,0,0.0000,0,0,0.0000,0,0,0,0,0,0,0,0,0,0,0,0,0,MILTON,Benton Metals,,,0,0.00,,0,0
410 SS TURNINGS,STAINLESS STEEL TIER 2,NON_FERROUS,0.0000,0,20.6400,435,410SSTRN,435,435,0E-20,2025-12-31,2025-12-31,0,0,0,0,20.6400,435,0,0,0,0,20.6400,435,0.04744827586206896552,0.0000,0,0,0,0,0,20.6400,435,0,0,0,0,0,0,MILTON,Benton Metals,,,0.04744827586206896552,0.0569379310344827586240,,0,0
410 STAINLESS SOLIDS,STAINLESS STEEL TIER 2,NON_FERROUS,0.0000,0,0,0,410SSS,0,0,0,2025-12-31,2025-12-31,0,0,0,0,0.0000,0,0,0,0,0,0.0000,0,0,0.0000,0,0,0,0,0,0.0000,0,0,0,0,0,0,0,MILTON,Benton Metals,,,0,0.00,,0,0
4140 SOLIDS,STEEL,FERROUS,0.0000,0,0,0,4140SOLS,0,0,0,2025-12-31,2025-12-31,0,0,0,0,0.0000,0,0,0,0,0,0.0000,0,0,0.0000,0,0,0,0,0,0,0,0,0,0,0,0,0,MILTON,Benton Metals,,,0,0.00,,0,0
416 SS SOLIDS,STAINLESS STEEL TIER 2,NON_FERROUS,0.0000,0,0,0,416SSS,0,0,0,2025-12-31,2025-12-31,0,0,0,0,0.0000,0,0,0,0,0,0.0000,0,0,0.0000,0,0,0,0,0,0.0000,0,0,0,0,0,0,0,MILTON,Benton Metals,,,0,0.00,,0,0
430 STAINLESS STEEL PIPE,STAINLESS STEEL TIER 2,NON_FERROUS,0.0000,0,0,0,430SSP,0,0,0,2025-12-31,2025-12-31,0,0,0,0,0.0000,0,0,0,0,0,0.0000,0,0,0.0000,0,0,0,0,0,0.0000,0,0,0,0,0,0,0,MILTON,Benton Metals,,,0,0.00,,0,0
440 STAINLESS SOLIDS,STAINLESS STEEL TIER 2,NON_FERROUS,68.1978,993,0,0,440SSS,993,993,0E-20,2025-12-31,2025-12-31,0,0,0,0,68.1978,993,0,0,0,0,68.1978,993,0.06867854984894259819,68.1978,993,0,0,0,0,0.0000,0,0,0,0,0,0,0,MILTON,Benton Metals,,,0.06867854984894259819,0.0824142598187311178280,,0,0
446 STAINLESS STEEL,STAINLESS STEEL TIER 2,NON_FERROUS,0.0000,0,0,0,446SS,0,0,0,2025-12-31,2025-12-31,0,0,0,0,0.0000,0,0,0,0,0,0.0000,0,0,0.0000,0,0,0,0,0,0.0000,0,0,0,0,0,0,0,MILTON,Benton Metals,,,0,0.00,,0,0
5052 ALUMINUM,ALUMINUM,NON_FERROUS,1646.9372,1230,0,0,AL05052,1230,1230,0E-20,2025-12-31,2025-12-31,0,0,0,0,1646.9372,1230,0,0,0,0,1646.9372,1230,1.3389733333333333,1646.9372,1230,0,0,0,0,0.0000,0,0,0,0,0,0,0,MILTON,Benton Metals,,,1.3389733333333333,1.606767999999999960,,0,0
5052 ALUMINUM SHEET W/POLY,ALUMINUM,NON_FERROUS,678.8100,561,748.9900,619,AL5052SHPOLY,1180,1180,0E-20,2025-12-31,2025-12-31,0,0,0,0,1427.8000,1180,0,0,0,0,1427.8000,1180,1.2100000000000000,678.8100,561,0,0,0,0,748.9900,619,0,0,0,0,0,0,MILTON,Benton Metals,,,1.2100000000000000,1.452000000000000000,,0,0
6022 ALUMINUM,ALUMINUM,NON_FERROUS,200.0739,591,0,0,6022ALUM,591,591,0E-20,2025-12-31,2025-12-31,0,0,0,0,200.0739,591,0,0,0,0,200.0739,591,0.33853451776649746193,200.0739,591,0,0,0,0,0.0000,0,0,0,0,0,0,0,MILTON,Benton Metals,,,0.33853451776649746193,0.4062414213197969543160,,0,0
60/40 NAVAL BRASS,BRASS TIER 2,NON_FERROUS,0.0000,0,0,0,6040NAVBR,0,0,0,2025-12-31,2025-12-31,0,0,0,0,0.0000,0,0,0,0,0,0.0000,0,0,0.0000,0,0,0,0,0,0.0000,0,0,0,0,0,0,0,MILTON,Benton Metals,,,0,0.00,,0,0
6061 AL RIMS,ALUMINUM,NON_FERROUS,257.1800,700,0,0,6061ALR,700,700,0E-20,2025-12-31,2025-12-31,0,0,0,0,257.1800,700,0,0,0,0,257.1800,700,0.36740000000000000000,257.1800,700,0,0,0,0,0.0000,0,0,0,0,0,0,0,MILTON,Benton Metals,,,0.36740000000000000000,0.4408800000000000000000,,0,0
6061 ALUMINUM EXTRUSIONS,ALUMINUM,NON_FERROUS,1940.8210,2648,0,0,ALEXTRU,2648,2648,0E-20,2025-12-31,2025-12-31,0,0,0,0,1940.8210,2648,0,0,0,0,1940.8210,2648,0.73293844410876132931,1940.8210,2648,0,0,0,0,0.0000,0,0,0,0,0,0,0,MILTON,Benton Metals,,,0.73293844410876132931,0.8795261329305135951720,,0,0
6061 ALUMINUM - SPC,ALUMINUM,NON_FERROUS,0.0000,0,0,0,AL06061,0,0,0,2025-12-31,2025-12-31,0,0,0,0,0.0000,0,0,0,0,0,0.0000,0,0,0.0000,0,0,0,0,0,0.0000,0,0,0,0,0,0,0,MILTON,Benton Metals,,,0,0.00,,0,0
6061 PAINTED SPC,ALUMINUM,NON_FERROUS,0.0000,0,0,0,6061PTDSPCAL,0,0,0,2025-12-31,2025-12-31,0,0,0,0,0.0000,0,0,0,0,0,0.0000,0,0,0.0000,0,0,0,0,0,0.0000,0,0,0,0,0,0,0,MILTON,Benton Metals,,,0,0.00,,0,0
6061 TURNINGS,ALUMINUM,NON_FERROUS,3666.1987,12629,0,0,AL6061TURNS,12629,12629,0E-24,2025-12-31,2025-12-31,0,0,0,0,3666.1987,12629,0,0,0,0,3666.1987,12629,0.29030000000000000000,3666.1987,12629,0,0,0,0,0,0,0,0,0,0,0,0,MILTON,Benton Metals,,,0.29030000000000000000,0.3483600000000000000000,,0,0
6063 AL SOLIDS,ALUMINUM,NON_FERROUS,0.0000,0,0,0,6063ALS,0,0,0,2025-12-31,2025-12-31,0,0,0,0,0.0000,0,0,0,0,0,0.0000,0,0,0.0000,0,0,0,0,0,0.0000,0,0,0,0,0,0,0,MILTON,Benton Metals,,,0,0.00,,0,0
6063 BARE ALUMINUM EXTRUSION,ALUMINUM,NON_FERROUS,1904.3758,2418,191.7497,237,AL06063,2655,2655,0E-20,2025-12-31,2025-12-31,0,0,0,0,2096.1255,2655,0,0,0,0,2096.1255,2655,0.78950112994350282486,1904.3758,2418,0,0,0,0,191.7497,237,0,0,0,0,0,0,MILTON,Benton Metals,,,0.78950112994350282486,0.9474013559322033898320,,0,0
6063 PAINTED EXTRUSION,ALUMINUM,NON_FERROUS,650.7000,1146,0,0,AL06310,1146,1146,0E-20,2025-12-31,2025-12-31,0,0,0,0,650.7000,1146,0,0,0,0,650.7000,1146,0.56780104712041884817,650.7000,1146,0,0,0,0,0.0000,0,0,0,0,0,0,0,MILTON,Benton Metals,,,0.56780104712041884817,0.6813612565445026178040,,0,0
6063 PIPE,ALUMINUM,NON_FERROUS,301.5000,603,0,0,6063PIAL,603,603,0E-20,2025-12-31,2025-12-31,0,0,0,0,301.5000,603,0,0,0,0,301.5000,603,0.50000000000000000000,301.5000,603,0,0,0,0,0.0000,0,0,0,0,0,0,0,MILTON,Benton Metals,,,0.50000000000000000000,0.6000000000000000000000,,0,0
6105 TURNINGS,ALUMINUM,NON_FERROUS,0.0000,0,0,0,6105 turnings,0,0,0,2025-12-31,2025-12-31,0,0,0,0,0.0000,0,0,0,0,0,0.0000,0,0,0.0000,0,0,0,0,0,0,0,0,0,0,0,0,0,MILTON,Benton Metals,,,0,0.00,,0,0
7000 SERIES ALUMINUM,ALUMINUM,NON_FERROUS,0.0000,0,0,0,AL07000,0,0,0,2025-12-31,2025-12-31,0,0,0,0,0.0000,0,0,0,0,0,0.0000,0,0,0.0000,0,0,0,0,0,0,0,0,0,0,0,0,0,MILTON,Benton Metals,,,0,0.00,,0,0
7075 ALUMINUM,ALUMINUM,NON_FERROUS,436.2000,727,0,0,AL07075,727,727,0E-20,2025-12-31,2025-12-31,0,0,0,0,436.2000,727,0,0,0,0,436.2000,727,0.60000000000000000000,436.2000,727,0,0,0,0,0.0000,0,0,0,0,0,0,0,MILTON,Benton Metals,,,0.60000000000000000000,0.7200000000000000000000,,0,0
AA AUTO PARTS,STEEL,FERROUS,0.0000,0,0,0,AAAPRT,0,0,0,2025-12-31,2025-12-31,0,0,0,0,0.0000,0,0,0,0,0,0.0000,0,0,0.0000,0,0,0,0,0,0,0,0,0,0,0,0,0,MILTON,Benton Metals,,,0,0.00,,0,0
AC PUMPS,OTHER,Other,35.7614,449,0,0,ACPUM,449,449,0E-20,2025-12-31,2025-12-31,0,0,0,0,35.7614,449,0,0,0,0,35.7614,449,0.07964677060133630290,35.7614,449,0,0,0,0,0.0000,0,0,0,0,0,0,0,MILTON,Benton Metals,,,0.07964677060133630290,0.0955761247216035634800,,0,0
ACR AL/CU RADIATOR ENDS,ALUMINUM,NON_FERROUS,24.8041,210,0,0,ALCURAEND,210,210,0E-20,2025-12-31,2025-12-31,0,0,0,0,24.8041,210,0,0,0,0,24.8041,210,0.11811476190476190476,24.8041,210,0,0,0,0,0.0000,0,0,0,0,0,0,0,MILTON,Benton Metals,,,0.11811476190476190476,0.1417377142857142857120,,0,0
ACSR WIRE,ALUMINUM,NON_FERROUS,24.6629,119,98.2371,474,AL0ACSR,593,593,0E-20,2025-12-31,2025-12-31,0,0,0,0,122.9000,593,0,0,0,0,122.9000,593,0.20725126475548060708,24.6629,119,0,0,0,0,98.2371,474,0,0,0,0,0,0,MILTON,Benton Metals,,,0.20725126475548060708,0.2487015177065767284960,,0,0
AL 5086,ALUMINUM,NON_FERROUS,7.8568,70,0,0,5086,70,70,0E-20,2025-12-31,2025-12-31,0,0,0,0,7.8568,70,0,0,0,0,7.8568,70,0.11224000000000000000,7.8568,70,0,0,0,0,0,0,0,0,0,0,0,0,MILTON,Benton Metals,,,0.11224000000000000000,0.1346880000000000000000,,0,0
AL/CU RADIATORS - CLEAN,ALUMINUM,NON_FERROUS,193.1972,164,0,0,ALCURAD,164,164,0E-20,2025-12-31,2025-12-31,0,0,0,0,193.1972,164,0,0,0,0,193.1972,164,1.1780317073170732,193.1972,164,0,0,0,0,0.0000,0,0,0,0,0,0,0,MILTON,Benton Metals,,,1.1780317073170732,1.413638048780487840,,0,0
AL/CU RADIATORS - FE,ALUMINUM,NON_FERROUS,47.3000,43,127.7933,135,ALCURFE,178,178,0E-20,2025-12-31,2025-12-31,0,0,0,0,175.0933,178,0,0,0,0,175.0933,178,0.98367022471910112360,47.3000,43,0,0,0,0,127.7933,135,0,0,0,0,0,0,MILTON,Benton Metals,,,0.98367022471910112360,1.1804042696629213483200,,0,0
AL DUST,ALUMINUM,NON_FERROUS,0.0000,0,0,0,ALDUST,0,0,0,2025-12-31,2025-12-31,0,0,0,0,0.0000,0,0,0,0,0,0.0000,0,0,0.0000,0,0,0,0,0,0.0000,0,0,0,0,0,0,0,MILTON,Benton Metals,,,0,0.00,,0,0
AL TANKS,ALUMINUM,NON_FERROUS,0.0000,0,0,0,ALTANKS,0,0,0,2025-12-31,2025-12-31,0,0,0,0,0.0000,0,0,0,0,0,0.0000,0,0,0.0000,0,0,0,0,0,0.0000,0,0,0,0,0,0,0,MILTON,Benton Metals,,,0,0.00,,0,0
ALTERNATORS,COPPER TIER 3,NON_FERROUS,39.5467,283,0,0,CUALTER,283,283,0E-20,2025-12-31,2025-12-31,0,0,0,0,39.5467,283,0,0,0,0,39.5467,283,0.13974098939929328622,39.5467,283,0,0,0,0,0.0000,0,0,0,0,0,0,0,MILTON,Benton Metals,,,0.13974098939929328622,0.1676891872791519434640,,0,0
ALUM ARMATURE,ALUMINUM,NON_FERROUS,0.0000,0,0,0,ALUARM,0,0,0,2025-12-31,2025-12-31,0,0,0,0,0.0000,0,0,0,0,0,0.0000,0,0,0.0000,0,0,0,0,0,0.0000,0,0,0,0,0,0,0,MILTON,Benton Metals,,,0,0.00,,0,0
ALUM BX WIRE,COPPER TIER 2,NON_FERROUS,15.9057,101,0,0,ALBXWI,101,101,0E-20,2025-12-31,2025-12-31,0,0,0,0,15.9057,101,0,0,0,0,15.9057,101,0.15748217821782178218,15.9057,101,0,0,0,0,0.0000,0,0,0,0,0,0,0,MILTON,Benton Metals,,,0.15748217821782178218,0.1889786138613861386160,,0,0
ALUMINUM/BRONZE,ALUMINUM,NON_FERROUS,365.5000,157,0,0,ALBRZ,157,157,0E-20,2025-12-31,2025-12-31,0,0,0,0,365.5000,157,0,0,0,0,365.5000,157,2.3280254777070064,365.5000,157,0,0,0,0,0.0000,0,0,0,0,0,0,0,MILTON,Benton Metals,,,2.3280254777070064,2.793630573248407680,,0,0
ALUMINUM CANS,ALUMINUM,NON_FERROUS,48.8000,244,0,0,AL00UBC,244,244,0E-20,2025-12-31,2025-12-31,0,0,0,0,48.8000,244,0,0,0,0,48.8000,244,0.20000000000000000000,48.8000,244,0,0,0,0,0.0000,0,0,0,0,0,0,0,MILTON,Benton Metals,,,0.20000000000000000000,0.2400000000000000000000,,0,0
ALUMINUM DIE-CAST,ALUMINUM,NON_FERROUS,0.0000,0,0,0,ALDCAST,0,0,0,2025-12-31,2025-12-31,0,0,0,0,0.0000,0,0,0,0,0,0.0000,0,0,0.0000,0,0,0,0,0,0.0000,0,0,0,0,0,0,0,MILTON,Benton Metals,,,0,0.00,,0,0
ALUMINUM FOIL,ALUMINUM,NON_FERROUS,0.0600,1,0,0,ALFOIL,1,1,0E-20,2025-12-31,2025-12-31,0,0,0,0,0.0600,1,0,0,0,0,0.0600,1,0.06000000000000000000,0.0600,1,0,0,0,0,0,0,0,0,0,0,0,0,MILTON,Benton Metals,,,0.06000000000000000000,0.0720000000000000000000,,0,0
ALUMINUM LITHO,ALUMINUM,NON_FERROUS,0.0000,0,1798.2000,5994,ALLITHO,5994,5994,0E-20,2025-12-31,2025-12-31,0,0,0,0,1798.2000,5994,0,0,0,0,1798.2000,5994,0.30000000000000000000,0.0000,0,0,0,0,0,1798.2000,5994,0,0,0,0,0,0,MILTON,Benton Metals,,,0.30000000000000000000,0.3600000000000000000000,,0,0
ALUMINUM MLC,ALUMINUM,NON_FERROUS,1.8200,3,259.0414,427,ALUMLC,430,430,0E-20,2025-12-31,2025-12-31,0,0,0,0,260.8614,430,0,0,0,0,260.8614,430,0.60665441860465116279,1.8200,3,0,0,0,0,259.0414,427,0,0,0,0,0,0,MILTON,Benton Metals,,,0.60665441860465116279,0.7279853023255813953480,,0,0
ALUMINUM MOTOR BLOCKS WHOLE,ALUMINUM,NON_FERROUS,277.6800,2136,0,0,ALMOTOR,2136,2136,0E-20,2025-12-31,2025-12-31,0,0,0,0,277.6800,2136,0,0,0,0,277.6800,2136,0.13000000000000000000,277.6800,2136,0,0,0,0,0.0000,0,0,0,0,0,0,0,MILTON,Benton Metals,,,0.13000000000000000000,0.1560000000000000000000,,0,0
ALUMINUM NEW CAST,ALUMINUM,NON_FERROUS,38.1000,127,0,0,ALNCST,127,127,0E-20,2025-12-31,2025-12-31,0,0,0,0,38.1000,127,0,0,0,0,38.1000,127,0.30000000000000000000,38.1000,127,0,0,0,0,0,0,0,0,0,0,0,0,MILTON,Benton Metals,,,0.30000000000000000000,0.3600000000000000000000,,0,0
ALUMINUM OLD SHEET,ALUMINUM,NON_FERROUS,614.7763,2060,0,0,ALSHEET,2060,2060,0E-20,2025-12-31,2025-12-31,0,0,0,0,614.7763,2060,0,0,0,0,614.7763,2060,0.29843509708737864078,614.7763,2060,0,0,0,0,0.0000,0,0,0,0,0,0,0,MILTON,Benton Metals,,,0.29843509708737864078,0.3581221165048543689360,,0,0
Aluminum Painted MLC,ALUMINUM,NON_FERROUS,0.0000,0,0,0,PMLC,0,0,0,2025-12-31,2025-12-31,0,0,0,0,0.0000,0,0,0,0,0,0.0000,0,0,0.0000,0,0,0,0,0,0.0000,0,0,0,0,0,0,0,MILTON,Benton Metals,,,0,0.00,,0,0
ALUMINUM PAINTED SIDING,ALUMINUM,NON_FERROUS,232.4398,600,0,0,ALPAINT,600,600,0E-20,2025-12-31,2025-12-31,0,0,0,0,232.4398,600,0,0,0,0,232.4398,600,0.38739966666666666667,232.4398,600,0,0,0,0,0.0000,0,0,0,0,0,0,0,MILTON,Benton Metals,,,0.38739966666666666667,0.4648796000000000000040,,0,0
ALUMINUM RADIATORS - CLEAN,ALUMINUM,NON_FERROUS,193.3810,1112,0,0,AL0RADS,1112,1112,0E-20,2025-12-31,2025-12-31,0,0,0,0,193.3810,1112,0,0,0,0,193.3810,1112,0.17390377697841726619,193.3810,1112,0,0,0,0,0.0000,0,0,0,0,0,0,0,MILTON,Benton Metals,,,0.17390377697841726619,0.2086845323741007194280,,0,0
ALUMINUM RADIATORS - FE,ALUMINUM,NON_FERROUS,96.9958,719,0,0,AL0RDFE,719,719,0E-20,2025-12-31,2025-12-31,0,0,0,0,96.9958,719,0,0,0,0,96.9958,719,0.13490375521557719054,96.9958,719,0,0,0,0,0,0,0,0,0,0,0,0,MILTON,Benton Metals,,,0.13490375521557719054,0.1618845062586926286480,,0,0
ALUMINUM RIMS,ALUMINUM,NON_FERROUS,4815.7000,8342,0,0,ALWHEEL,8342,8342,0E-20,2025-12-31,2025-12-31,0,0,0,0,4815.7000,8342,0,0,0,0,4815.7000,8342,0.57728362502996883241,4815.7000,8342,0,0,0,0,0.0000,0,0,0,0,0,0,0,MILTON,Benton Metals,,,0.57728362502996883241,0.6927403500359625988920,,0,0
ALUMINUM SPILLS,ALUMINUM,NON_FERROUS,0.0000,0,0,0,ALSKMS,0,0,0,2025-12-31,2025-12-31,0,0,0,0,0.0000,0,0,0,0,0,0.0000,0,0,0.0000,0,0,0,0,0,0.0000,0,0,0,0,0,0,0,MILTON,Benton Metals,,,0,0.00,,0,0
ALUMINUM THERMAL EXT,ALUMINUM,NON_FERROUS,1146.5309,3351,148.6900,434,ALTHERMEX,3785,3785,0E-20,2025-12-31,2025-12-31,0,0,0,0,1295.2209,3785,0,0,0,0,1295.2209,3785,0.34219838837516512550,1146.5309,3351,0,0,0,0,148.6900,434,0,0,0,0,0,0,MILTON,Benton Metals,,,0.34219838837516512550,0.4106380660501981506000,,0,0
ALUM TRANSFORMERS,ALUMINUM,NON_FERROUS,0.9000,10,0,0,ALTRANSF,10,10,0E-20,2025-12-31,2025-12-31,0,0,0,0,0.9000,10,0,0,0,0,0.9000,10,0.09000000000000000000,0.9000,10,0,0,0,0,0.0000,0,0,0,0,0,0,0,MILTON,Benton Metals,,,0.09000000000000000000,0.1080000000000000000000,,0,0
AUTO BATTERIES,LEAD,NON_FERROUS,118.6765,1200,286.0869,3244,LEAUTOB,4444,4444,0E-20,2025-12-31,2025-12-31,0,0,0,0,404.7634,4444,0,0,0,0,404.7634,4444,0.09108087308730873087,118.6765,1200,0,0,0,0,286.0869,3244,0,0,0,0,0,0,MILTON,Benton Metals,,,0.09108087308730873087,0.1092970477047704770440,,0,0
AUTO BODY - COMPLETE,STEEL,FERROUS,2921.7600,39840,0,0,FE0DEAT,39840,39840,0E-24,2025-12-31,2025-12-31,0,0,0,0,2921.7600,39840,0,0,0,0,2921.7600,39840,0.07333734939759036145,2921.7600,39840,0,0,0,0,0,0,0,0,0,0,0,0,MILTON,Benton Metals,,,0.07333734939759036145,0.0880048192771084337400,,0,0
AUTO BODY - INCOMPLETE,STEEL,FERROUS,4076.7343,53720,0,0,FE0AUTO,53720,53720,0E-24,2025-12-31,2025-12-31,0,0,0,0,4076.7343,53720,0,0,0,0,4076.7343,53720,0.07588857594936708861,4076.7343,53720,0,0,0,0,0,0,0,0,0,0,0,0,MILTON,Benton Metals,,,0.07588857594936708861,0.0910662911392405063320,,0,0
AUTO CAST,STEEL,FERROUS,993.3975,8580,0,0,FEAUCST,8580,8580,0E-20,2025-12-31,2025-12-31,0,0,0,0,993.3975,8580,0,0,0,0,993.3975,8580,0.11578059440559440559,993.3975,8580,0,0,0,0,0.0000,0,0,0,0,0,0,0,MILTON,Benton Metals,,,0.11578059440559440559,0.1389367132867132867080,,0,0
BALLAST,COPPER TIER 3,NON_FERROUS,27.9377,455,0,0,CUBALST,455,455,0E-20,2025-12-31,2025-12-31,0,0,0,0,27.9377,455,0,0,0,0,27.9377,455,0.06140153846153846154,27.9377,455,0,0,0,0,0.0000,0,0,0,0,0,0,0,MILTON,Benton Metals,,,0.06140153846153846154,0.0736818461538461538480,,0,0
BARE BRIGHT COPPER,COPPER TIER 1,NON_FERROUS,3006.7817,1323,0,0,CUBB001,1323,1323,0E-20,2025-12-31,2025-12-31,0,0,0,0,3006.7817,1323,0,0,0,0,3006.7817,1323,2.2726996976568405,3006.7817,1323,0,0,0,0,0.0000,0,0,0,0,0,0,0,MILTON,Benton Metals,,,2.2726996976568405,2.727239637188208600,,0,0
BARRELS,OTHER,Other,773.9561,16332,0,0,BARRELS,16332,16332,0E-24,2025-12-31,2025-12-31,0,0,0,0,773.9561,16332,0,0,0,0,773.9561,16332,0.04738893583149644869,773.9561,16332,0,0,0,0,0,0,0,0,0,0,0,0,MILTON,Benton Metals,,,0.04738893583149644869,0.0568667229977957384280,,0,0
Beryllium Copper Solids,COPPER TIER 1,NON_FERROUS,0.0000,0,0,0,BrCuSds,0,0,0,2025-12-31,2025-12-31,0,0,0,0,0.0000,0,0,0,0,0,0.0000,0,0,0.0000,0,0,0,0,0,0.0000,0,0,0,0,0,0,0,MILTON,Benton Metals,,,0,0.00,,0,0
BERYLLIUM TURNINGS,COPPER TIER 1,NON_FERROUS,0.0000,0,0,0,BRYTRN,0,0,0,2025-12-31,2025-12-31,0,0,0,0,0.0000,0,0,0,0,0,0.0000,0,0,0.0000,0,0,0,0,0,0.0000,0,0,0,0,0,0,0,MILTON,Benton Metals,,,0,0.00,,0,0
BRASS AUTO RADIATORS - CLEAN,BRASS TIER 2,NON_FERROUS,408.2005,275,0,0,BRAUTOR,275,275,0E-20,2025-12-31,2025-12-31,0,0,0,0,408.2005,275,0,0,0,0,408.2005,275,1.4843654545454545,408.2005,275,0,0,0,0,0,0,0,0,0,0,0,0,MILTON,Benton Metals,,,1.4843654545454545,1.781238545454545400,,0,0
BRASS BALL MILL,BRASS TIER 2,NON_FERROUS,0.0000,0,0,0,BRBM,0,0,0,2025-12-31,2025-12-31,0,0,0,0,0.0000,0,0,0,0,0,0.0000,0,0,0.0000,0,0,0,0,0,0,0,0,0,0,0,0,0,MILTON,Benton Metals,,,0,0.00,,0,0
BRASS BREAKAGE,BRASS TIER 2,NON_FERROUS,0.0000,0,0,0,BRHVBRK,0,0,0,2025-12-31,2025-12-31,0,0,0,0,0.0000,0,0,0,0,0,0.0000,0,0,0.0000,0,0,0,0,0,0,0,0,0,0,0,0,0,MILTON,Benton Metals,,,0,0.00,,0,0
BRASS/COPPER MIX,COPPER TIER 1,NON_FERROUS,106.9657,113,0,0,BRCU,113,113,0E-20,2025-12-31,2025-12-31,0,0,0,0,106.9657,113,0,0,0,0,106.9657,113,0.94659911504424778761,106.9657,113,0,0,0,0,0,0,0,0,0,0,0,0,MILTON,Benton Metals,,,0.94659911504424778761,1.1359189380530973451320,,0,0
BRASS DROSS,BRASS TIER 2,NON_FERROUS,57.8286,558,161.8787,1562,BRDROSS,2120,2120,0E-20,2025-12-31,2025-12-31,0,0,0,0,219.7073,2120,0,0,0,0,219.7073,2120,0.10363551886792452830,57.8286,558,0,0,0,0,161.8787,1562,0,0,0,0,0,0,MILTON,Benton Metals,,,0.10363551886792452830,0.1243626226415094339600,,0,0
BRASS DUST,BRASS TIER 2,NON_FERROUS,0.0000,0,0,0,BRINDUST,0,0,0,2025-12-31,2025-12-31,0,0,0,0,0.0000,0,0,0,0,0,0.0000,0,0,0.0000,0,0,0,0,0,0.0000,0,0,0,0,0,0,0,MILTON,Benton Metals,,,0,0.00,,0,0
BRASS FINES - HGGF,BRASS TIER 2,NON_FERROUS,0.0000,0,0,0,BRFHGGF,0,0,0,2025-12-31,2025-12-31,0,0,0,0,0.0000,0,0,0,0,0,0.0000,0,0,0.0000,0,0,0,0,0,0.0000,0,0,0,0,0,0,0,MILTON,Benton Metals,,,0,0.00,,0,0
BRASS FINES - LGGF,BRASS TIER 2,NON_FERROUS,0.0000,0,0,0,BRFLLGGF,0,0,0,2025-12-31,2025-12-31,0,0,0,0,0.0000,0,0,0,0,0,0.0000,0,0,0.0000,0,0,0,0,0,0.0000,0,0,0,0,0,0,0,MILTON,Benton Metals,,,0,0.00,,0,0
BRASS FLASHINGS,BRASS TIER 2,NON_FERROUS,0.0000,0,0,0,BRFLASH,0,0,0,2025-12-31,2025-12-31,0,0,0,0,0.0000,0,0,0,0,0,0.0000,0,0,0.0000,0,0,0,0,0,0.0000,0,0,0,0,0,0,0,MILTON,Benton Metals,,,0,0.00,,0,0
BRASS FURNACE CUTTINGS,BRASS TIER 2,NON_FERROUS,0.0000,0,0,0,BRFC,0,0,0,2025-12-31,2025-12-31,0,0,0,0,0.0000,0,0,0,0,0,0.0000,0,0,0.0000,0,0,0,0,0,0,0,0,0,0,0,0,0,MILTON,Benton Metals,,,0,0.00,,0,0
BRASS SLAG,BRASS TIER 2,NON_FERROUS,0.0000,0,0,0,BRSLAG,0,0,0,2025-12-31,2025-12-31,0,0,0,0,0.0000,0,0,0,0,0,0.0000,0,0,0.0000,0,0,0,0,0,0,0,0,0,0,0,0,0,MILTON,Benton Metals,,,0,0.00,,0,0
BRASS SPILLS,BRASS TIER 2,NON_FERROUS,0.0000,0,0,0,BRSPL01,0,0,0,2025-12-31,2025-12-31,0,0,0,0,0.0000,0,0,0,0,0,0.0000,0,0,0.0000,0,0,0,0,0,0.0000,0,0,0,0,0,0,0,MILTON,Benton Metals,,,0,0.00,,0,0
BRASS TURNINGS,BRASS TIER 2,NON_FERROUS,0.0000,0,0,0,BRASTUR,0,0,0,2025-12-31,2025-12-31,0,0,0,0,0.0000,0,0,0,0,0,0.0000,0,0,0.0000,0,0,0,0,0,0.0000,0,0,0,0,0,0,0,MILTON,Benton Metals,,,0,0.00,,0,0
BROKERED TIN,OTHER,Other,0.0000,0,0,0,BRKERTIN,0,0,0,2025-12-31,2025-12-31,0,0,0,0,0.0000,0,0,0,0,0,0.0000,0,0,0.0000,0,0,0,0,0,0,0,0,0,0,0,0,0,MILTON,Benton Metals,,,0,0.00,,0,0
BRONZE TURNINGS,BRASS TIER 2,NON_FERROUS,0.0000,0,0,0,BRNZTRN,0,0,0,2025-12-31,2025-12-31,0,0,0,0,0.0000,0,0,0,0,0,0.0000,0,0,0.0000,0,0,0,0,0,0.0000,0,0,0,0,0,0,0,MILTON,Benton Metals,,,0,0.00,,0,0
BUSHELING,STEEL,FERROUS,5390.4328,46220,0,0,Indbush,46220,46220,0E-24,2025-12-31,2025-12-31,0,0,0,0,5390.4328,46220,0,0,0,0,5390.4328,46220,0.11662554738208567720,5390.4328,46220,0,0,0,0,0.0000,0,0,0,0,0,0,0,MILTON,Benton Metals,,,0.11662554738208567720,0.1399506568585028126400,,0,0
CARBIDE,STAINLESS STEEL TIER 2,NON_FERROUS,0.0000,0,0,0,NICARBD,0,0,0,2025-12-31,2025-12-31,0,0,0,0,0.0000,0,0,0,0,0,0.0000,0,0,0.0000,0,0,0,0,0,0.0000,0,0,0,0,0,0,0,MILTON,Benton Metals,,,0,0.00,,0,0
CARDBOARD,ZWASTE,WA,0.0000,1501,0,0,CB2,1501,1501,0E-20,2025-12-31,2025-12-31,0,0,0,0,0.0000,1501,0,0,0,0,0.0000,1501,0E-20,0.0000,1501,0,0,0,0,0,0,0,0,0,0,0,0,MILTON,Benton Metals,,,0E-20,0E-22,,0,0
Cast Aluminum - Transmissions,ALUMINUM,NON_FERROUS,220.5000,735,0,0,CATR,735,735,0E-20,2025-12-31,2025-12-31,0,0,0,0,220.5000,735,0,0,0,0,220.5000,735,0.30000000000000000000,220.5000,735,0,0,0,0,0,0,0,0,0,0,0,0,MILTON,Benton Metals,,,0.30000000000000000000,0.3600000000000000000000,,0,0
CATALYTIC CONVERTOR,OTHER,Other,5481.1445,649,0,0,PRCATAL,649,649,0E-20,2025-12-31,2025-12-31,0,0,0,0,5481.1445,649,0,0,0,0,5481.1445,649,8.4455231124807396,5481.1445,649,0,0,0,0,0,0,0,0,0,0,0,0,MILTON,Benton Metals,,,8.4455231124807396,10.134627734976887520,,0,0
CHROME RIMS,ALUMINUM,NON_FERROUS,423.2202,946,0,0,ALWHLCR,946,946,0E-20,2025-12-31,2025-12-31,0,0,0,0,423.2202,946,0,0,0,0,423.2202,946,0.44737864693446088795,423.2202,946,0,0,0,0,0.0000,0,0,0,0,0,0,0,MILTON,Benton Metals,,,0.44737864693446088795,0.5368543763213530655400,,0,0
CLEAN CAST ALUMINUM,ALUMINUM,NON_FERROUS,16.5000,55,0,0,CCAL,55,55,0E-20,2025-12-31,2025-12-31,0,0,0,0,16.5000,55,0,0,0,0,16.5000,55,0.30000000000000000000,16.5000,55,0,0,0,0,0,0,0,0,0,0,0,0,MILTON,Benton Metals,,,0.30000000000000000000,0.3600000000000000000000,,0,0
CLEAN LEAD,LEAD,NON_FERROUS,0.0000,0,0,0,LESTRIP,0,0,0,2025-12-31,2025-12-31,0,0,0,0,0.0000,0,0,0,0,0,0.0000,0,0,0.0000,0,0,0,0,0,0,0,0,0,0,0,0,0,MILTON,Benton Metals,,,0,0.00,,0,0
CLEAN SHEET,STEEL,FERROUS,752.4156,11934,0,0,CLSHST,11934,11934,0E-24,2025-12-31,2025-12-31,0,0,0,0,752.4156,11934,0,0,0,0,752.4156,11934,0.06304806435394670689,752.4156,11934,0,0,0,0,0.0000,0,0,0,0,0,0,0,MILTON,Benton Metals,,,0.06304806435394670689,0.0756576772247360482680,,0,0
CO/6 HIGH FE,OTHER,Other,0.0000,0,0,0,CO6FE,0,0,0,2025-12-31,2025-12-31,0,0,0,0,0.0000,0,0,0,0,0,0.0000,0,0,0.0000,0,0,0,0,0,0.0000,0,0,0,0,0,0,0,MILTON,Benton Metals,,,0,0.00,,0,0
COMMUNICATION WIRE,COPPER TIER 2,NON_FERROUS,414.8026,502,963.5370,1329,COMWIRECU,1831,1831,0E-20,2025-12-31,2025-12-31,0,0,0,0,1378.3396,1831,0,0,0,0,1378.3396,1831,0.75277968323320589842,414.8026,502,0,0,0,0,963.5370,1329,0,0,0,0,0,0,MILTON,Benton Metals,,,0.75277968323320589842,0.9033356198798470781040,,0,0
COPPER / AL TURNINGS MIX,ALUMINUM,NON_FERROUS,0.0000,0,0,0,CUALTRNMX,0,0,0,2025-12-31,2025-12-31,0,0,0,0,0.0000,0,0,0,0,0,0.0000,0,0,0.0000,0,0,0,0,0,0,0,0,0,0,0,0,0,MILTON,Benton Metals,,,0,0.00,,0,0
COPPER/ALUMINUM TRANSFORMERS,COPPER TIER 3,NON_FERROUS,74.3237,1042,0,0,CUALTRAN,1042,1042,0E-20,2025-12-31,2025-12-31,0,0,0,0,74.3237,1042,0,0,0,0,74.3237,1042,0.07132792706333973129,74.3237,1042,0,0,0,0,0.0000,0,0,0,0,0,0,0,MILTON,Benton Metals,,,0.07132792706333973129,0.0855935124760076775480,,0,0
COPPER REFINERY,COPPER TIER 1,NON_FERROUS,0.0000,0,0,0,CUREFIN,0,0,0,2025-12-31,2025-12-31,0,0,0,0,0.0000,0,0,0,0,0,0.0000,0,0,0.0000,0,0,0,0,0,0,0,0,0,0,0,0,0,MILTON,Benton Metals,,,0,0.00,,0,0
COPPER TRANSFORMERS,COPPER TIER 3,NON_FERROUS,14.8500,99,0,0,CU TRANS,99,99,0E-20,2025-12-31,2025-12-31,0,0,0,0,14.8500,99,0,0,0,0,14.8500,99,0.15000000000000000000,14.8500,99,0,0,0,0,0.0000,0,0,0,0,0,0,0,MILTON,Benton Metals,,,0.15000000000000000000,0.1800000000000000000000,,0,0
COPPER TURNINGS,COPPER TIER 1,NON_FERROUS,0.0000,0,0,0,INCU T,0,0,0,2025-12-31,2025-12-31,0,0,0,0,0.0000,0,0,0,0,0,0.0000,0,0,0.0000,0,0,0,0,0,0.0000,0,0,0,0,0,0,0,MILTON,Benton Metals,,,0,0.00,,0,0
CU BUSS BAR,COPPER TIER 1,NON_FERROUS,-2.0546,0,0,0,CUBSBR,0,0,0,2025-12-31,2025-12-31,0,0,0,0,-2.0546,0,0,0,0,0,-2.0546,0,0,-2.0546,0,0,0,0,0,0.0000,0,0,0,0,0,0,0,MILTON,Benton Metals,,,0,0.00,,0,0
Cu/Steel Mix,COPPER TIER 3,NON_FERROUS,0.0000,169,0,0,CuSt,169,169,0E-20,2025-12-31,2025-12-31,0,0,0,0,0.0000,169,0,0,0,0,0.0000,169,0E-20,0.0000,169,0,0,0,0,0,0,0,0,0,0,0,0,MILTON,Benton Metals,,,0E-20,0E-22,,0,0
Dirty Aluminum Rims,ALUMINUM,NON_FERROUS,221.6000,554,0,0,DALRS,554,554,0E-20,2025-12-31,2025-12-31,0,0,0,0,221.6000,554,0,0,0,0,221.6000,554,0.40000000000000000000,221.6000,554,0,0,0,0,0.0000,0,0,0,0,0,0,0,MILTON,Benton Metals,,,0.40000000000000000000,0.4800000000000000000000,,0,0
DIRTY BRASS,BRASS TIER 1,NON_FERROUS,98.3401,335,0,0,DRTYBRS,335,335,0E-20,2025-12-31,2025-12-31,0,0,0,0,98.3401,335,0,0,0,0,98.3401,335,0.29355253731343283582,98.3401,335,0,0,0,0,0.0000,0,0,0,0,0,0,0,MILTON,Benton Metals,,,0.29355253731343283582,0.3522630447761194029840,,0,0
Dirty Plumbers Brass,BRASS TIER 1,NON_FERROUS,0.0000,0,0,0,DPBr,0,0,0,2025-12-31,2025-12-31,0,0,0,0,0.0000,0,0,0,0,0,0.0000,0,0,0.0000,0,0,0,0,0,0,0,0,0,0,0,0,0,MILTON,Benton Metals,,,0,0.00,,0,0
Door Knobs,BRASS TIER 2,NON_FERROUS,0.0000,0,0,0,DRKBS,0,0,0,2025-12-31,2025-12-31,0,0,0,0,0.0000,0,0,0,0,0,0.0000,0,0,0.0000,0,0,0,0,0,0,0,0,0,0,0,0,0,MILTON,Benton Metals,,,0,0.00,,0,0
EDM CHOPS,BRASS TIER 2,NON_FERROUS,0.0000,0,0,0,BREDMC,0,0,0,2025-12-31,2025-12-31,0,0,0,0,0.0000,0,0,0,0,0,0.0000,0,0,0.0000,0,0,0,0,0,0.0000,0,0,0,0,0,0,0,MILTON,Benton Metals,,,0,0.00,,0,0
"EDM WIRE ",BRASS TIER 1,NON_FERROUS,1435.7176,759,0,0,EDMW,759,759,0E-20,2025-12-31,2025-12-31,0,0,0,0,1435.7176,759,0,0,0,0,1435.7176,759,1.8915910408432148,1435.7176,759,0,0,0,0,0.0000,0,0,0,0,0,0,0,MILTON,Benton Metals,,,1.8915910408432148,2.269909249011857760,,0,0
ELECTRICAL BRASS,BRASS TIER 2,NON_FERROUS,0.0000,0,0,0,ELECBR,0,0,0,2025-12-31,2025-12-31,0,0,0,0,0.0000,0,0,0,0,0,0.0000,0,0,0.0000,0,0,0,0,0,0.0000,0,0,0,0,0,0,0,MILTON,Benton Metals,,,0,0.00,,0,0
ELECTRIC MOTORS,COPPER TIER 3,NON_FERROUS,18.2559,200,0,0,CUMOTOR,200,200,0E-20,2025-12-31,2025-12-31,0,0,0,0,18.2559,200,0,0,0,0,18.2559,200,0.09127950000000000000,18.2559,200,0,0,0,0,0.0000,0,0,0,0,0,0,0,MILTON,Benton Metals,,,0.09127950000000000000,0.1095354000000000000000,,0,0
ELECTRIC MOTORS - FE,COPPER TIER 3,NON_FERROUS,55.6856,1362,0,0,CUMOD,1362,1362,0E-20,2025-12-31,2025-12-31,0,0,0,0,55.6856,1362,0,0,0,0,55.6856,1362,0.04088516886930983847,55.6856,1362,0,0,0,0,0.0000,0,0,0,0,0,0,0,MILTON,Benton Metals,,,0.04088516886930983847,0.0490622026431718061640,,0,0
ELECTRIC MOTORS - LARGE,COPPER TIER 3,NON_FERROUS,0.0000,0,0,0,CUELMOL,0,0,0,2025-12-31,2025-12-31,0,0,0,0,0.0000,0,0,0,0,0,0.0000,0,0,0.0000,0,0,0,0,0,0.0000,0,0,0,0,0,0,0,MILTON,Benton Metals,,,0,0.00,,0,0
FENCING,STEEL,FERROUS,85.4767,5140,0,0,FENST,5140,5140,0E-20,2025-12-31,2025-12-31,0,0,0,0,85.4767,5140,0,0,0,0,85.4767,5140,0.01662970817120622568,85.4767,5140,0,0,0,0,0.0000,0,0,0,0,0,0,0,MILTON,Benton Metals,,,0.01662970817120622568,0.0199556498054474708160,,0,0
FULL A/C UNIT,STEEL,FERROUS,15.7500,105,0,0,ACUT,105,105,0E-20,2025-12-31,2025-12-31,0,0,0,0,15.7500,105,0,0,0,0,15.7500,105,0.15000000000000000000,15.7500,105,0,0,0,0,0,0,0,0,0,0,0,0,MILTON,Benton Metals,,,0.15000000000000000000,0.1800000000000000000000,,0,0
GRAPHITE DUST,LEAD,NON_FERROUS,0.0000,0,0,0,Graphdst,0,0,0,2025-12-31,2025-12-31,0,0,0,0,0.0000,0,0,0,0,0,0.0000,0,0,0.0000,0,0,0,0,0,0.0000,0,0,0,0,0,0,0,MILTON,Benton Metals,,,0,0.00,,0,0
H-13 SOLIDS,STAINLESS STEEL TIER 2,NON_FERROUS,43.1192,1040,0,0,H13Solids,1040,1040,0E-20,2025-12-31,2025-12-31,0,0,0,0,43.1192,1040,0,0,0,0,43.1192,1040,0.04146076923076923077,43.1192,1040,0,0,0,0,0.0000,0,0,0,0,0,0,0,MILTON,Benton Metals,,,0.04146076923076923077,0.0497529230769230769240,,0,0
H-13 TURNINGS,STAINLESS STEEL TIER 2,NON_FERROUS,0.0000,0,0,0,TSH13TRN,0,0,0,2025-12-31,2025-12-31,0,0,0,0,0.0000,0,0,0,0,0,0.0000,0,0,0.0000,0,0,0,0,0,0.0000,0,0,0,0,0,0,0,MILTON,Benton Metals,,,0,0.00,,0,0
HEAVY MELT,STEEL,FERROUS,8224.1295,125610,90.6455,1392,INDHVYM,127002,127002,0E-24,2025-12-31,2025-12-31,0,0,0,0,8314.7750,127002,0,0,0,0,8314.7750,127002,0.06546963827341301712,8224.1295,125610,0,0,0,0,90.6455,1392,0,0,0,0,0,0,MILTON,Benton Metals,,,0.06546963827341301712,0.0785635659280956205440,,0,0
ICW HARNESS WIRE,COPPER TIER 2,NON_FERROUS,567.4292,601,0,0,ICWHARWIR,601,601,0E-20,2025-12-31,2025-12-31,0,0,0,0,567.4292,601,0,0,0,0,567.4292,601,0.94414176372712146423,567.4292,601,0,0,0,0,0.0000,0,0,0,0,0,0,0,MILTON,Benton Metals,,,0.94414176372712146423,1.1329701164725457570760,,0,0
INCONEL,STAINLESS STEEL TIER 2,NON_FERROUS,256.6500,151,0,0,NIINCON,151,151,0E-20,2025-12-31,2025-12-31,0,0,0,0,256.6500,151,0,0,0,0,256.6500,151,1.6996688741721854,256.6500,151,0,0,0,0,0.0000,0,0,0,0,0,0,0,MILTON,Benton Metals,,,1.6996688741721854,2.039602649006622480,,0,0
INCONEL TURNINGS,STAINLESS STEEL TIER 2,NON_FERROUS,82.5000,110,0,0,INCTR,110,110,0E-20,2025-12-31,2025-12-31,0,0,0,0,82.5000,110,0,0,0,0,82.5000,110,0.75000000000000000000,82.5000,110,0,0,0,0,0.0000,0,0,0,0,0,0,0,MILTON,Benton Metals,INCTR,INCTR,0.75000000000000000000,0.9000000000000000000000,,0,0
INSULATED EC WIRE,ALUMINUM,NON_FERROUS,194.6000,556,0,0,InsECW,556,556,0E-20,2025-12-31,2025-12-31,0,0,0,0,194.6000,556,0,0,0,0,194.6000,556,0.35000000000000000000,194.6000,556,0,0,0,0,0.0000,0,0,0,0,0,0,0,MILTON,Benton Metals,,,0.35000000000000000000,0.4200000000000000000000,,0,0
IRONY EXTRUSIONS,ALUMINUM,NON_FERROUS,225.1471,805,151.4387,540,AL063FE,1345,1345,0E-20,2025-12-31,2025-12-31,0,0,0,0,376.5858,1345,0,0,0,0,376.5858,1345,0.27998944237918215613,225.1471,805,0,0,0,0,151.4387,540,0,0,0,0,0,0,MILTON,Benton Metals,,,0.27998944237918215613,0.3359873308550185873560,,0,0
Irony Yellow Brass,BRASS TIER 1,NON_FERROUS,0.0000,0,0,0,IrYwBr,0,0,0,2025-12-31,2025-12-31,0,0,0,0,0.0000,0,0,0,0,0,0.0000,0,0,0.0000,0,0,0,0,0,0,0,0,0,0,0,0,0,MILTON,Benton Metals,,,0,0.00,,0,0
LAS,STEEL,FERROUS,0.0000,0,0,0,las,0,0,0,2025-12-31,2025-12-31,0,0,0,0,0.0000,0,0,0,0,0,0.0000,0,0,0.0000,0,0,0,0,0,0.0000,0,0,0,0,0,0,0,MILTON,Benton Metals,,,0,0.00,,0,0
LEAD PIPE,LEAD,NON_FERROUS,55.9000,559,0,0,LDPPE,559,559,0E-20,2025-12-31,2025-12-31,0,0,0,0,55.9000,559,0,0,0,0,55.9000,559,0.10000000000000000000,55.9000,559,0,0,0,0,0,0,0,0,0,0,0,0,MILTON,Benton Metals,,,0.10000000000000000000,0.1200000000000000000000,,0,0
LEAD SOLIDS,LEAD,NON_FERROUS,0.0000,0,0,0,LEADSOLD,0,0,0,2025-12-31,2025-12-31,0,0,0,0,0.0000,0,0,0,0,0,0.0000,0,0,0.0000,0,0,0,0,0,0.0000,0,0,0,0,0,0,0,MILTON,Benton Metals,,,0,0.00,,0,0
LOW GRADE FAUCET BRASS,BRASS TIER 1,NON_FERROUS,88.5357,455,0,0,BRFAUC,455,455,0E-20,2025-12-31,2025-12-31,0,0,0,0,88.5357,455,0,0,0,0,88.5357,455,0.19458395604395604396,88.5357,455,0,0,0,0,0.0000,0,0,0,0,0,0,0,MILTON,Benton Metals,,,0.19458395604395604396,0.2335007472527472527520,,0,0
MAGNESIUM,OTHER,Other,0.0000,0,0,0,MA00001,0,0,0,2025-12-31,2025-12-31,0,0,0,0,0.0000,0,0,0,0,0,0.0000,0,0,0.0000,0,0,0,0,0,0,0,0,0,0,0,0,0,MILTON,Benton Metals,,,0,0.00,,0,0
MAGNESIUM CASTINGS,OTHER,Other,0.0000,0,0,0,MAGCST,0,0,0,2025-12-31,2025-12-31,0,0,0,0,0.0000,0,0,0,0,0,0.0000,0,0,0.0000,0,0,0,0,0,0.0000,0,0,0,0,0,0,0,MILTON,Benton Metals,,,0,0.00,,0,0
MAGNESIUM TURNINGS,OTHER,Other,0.0000,0,286.1253,13870,MGNSMTRNS,13870,13870,0E-24,2025-12-31,2025-12-31,0,0,0,0,286.1253,13870,0,0,0,0,286.1253,13870,0.02062907714491708724,0.0000,0,0,0,0,0,286.1253,13870,0,0,0,0,0,0,MILTON,Benton Metals,,,0.02062907714491708724,0.0247548925739005046880,,0,0
MIXED ALUMINUM,ALUMINUM,NON_FERROUS,540.8000,1352,0,0,MXDAL,1352,1352,0E-20,2025-12-31,2025-12-31,0,0,0,0,540.8000,1352,0,0,0,0,540.8000,1352,0.40000000000000000000,540.8000,1352,0,0,0,0,0,0,0,0,0,0,0,0,MILTON,Benton Metals,,,0.40000000000000000000,0.4800000000000000000000,,0,0
MIXED BRASS ALUM SPILLS,ALUMINUM,NON_FERROUS,0.0000,0,0,0,MXBRAL,0,0,0,2025-12-31,2025-12-31,0,0,0,0,0.0000,0,0,0,0,0,0.0000,0,0,0.0000,0,0,0,0,0,0.0000,0,0,0,0,0,0,0,MILTON,Benton Metals,,,0,0.00,,0,0
MIXED STAINLESS STEEL,STAINLESS STEEL TIER 2,NON_FERROUS,0.0000,0,0,0,MIXSS,0,0,0,2025-12-31,2025-12-31,0,0,0,0,0.0000,0,0,0,0,0,0.0000,0,0,0.0000,0,0,0,0,0,0.0000,0,0,0,0,0,0,0,MILTON,Benton Metals,,,0,0.00,,0,0
MONEL TURNINGS,STAINLESS STEEL TIER 2,NON_FERROUS,0.0000,0,676.1278,441,MNT,441,441,0E-20,2025-12-31,2025-12-31,0,0,0,0,676.1278,441,0,0,0,0,676.1278,441,1.5331696145124717,0.0000,0,0,0,0,0,676.1278,441,0,0,0,0,0,0,MILTON,Benton Metals,,,1.5331696145124717,1.839803537414966040,,0,0
NICKEL,STAINLESS STEEL TIER 2,NON_FERROUS,0.0000,0,0,0,NI00001,0,0,0,2025-12-31,2025-12-31,0,0,0,0,0.0000,0,0,0,0,0,0.0000,0,0,0.0000,0,0,0,0,0,0.0000,0,0,0,0,0,0,0,MILTON,Benton Metals,,,0,0.00,,0,0
OILY FLASHINGS,ALUMINUM,NON_FERROUS,0.0000,0,0,0,OLYFLA,0,0,0,2025-12-31,2025-12-31,0,0,0,0,0.0000,0,0,0,0,0,0.0000,0,0,0.0000,0,0,0,0,0,0.0000,0,0,0,0,0,0,0,MILTON,Benton Metals,,,0,0.00,,0,0
OLD CAST AL,ALUMINUM,NON_FERROUS,0.0000,0,0,0,OLCAAL,0,0,0,2025-12-31,2025-12-31,0,0,0,0,0.0000,0,0,0,0,0,0.0000,0,0,0.0000,0,0,0,0,0,0.0000,0,0,0,0,0,0,0,MILTON,Benton Metals,,,0,0.00,,0,0
OVERSIZED MACHINERY,STEEL,FERROUS,389.6804,19040,0,0,OVSZMAC,19040,19040,0E-24,2025-12-31,2025-12-31,0,0,0,0,389.6804,19040,0,0,0,0,389.6804,19040,0.02046640756302521008,389.6804,19040,0,0,0,0,0,0,0,0,0,0,0,0,MILTON,Benton Metals,,,0.02046640756302521008,0.0245596890756302520960,,0,0
OXIDIZED EDM WIRE,BRASS TIER 1,NON_FERROUS,257.3625,154,1098.3879,599,OXEDMWR,753,753,0E-20,2025-12-31,2025-12-31,0,0,0,0,1355.7504,753,0,0,0,0,1355.7504,753,1.8004653386454183,257.3625,154,0,0,0,0,1098.3879,599,0,0,0,0,0,0,MILTON,Benton Metals,,,1.8004653386454183,2.160558406374501960,,0,0
PAINTED BUSH,STEEL,FERROUS,0.0000,0,0,0,PTDBUSH,0,0,0,2025-12-31,2025-12-31,0,0,0,0,0.0000,0,0,0,0,0,0.0000,0,0,0.0000,0,0,0,0,0,0,0,0,0,0,0,0,0,MILTON,Benton Metals,,,0,0.00,,0,0
PHOS BRONZE SOLIDS,BRASS TIER 2,NON_FERROUS,0.0000,0,0,0,BR0PHOS,0,0,0,2025-12-31,2025-12-31,0,0,0,0,0.0000,0,0,0,0,0,0.0000,0,0,0.0000,0,0,0,0,0,0.0000,0,0,0,0,0,0,0,MILTON,Benton Metals,,,0,0.00,,0,0
PLATE & STRUCTUAL,STEEL,FERROUS,2462.4000,40298,0,0,INDP&S,40298,40298,0E-24,2025-12-31,2025-12-31,0,0,0,0,2462.4000,40298,0,0,0,0,2462.4000,40298,0.06110476946746736811,2462.4000,40298,0,0,0,0,0.0000,0,0,0,0,0,0,0,MILTON,Benton Metals,,,0.06110476946746736811,0.0733257233609608417320,,0,0
PLUG ENDS,OTHER,Other,1.0000,25,0,0,ELPLUG,25,25,0E-20,2025-12-31,2025-12-31,0,0,0,0,1.0000,25,0,0,0,0,1.0000,25,0.04000000000000000000,1.0000,25,0,0,0,0,0.0000,0,0,0,0,0,0,0,MILTON,Benton Metals,,,0.04000000000000000000,0.0480000000000000000000,,0,0
"PREMIUM ELECTRIC MOTORS ",COPPER TIER 3,NON_FERROUS,0.0000,0,0,0,PRELMTR,0,0,0,2025-12-31,2025-12-31,0,0,0,0,0.0000,0,0,0,0,0,0.0000,0,0,0.0000,0,0,0,0,0,0.0000,0,0,0,0,0,0,0,MILTON,Benton Metals,,,0,0.00,,0,0
RANGE LEAD,LEAD,NON_FERROUS,0.0000,0,0,0,LERANGE,0,0,0,2025-12-31,2025-12-31,0,0,0,0,0.0000,0,0,0,0,0,0.0000,0,0,0.0000,0,0,0,0,0,0,0,0,0,0,0,0,0,MILTON,Benton Metals,,,0,0.00,,0,0
REBAR,STEEL,FERROUS,315.6271,5302,0,0,REBAR,5302,5302,0E-20,2025-12-31,2025-12-31,0,0,0,0,315.6271,5302,0,0,0,0,315.6271,5302,0.05952981893625047152,315.6271,5302,0,0,0,0,0.0000,0,0,0,0,0,0,0,MILTON,Benton Metals,,,0.05952981893625047152,0.0714357827235005658240,,0,0
RED BALL MILL,BRASS TIER 1,NON_FERROUS,0.0000,0,0,0,RDBM,0,0,0,2025-12-31,2025-12-31,0,0,0,0,0.0000,0,0,0,0,0,0.0000,0,0,0.0000,0,0,0,0,0,0.0000,0,0,0,0,0,0,0,MILTON,Benton Metals,,,0,0.00,,0,0
RED BRASS SOLIDS,BRASS TIER 1,NON_FERROUS,763.2000,288,0,0,BRREDSD,288,288,0E-20,2025-12-31,2025-12-31,0,0,0,0,763.2000,288,0,0,0,0,763.2000,288,2.6500000000000000,763.2000,288,0,0,0,0,0.0000,0,0,0,0,0,0,0,MILTON,Benton Metals,,,2.6500000000000000,3.180000000000000000,,0,0
RED BRASS TURNINGS,BRASS TIER 1,NON_FERROUS,0.0000,0,0,0,BR360BO,0,0,0,2025-12-31,2025-12-31,0,0,0,0,0.0000,0,0,0,0,0,0.0000,0,0,0.0000,0,0,0,0,0,0.0000,0,0,0,0,0,0,0,MILTON,Benton Metals,,,0,0.00,,0,0
SEALED UNITS,COPPER TIER 3,NON_FERROUS,217.7958,2764,0,0,CUSEALD,2764,2764,0E-20,2025-12-31,2025-12-31,0,0,0,0,217.7958,2764,0,0,0,0,217.7958,2764,0.07879732272069464544,217.7958,2764,0,0,0,0,0.0000,0,0,0,0,0,0,0,MILTON,Benton Metals,,,0.07879732272069464544,0.0945567872648335745280,,0,0
SEMI RED BRASS,BRASS TIER 1,NON_FERROUS,0.0000,0,0,0,SEMREBR,0,0,0,2025-12-31,2025-12-31,0,0,0,0,0.0000,0,0,0,0,0,0.0000,0,0,0.0000,0,0,0,0,0,0.0000,0,0,0,0,0,0,0,MILTON,Benton Metals,,,0,0.00,,0,0
SHEET IRON,STEEL,FERROUS,2367.7506,42860,0,0,SHIRST,42860,42860,0E-24,2025-12-31,2025-12-31,0,0,0,0,2367.7506,42860,0,0,0,0,2367.7506,42860,0.05524383107792813812,2367.7506,42860,0,0,0,0,0.0000,0,0,0,0,0,0,0,MILTON,Benton Metals,,,0.05524383107792813812,0.0662925972935137657440,,0,0
SILVER PLTD BUSS BAR,COPPER TIER 1,NON_FERROUS,0.0000,0,0,0,SVPBB,0,0,0,2025-12-31,2025-12-31,0,0,0,0,0.0000,0,0,0,0,0,0.0000,0,0,0.0000,0,0,0,0,0,0.0000,0,0,0,0,0,0,0,MILTON,Benton Metals,,,0,0.00,,0,0
"SKELATAL ",STEEL,FERROUS,0.0000,0,0,0,SKST,0,0,0,2025-12-31,2025-12-31,0,0,0,0,0.0000,0,0,0,0,0,0.0000,0,0,0.0000,0,0,0,0,0,0,0,0,0,0,0,0,0,MILTON,Benton Metals,,,0,0.00,,0,0
SOFT LEAD,LEAD,NON_FERROUS,59.0000,236,0,0,SOFLEA,236,236,0E-20,2025-12-31,2025-12-31,0,0,0,0,59.0000,236,0,0,0,0,59.0000,236,0.25000000000000000000,59.0000,236,0,0,0,0,0.0000,0,0,0,0,0,0,0,MILTON,Benton Metals,,,0.25000000000000000000,0.3000000000000000000000,,0,0
STAINLESS STEEL - FE,STAINLESS STEEL TIER 1,NON_FERROUS,515.3763,2897,0,0,NIMIXD,2897,2897,0E-20,2025-12-31,2025-12-31,0,0,0,0,515.3763,2897,0,0,0,0,515.3763,2897,0.17790000000000000000,515.3763,2897,0,0,0,0,0,0,0,0,0,0,0,0,MILTON,Benton Metals,,,0.17790000000000000000,0.2134800000000000000000,,0,0
STARTERS,COPPER TIER 3,NON_FERROUS,27.7368,285,0,0,CUSTART,285,285,0E-20,2025-12-31,2025-12-31,0,0,0,0,27.7368,285,0,0,0,0,27.7368,285,0.09732210526315789474,27.7368,285,0,0,0,0,0.0000,0,0,0,0,0,0,0,MILTON,Benton Metals,,,0.09732210526315789474,0.1167865263157894736880,,0,0
STEEL BANDING (fe),STEEL,FERROUS,0.0000,0,0,0,STBD,0,0,0,2025-12-31,2025-12-31,0,0,0,0,0.0000,0,0,0,0,0,0.0000,0,0,0.0000,0,0,0,0,0,0,0,0,0,0,0,0,0,MILTON,Benton Metals,,,0,0.00,,0,0
STEEL BX CABLE,STEEL,FERROUS,0.0000,0,0,0,STBXCAB,0,0,0,2025-12-31,2025-12-31,0,0,0,0,0.0000,0,0,0,0,0,0.0000,0,0,0.0000,0,0,0,0,0,0,0,0,0,0,0,0,0,MILTON,Benton Metals,,,0,0.00,,0,0
STEEL BX WIRE (fe),STEEL,FERROUS,171.4106,393,0,0,STBXW,393,393,0E-20,2025-12-31,2025-12-31,0,0,0,0,171.4106,393,0,0,0,0,171.4106,393,0.43615928753180661578,171.4106,393,0,0,0,0,0.0000,0,0,0,0,0,0,0,MILTON,Benton Metals,,,0.43615928753180661578,0.5233911450381679389360,,0,0
STEEL CASED BATTERIES,LEAD,NON_FERROUS,0.0000,0,212.3946,4189,LEFECAS,4189,4189,0E-20,2025-12-31,2025-12-31,0,0,0,0,212.3946,4189,0,0,0,0,212.3946,4189,0.05070293626163762234,0.0000,0,0,0,0,0,212.3946,4189,0,0,0,0,0,0,MILTON,Benton Metals,,,0.05070293626163762234,0.0608435235139651468080,,0,0
STEEL CASED COPPER TRANSFORMERS,COPPER TIER 3,NON_FERROUS,0.0000,0,0,0,STCSCOTRA,0,0,0,2025-12-31,2025-12-31,0,0,0,0,0.0000,0,0,0,0,0,0.0000,0,0,0.0000,0,0,0,0,0,0,0,0,0,0,0,0,0,MILTON,Benton Metals,,,0,0.00,,0,0
STEEL CLIPS,STEEL,FERROUS,0.0000,0,0,0,INDCLIPS,0,0,0,2025-12-31,2025-12-31,0,0,0,0,0.0000,0,0,0,0,0,0.0000,0,0,0.0000,0,0,0,0,0,0,0,0,0,0,0,0,0,MILTON,Benton Metals,,,0,0.00,,0,0
STEEL COIL,STEEL,FERROUS,36.5348,0,639.5635,11489,STLCOL,11489,11489,0E-24,2025-12-31,2025-12-31,0,0,0,0,676.0983,11489,0,0,0,0,676.0983,11489,0.05884744538253982070,36.5348,0,0,0,0,0,639.5635,11489,0,0,0,0,0,0,MILTON,Benton Metals,,,0.05884744538253982070,0.0706169344590477848400,,0,0
STEEL MOTOR BLOCKS,STEEL,FERROUS,1114.9429,7777,0,0,STMTRBLK,7777,7777,0E-20,2025-12-31,2025-12-31,0,0,0,0,1114.9429,7777,0,0,0,0,1114.9429,7777,0.14336413784235566414,1114.9429,7777,0,0,0,0,0.0000,0,0,0,0,0,0,0,MILTON,Benton Metals,,,0.14336413784235566414,0.1720369654108267969680,,0,0
STEEL WIRE,STEEL,FERROUS,0.0000,0,0,0,STWR,0,0,0,2025-12-31,2025-12-31,0,0,0,0,0.0000,0,0,0,0,0,0.0000,0,0,0.0000,0,0,0,0,0,0,0,0,0,0,0,0,0,MILTON,Benton Metals,,,0,0.00,,0,0
TAR BASED WIRE,COPPER TIER 2,NON_FERROUS,6.3386,105,0,0,TARBSWR,105,105,0E-20,2025-12-31,2025-12-31,0,0,0,0,6.3386,105,0,0,0,0,6.3386,105,0.06036761904761904762,6.3386,105,0,0,0,0,0.0000,0,0,0,0,0,0,0,MILTON,Benton Metals,,,0.06036761904761904762,0.0724411428571428571440,,0,0
Teck Cable,COPPER TIER 2,NON_FERROUS,0.0000,0,0,0,TCABLE,0,0,0,2025-12-31,2025-12-31,0,0,0,0,0.0000,0,0,0,0,0,0.0000,0,0,0.0000,0,0,0,0,0,0.0000,0,0,0,0,0,0,0,MILTON,Benton Metals,,,0,0.00,,0,0
TIN PLATED BUSBAR,COPPER TIER 1,NON_FERROUS,8.8500,5,0,0,TCUBSBR,5,5,0E-20,2025-12-31,2025-12-31,0,0,0,0,8.8500,5,0,0,0,0,8.8500,5,1.7700000000000000,8.8500,5,0,0,0,0,0.0000,0,0,0,0,0,0,0,MILTON,Benton Metals,,,1.7700000000000000,2.124000000000000000,,0,0
TIN PLTD COPPER WIRE,COPPER TIER 1,NON_FERROUS,46.0000,23,0,0,TNPDCWR,23,23,0E-20,2025-12-31,2025-12-31,0,0,0,0,46.0000,23,0,0,0,0,46.0000,23,2.0000000000000000,46.0000,23,0,0,0,0,0.0000,0,0,0,0,0,0,0,MILTON,Benton Metals,,,2.0000000000000000,2.400000000000000000,,0,0
TITANIUM SOLIDS,STAINLESS STEEL TIER 2,NON_FERROUS,45.0000,75,0,0,NITITAN,75,75,0E-20,2025-12-31,2025-12-31,0,0,0,0,45.0000,75,0,0,0,0,45.0000,75,0.60000000000000000000,45.0000,75,0,0,0,0,0,0,0,0,0,0,0,0,MILTON,Benton Metals,,,0.60000000000000000000,0.7200000000000000000000,,0,0
TITANIUM TURNINGS,STAINLESS STEEL TIER 2,NON_FERROUS,0.0000,0,158.2212,625,TTSS,625,625,0E-20,2025-12-31,2025-12-31,0,0,0,0,158.2212,625,0,0,0,0,158.2212,625,0.25315392000000000000,0.0000,0,0,0,0,0,158.2212,625,0,0,0,0,0,0,MILTON,Benton Metals,,,0.25315392000000000000,0.3037847040000000000000,,0,0
TOOL STEEL,STAINLESS STEEL TIER 2,NON_FERROUS,291.1700,100,0,0,NITOOLS,100,100,0E-20,2025-12-31,2025-12-31,0,0,0,0,291.1700,100,0,0,0,0,291.1700,100,2.9117000000000000,291.1700,100,0,0,0,0,0.0000,0,0,0,0,0,0,0,MILTON,Benton Metals,,,2.9117000000000000,3.494040000000000000,,0,0
"UNPREPARED P&S ",STEEL,FERROUS,1353.6146,28875,0,0,UNPREP,28875,28875,0E-24,2025-12-31,2025-12-31,0,0,0,0,1353.6146,28875,0,0,0,0,1353.6146,28875,0.04687842770562770563,1353.6146,28875,0,0,0,0,0.0000,0,0,0,0,0,0,0,MILTON,Benton Metals,,,0.04687842770562770563,0.0562541132467532467560,,0,0
WASTE,ZWASTE,WA,0.0000,2192,0,0,WASTE,2192,2192,0E-20,2025-12-31,2025-12-31,0,0,0,0,0.0000,2192,0,0,0,0,0.0000,2192,0E-20,0.0000,2192,0,0,0,0,0,0,0,0,0,0,0,0,MILTON,Benton Metals,,,0E-20,0E-22,,0,0
WHEEL WEIGHTS,LEAD,NON_FERROUS,68.6500,3416,0,0,LEWHEEL,3416,3416,0E-20,2025-12-31,2025-12-31,0,0,0,0,68.6500,3416,0,0,0,0,68.6500,3416,0.02009660421545667447,68.6500,3416,0,0,0,0,0,0,0,0,0,0,0,0,MILTON,Benton Metals,,,0.02009660421545667447,0.0241159250585480093640,,0,0
YELLOW BALL MILL,BRASS TIER 1,NON_FERROUS,0.0000,0,0,0,YELBM,0,0,0,2025-12-31,2025-12-31,0,0,0,0,0.0000,0,0,0,0,0,0.0000,0,0,0.0000,0,0,0,0,0,0.0000,0,0,0,0,0,0,0,MILTON,Benton Metals,,,0,0.00,,0,0
YELLOW BRASS SHELLS,BRASS TIER 1,NON_FERROUS,143.7755,84,0,0,BRSHEL,84,84,0E-20,2025-12-31,2025-12-31,0,0,0,0,143.7755,84,0,0,0,0,143.7755,84,1.7116130952380952,143.7755,84,0,0,0,0,0,0,0,0,0,0,0,0,MILTON,Benton Metals,,,1.7116130952380952,2.053935714285714240,,0,0
YELLOW BRASS SOLIDS,BRASS TIER 1,NON_FERROUS,52.7078,29,0,0,BRYELLO,29,29,0E-20,2025-12-31,2025-12-31,0,0,0,0,52.7078,29,0,0,0,0,52.7078,29,1.8175103448275862,52.7078,29,0,0,0,0,0.0000,0,0,0,0,0,0,0,MILTON,Benton Metals,,,1.8175103448275862,2.181012413793103440,,0,0
YELLOW BRASS TURNINGS,BRASS TIER 1,NON_FERROUS,0.0000,0,0,0,BRINDBT,0,0,0,2025-12-31,2025-12-31,0,0,0,0,0.0000,0,0,0,0,0,0.0000,0,0,0.0000,0,0,0,0,0,0.0000,0,0,0,0,0,0,0,MILTON,Benton Metals,,,0,0.00,,0,0
ZINC OXIDE,ZINC,NON_FERROUS,0.0000,0,0,0,ZNOX,0,0,0,2025-12-31,2025-12-31,0,0,0,0,0.0000,0,0,0,0,0,0.0000,0,0,0.0000,0,0,0,0,0,0.0000,0,0,0,0,0,0,0,MILTON,Benton Metals,,,0,0.00,,0,0
ZINC SOLIDS,ZINC,NON_FERROUS,70.1774,311,44.6476,198,ZI00001,509,509,0E-20,2025-12-31,2025-12-31,0,0,0,0,114.8250,509,0,0,0,0,114.8250,509,0.22558939096267190570,70.1774,311,0,0,0,0,44.6476,198,0,0,0,0,0,0,MILTON,Benton Metals,,,0.22558939096267190570,0.2707072691552062868400,,0,0
ZINC TURNINGS,ZINC,NON_FERROUS,21.9000,146,0,0,ZNTURN,146,146,0E-20,2025-12-31,2025-12-31,0,0,0,0,21.9000,146,0,0,0,0,21.9000,146,0.15000000000000000000,21.9000,146,0,0,0,0,0.0000,0,0,0,0,0,0,0,MILTON,Benton Metals,,,0.15000000000000000000,0.1800000000000000000000,,0,0
ZZ DO NOT USE - 3003 ALUMINUM,ALUMINUM,NON_FERROUS,801.6493,741,0,0,AL03003,741,741,0E-20,2025-12-31,2025-12-31,0,0,0,0,801.6493,741,0,0,0,0,801.6493,741,1.0818479082321188,801.6493,741,0,0,0,0,0.0000,0,0,0,0,0,0,0,MILTON,Benton Metals,,,1.0818479082321188,1.298217489878542560,,0,0
"ZZ DO NOT USE - 3003 ALUMINUM PAINTED  ",ALUMINUM,NON_FERROUS,0.0000,0,0,0,3003PTD,0,0,0,2025-12-31,2025-12-31,0,0,0,0,0.0000,0,0,0,0,0,0.0000,0,0,0.0000,0,0,0,0,0,0.0000,0,0,0,0,0,0,0,MILTON,Benton Metals,,,0,0.00,,0,0
ZZ DO NOT USE - 356 ALUMINUM CASTINGS,ALUMINUM,NON_FERROUS,0.0000,0,0,0,356ALCAST,0,0,0,2025-12-31,2025-12-31,0,0,0,0,0.0000,0,0,0,0,0,0.0000,0,0,0.0000,0,0,0,0,0,0.0000,0,0,0,0,0,0,0,MILTON,Benton Metals,,,0,0.00,,0,0
ZZ DO NOT USE - AL BARE EC WIRE,ALUMINUM,NON_FERROUS,78.9008,183,0,0,AL0BECW,183,183,0E-20,2025-12-31,2025-12-31,0,0,0,0,78.9008,183,0,0,0,0,78.9008,183,0.43115191256830601093,78.9008,183,0,0,0,0,0.0000,0,0,0,0,0,0,0,MILTON,Benton Metals,,,0.43115191256830601093,0.5173822950819672131160,,0,0
ZZ DO NOT USE - AL FURNACE BOTTOMS,ALUMINUM,NON_FERROUS,0.0000,0,0,0,ALMFURN,0,0,0,2025-12-31,2025-12-31,0,0,0,0,0.0000,0,0,0,0,0,0.0000,0,0,0.0000,0,0,0,0,0,0,0,0,0,0,0,0,0,MILTON,Benton Metals,,,0,0.00,,0,0
ZZ DO NOT USE ALUMINUM BREAKAGE,ALUMINUM,NON_FERROUS,1473.1168,13584,0,0,ALBRKG,13584,13584,0E-24,2025-12-31,2025-12-31,0,0,0,0,1473.1168,13584,0,0,0,0,1473.1168,13584,0.10844499411071849234,1473.1168,13584,0,0,0,0,0.0000,0,0,0,0,0,0,0,MILTON,Benton Metals,,,0.10844499411071849234,0.1301339929328621908080,,0,0
ZZ DO NOT USE - ALUMINUM DROSS,ALUMINUM,NON_FERROUS,3977.8528,28695,0,0,ALMDROSS,28695,28695,0E-24,2025-12-31,2025-12-31,0,0,0,0,3977.8528,28695,0,0,0,0,3977.8528,28695,0.13862529360515769298,3977.8528,28695,0,0,0,0,0,0,0,0,0,0,0,0,MILTON,Benton Metals,,,0.13862529360515769298,0.1663503523261892315760,,0,0
ZZ DO NOT USE - ALUMINUM TURNINGS,ALUMINUM,NON_FERROUS,7328.9505,35923,0,0,ALMTRNG,35923,35923,0E-24,2025-12-31,2025-12-31,0,0,0,0,7328.9505,35923,0,0,0,0,7328.9505,35923,0.20401833087437018066,7328.9505,35923,0,0,0,0,0.0000,0,0,0,0,0,0,0,MILTON,Benton Metals,,,0.20401833087437018066,0.2448219970492442167920,,0,0
ZZ - DO NOT USE BERYLLIUM COPPER,COPPER TIER 1,NON_FERROUS,0.0000,0,0,0,BERYCU,0,0,0,2025-12-31,2025-12-31,0,0,0,0,0.0000,0,0,0,0,0,0.0000,0,0,0.0000,0,0,0,0,0,0.0000,0,0,0,0,0,0,0,MILTON,Benton Metals,,,0,0.00,,0,0
ZZ DO NOT USE CAST ALUMINUM,ALUMINUM,NON_FERROUS,9.3000,31,0,0,AL0CAST,31,31,0E-20,2025-12-31,2025-12-31,0,0,0,0,9.3000,31,0,0,0,0,9.3000,31,0.30000000000000000000,9.3000,31,0,0,0,0,0.0000,0,0,0,0,0,0,0,MILTON,Benton Metals,,,0.30000000000000000000,0.3600000000000000000000,,0,0
ZZ DO NOT USE HELIAX,COPPER TIER 2,NON_FERROUS,0.0000,0,0,0,OPNEYHLXCU,0,0,0,2025-12-31,2025-12-31,0,0,0,0,0.0000,0,0,0,0,0,0.0000,0,0,0.0000,0,0,0,0,0,0.0000,0,0,0,0,0,0,0,MILTON,Benton Metals,,,0,0.00,,0,0
ZZ DO NOT USE - LEAD FINES (pb),LEAD,NON_FERROUS,0.0000,0,270.7272,22121,LDFNE,22121,22121,0E-24,2025-12-31,2025-12-31,0,0,0,0,270.7272,22121,0,0,0,0,270.7272,22121,0.01223847023190633335,0.0000,0,0,0,0,0,270.7272,22121,0,0,0,0,0,0,MILTON,Benton Metals,,,0.01223847023190633335,0.0146861642782876000200,,0,0
ZZ - DO NOT USE NEW CAST ALUMINUM,ALUMINUM,NON_FERROUS,0.0000,0,0,0,NWCSTAL,0,0,0,2025-12-31,2025-12-31,0,0,0,0,0.0000,0,0,0,0,0,0.0000,0,0,0.0000,0,0,0,0,0,0,0,0,0,0,0,0,0,MILTON,Benton Metals,,,0,0.00,,0,0
ZZ DO NOT USE - ROMEX,COPPER TIER 2,NON_FERROUS,-5.5928,7,1561.1297,882,ROMWIRE,889,889,0E-20,2025-12-31,2025-12-31,0,0,0,0,1555.5369,889,0,0,0,0,1555.5369,889,1.7497602924634421,-5.5928,7,0,0,0,0,1561.1297,882,0,0,0,0,0,0,MILTON,Benton Metals,,,1.7497602924634421,2.099712350956130520,,0,0
ZZ DO NOT USE STEEL TURNINGS,STEEL,FERROUS,6603.0977,219824,0,0,FETURN,219824,219824,0E-24,2025-12-31,2025-12-31,0,0,0,0,6603.0977,219824,0,0,0,0,6603.0977,219824,0.03003811094330009462,6603.0977,219824,0,0,0,0,0.0000,0,0,0,0,0,0,0,MILTON,Benton Metals,,,0.03003811094330009462,0.0360457331319601135440,,0,0
ZZ DO NOT USE - UNPREPARED HMS (uhms),STEEL,FERROUS,2597.3204,69367,0,0,UNHMS,69367,69367,0E-24,2025-12-31,2025-12-31,0,0,0,0,2597.3204,69367,0,0,0,0,2597.3204,69367,0.03744317038361180388,2597.3204,69367,0,0,0,0,0.0000,0,0,0,0,0,0,0,MILTON,Benton Metals,,,0.03744317038361180388,0.0449318044603341646560,,0,0
ZZZ DO NOT USE - ALUMINUM FLASHINGS - 319,ALUMINUM,NON_FERROUS,294.5000,1178,867.5860,3484,ALMFLASH,4662,4662,0E-20,2025-12-31,2025-12-31,0,0,0,0,1162.0860,4662,0,0,0,0,1162.0860,4662,0.24926769626769626770,294.5000,1178,0,0,0,0,867.5860,3484,0,0,0,0,0,0,MILTON,Benton Metals,,,0.24926769626769626770,0.2991212355212355212400,,0,0
